Workbook

Sheet Rohdaten
A1: Tag 1 Zuoz | B1: Course | G1: Manu | AJ1: Parli | BM1: Meiky | CP1: Pulfer | DS1: Andrea | EV1: Jens | FY1: Köbi | HB1: Lenz | IE1: Justine | JH1: Thömme
B2: Abschnitt | C2: Loch | D2: Loch kum | E2: Par | F2: Par kum | G2: Schläge | H2: Schläge kum | I2: Putts | J2: Putts kum | K2: GIR | L2: GIR kum | M2: Up/Down | N2: Up/Down kum | O2: Birdie | P2: Birdie kum | Q2: Pars | R2: Pars kum | S2: Bogeys | T2: Bogeys kum | U2: D.Bogey+ | V2: D.Bogey+ kum | W2: Chip in | X2: Chip in kum | Y2: 1 Put | Z2: 1 Put kum | AA2: 2 Put | AB2: 2 Put kum | AC2: 3+ Put | AD2: 3+ Put kum | AE2: Par3 Perf | AF2: Par4 Perf | AG2: Par5 Perf | AH2: Netto | AI2: Netto kum | AJ2: Schläge | AK2: Schläge kum | AL2: Putts | AM2: Putts kum | AN2: GIR | AO2: GIR kum | AP2: Up/Down | AQ2: Up/Down kum | AR2: Birdie | AS2: Birdie kum | AT2: Pars | AU2: Pars kum | AV2: Bogeys | AW2: Bogeys kum | AX2: D.Bogey+ | AY2: D.Bogey+ kum | AZ2: Chip in | BA2: Chip in kum | BB2: 1 Put | BC2: 1 Put kum | BD2: 2 Put | BE2: 2 Put kum | BF2: 3+ Put | BG2: 3+ Put kum | BH2: Par3 Perf | BI2: Par4 Perf | BJ2: Par5 Perf | BK2: Netto | BL2: Netto kum | BM2: Schläge | BN2: Schläge kum | BO2: Putts | BP2: Putts kum | BQ2: GIR | BR2: GIR kum | BS2: Up/Down | BT2: Up/Down kum | BU2: Birdie | BV2: Birdie kum | BW2: Pars | BX2: Pars kum | BY2: Bogeys | BZ2: Bogeys kum | CA2: D.Bogey+ | CB2: D.Bogey+ kum | CC2: Chip in | CD2: Chip in kum | CE2: 1 Put | CF2: 1 Put kum | CG2: 2 Put | CH2: 2 Put kum | CI2: 3+ Put | CJ2: 3+ Put kum | CK2: Par3 Perf | CL2: Par4 Perf | CM2: Par5 Perf | CN2: Netto | CO2: Netto kum | CP2: Schläge | CQ2: Schläge kum | CR2: Putts | CS2: Putts kum | CT2: GIR | CU2: GIR kum | CV2: Up/Down | CW2: Up/Down kum | CX2: Birdie | CY2: Birdie kum | CZ2: Pars | DA2: Pars kum | DB2: Bogeys | DC2: Bogeys kum | DD2: D.Bogey+ | DE2: D.Bogey+ kum | DF2: Chip in | DG2: Chip in kum | DH2: 1 Put | DI2: 1 Put kum | DJ2: 2 Put | DK2: 2 Put kum | DL2: 3+ Put | DM2: 3+ Put kum | DN2: Par3 Perf | DO2: Par4 Perf | DP2: Par5 Perf | DQ2: Netto | DR2: Netto kum | DS2: Schläge | DT2: Schläge kum | DU2: Putts | DV2: Putts kum | DW2: GIR | DX2: GIR kum | DY2: Up/Down | DZ2: Up/Down kum | EA2: Birdie | EB2: Birdie kum | EC2: Pars | ED2: Pars kum | EE2: Bogeys | EF2: Bogeys kum | EG2: D.Bogey+ | EH2: D.Bogey+ kum | EI2: Chip in | EJ2: Chip in kum | EK2: 1 Put | EL2: 1 Put kum | EM2: 2 Put | EN2: 2 Put kum | EO2: 3+ Put | EP2: 3+ Put kum | EQ2: Par3 Perf | ER2: Par4 Perf | ES2: Par5 Perf | ET2: Netto | EU2: Netto kum | EV2: Schläge | EW2: Schläge kum | EX2: Putts | EY2: Putts kum | EZ2: GIR | FA2: GIR kum | FB2: Up/Down | FC2: Up/Down kum | FD2: Birdie | FE2: Birdie kum | FF2: Pars | FG2: Pars kum | FH2: Bogeys | FI2: Bogeys kum | FJ2: D.Bogey+ | FK2: D.Bogey+ kum | FL2: Chip in | FM2: Chip in kum | FN2: 1 Put | FO2: 1 Put kum | FP2: 2 Put | FQ2: 2 Put kum | FR2: 3+ Put | FS2: 3+ Put kum | FT2: Par3 Perf | FU2: Par4 Perf | FV2: Par5 Perf | FW2: Netto | FX2: Netto kum | FY2: Schläge | FZ2: Schläge kum | GA2: Putts | GB2: Putts kum | GC2: GIR | GD2: GIR kum | GE2: Up/Down | GF2: Up/Down kum | GG2: Birdie | GH2: Birdie kum | GI2: Pars | GJ2: Pars kum | GK2: Bogeys | GL2: Bogeys kum | GM2: D.Bogey+ | GN2: D.Bogey+ kum | GO2: Chip in | GP2: Chip in kum | GQ2: 1 Put | GR2: 1 Put kum | GS2: 2 Put | GT2: 2 Put kum | GU2: 3+ Put | GV2: 3+ Put kum | GW2: Par3 Perf | GX2: Par4 Perf | GY2: Par5 Perf | GZ2: Netto | HA2: Netto kum | HB2: Schläge | HC2: Schläge kum | HD2: Putts | HE2: Putts kum | HF2: GIR | HG2: GIR kum | HH2: Up/Down | HI2: Up/Down kum | HJ2: Birdie | HK2: Birdie kum | HL2: Pars | HM2: Pars kum | HN2: Bogeys | HO2: Bogeys kum | HP2: D.Bogey+ | HQ2: D.Bogey+ kum | HR2: Chip in | HS2: Chip in kum | HT2: 1 Put | HU2: 1 Put kum | HV2: 2 Put | HW2: 2 Put kum | HX2: 3+ Put | HY2: 3+ Put kum | HZ2: Par3 Perf | IA2: Par4 Perf | IB2: Par5 Perf | IC2: Netto | ID2: Netto kum | IE2: Schläge | IF2: Schläge kum | IG2: Putts | IH2: Putts kum | II2: GIR | IJ2: GIR kum | IK2: Up/Down | IL2: Up/Down kum | IM2: Birdie | IN2: Birdie kum | IO2: Pars | IP2: Pars kum | IQ2: Bogeys | IR2: Bogeys kum | IS2: D.Bogey+ | IT2: D.Bogey+ kum | IU2: Chip in | IV2: Chip in kum | IW2: 1 Put | IX2: 1 Put kum | IY2: 2 Put | IZ2: 2 Put kum | JA2: 3+ Put | JB2: 3+ Put kum | JC2: Par3 Perf | JD2: Par4 Perf | JE2: Par5 Perf | JF2: Netto | JG2: Netto kum | JH2: Schläge | JI2: Schläge kum | JJ2: Putts | JK2: Putts kum | JL2: GIR | JM2: GIR kum | JN2: Up/Down | JO2: Up/Down kum | JP2: Birdie | JQ2: Birdie kum | JR2: Pars | JS2: Pars kum | JT2: Bogeys | JU2: Bogeys kum | JV2: D.Bogey+ | JW2: D.Bogey+ kum | JX2: Chip in | JY2: Chip in kum | JZ2: 1 Put | KA2: 1 Put kum | KB2: 2 Put | KC2: 2 Put kum | KD2: 3+ Put | KE2: 3+ Put kum | KF2: Par3 Perf | KG2: Par4 Perf | KH2: Par5 Perf | KI2: Netto | KJ2: Netto kum
B3: Front Nine | C3: 1 | D3: =C3 -> 1 | E3: 4 | F3: =E3 -> 4 | G3: 4 | H3: =G3 -> 4 | I3: 2 | J3: =I3 -> 2 | K3: =IF(G3-I3<=$E3-2,1,0) -> 1 | L3: =K3 -> 1 | M3: =IF(K3=0,IF(G3=$E3,1,0),0) -> 0 | N3: =M3 -> 0 | O3: =IF($E3-G3=1,1,0) -> 0 | P3: =O3 -> 0 | Q3: =IF(G3=$E3,1,0) -> 1 | R3: =Q3 -> 1 | S3: =IF(G3-$E3=1,1,0) -> 0 | T3: =S3 -> 0 | U3: =IF(G3-$E3>=2,1,0) -> 0 | V3: =U3 -> 0 | W3: =IF(I3=0,1,0) -> 0 | X3: =W3 -> 0 | Y3: =IF(I3=1,1,0) -> 0 | Z3: =Y3 -> 0 | AA3: =IF(I3=2,1,0) -> 1 | AB3: =AA3 -> 1 | AC3: =IF(I3>=3,1,0) -> 0 | AD3: =AC3 -> 0 | AF3: =IF($E3=4,G3-4,NA()) -> 0 | AH3: =G3-'Zusammenfassung Tag1-4'!$B$2/18 -> 2.8888889 | AI3: =AH3 -> 2.8888889 | AJ3: 4 | AK3: =AJ3 -> 4 | AL3: 2 | AM3: =AL3 -> 2 | AN3: =IF(AJ3-AL3<=$E3-2,1,0) -> 1 | AO3: =AN3 -> 1 | AP3: =IF(AN3=0,IF(AJ3=$E3,1,0),0) -> 0 | AQ3: =AP3 -> 0 | AR3: =IF($E3-AJ3=1,1,0) -> 0 | AS3: =AR3 -> 0 | AT3: =IF(AJ3=$E3,1,0) -> 1 | AU3: =AT3 -> 1 | AV3: =IF(AJ3-$E3=1,1,0) -> 0 | AW3: =AV3 -> 0 | AX3: =IF(AJ3-$E3>=2,1,0) -> 0 | AY3: =AX3 -> 0 | AZ3: =IF(AL3=0,1,0) -> 0 | BA3: =AZ3 -> 0 | BB3: =IF(AL3=1,1,0) -> 0 | BC3: =BB3 -> 0 | BD3: =IF(AL3=2,1,0) -> 1 | BE3: =BD3 -> 1 | BF3: =IF(AL3>=3,1,0) -> 0 | BG3: =BF3 -> 0 | BI3: =IF($E3=4,AJ3-4,NA()) -> 0 | BK3: =AJ3-'Zusammenfassung Tag1-4'!$C$2/18 -> 3.3333333 | BL3: =BK3 -> 3.3333333 | BM3: 4 | BN3: =BM3 -> 4 | BO3: 1 | BP3: =BO3 -> 1 | BQ3: =IF(BM3-BO3<=$E3-2,1,0) -> 0 | BR3: =BQ3 -> 0 | BS3: =IF(BQ3=0,IF(BM3=$E3,1,0),0) -> 1 | BT3: =BS3 -> 1 | BU3: =IF($E3-BM3=1,1,0) -> 0 | BV3: =BU3 -> 0 | BW3: =IF(BM3=$E3,1,0) -> 1 | BX3: =BW3 -> 1 | BY3: =IF(BM3-$E3=1,1,0) -> 0 | BZ3: =BY3 -> 0 | CA3: =IF(BM3-$E3>=2,1,0) -> 0 | CB3: =CA3 -> 0 | CC3: =IF(BO3=0,1,0) -> 0 | CD3: =CC3 -> 0 | CE3: =IF(BO3=1,1,0) -> 1 | CF3: =CE3 -> 1 | CG3: =IF(BO3=2,1,0) -> 0 | CH3: =CG3 -> 0 | CI3: =IF(BO3>=3,1,0) -> 0 | CJ3: =CI3 -> 0 | CL3: =IF($E3=4,BM3-4,NA()) -> 0 | CN3: =BM3-'Zusammenfassung Tag1-4'!$D$2/18 -> 2.6666667 | CO3: =CN3 -> 2.6666667 | CP3: 4 | CQ3: =CP3 -> 4 | CR3: 2 | CS3: =CR3 -> 2 | CT3: =IF(CP3-CR3<=$E3-2,1,0) -> 1 | CU3: =CT3 -> 1 | CV3: =IF(CT3=0,IF(CP3=$E3,1,0),0) -> 0 | CW3: =CV3 -> 0 | CX3: =IF($E3-CP3=1,1,0) -> 0 | CY3: =CX3 -> 0 | CZ3: =IF(CP3=$E3,1,0) -> 1 | DA3: =CZ3 -> 1 | DB3: =IF(CP3-$E3=1,1,0) -> 0 | DC3: =DB3 -> 0 | DD3: =IF(CP3-$E3>=2,1,0) -> 0 | DE3: =DD3 -> 0 | DF3: =IF(CR3=0,1,0) -> 0 | DG3: =DF3 -> 0 | DH3: =IF(CR3=1,1,0) -> 0 | DI3: =DH3 -> 0 | DJ3: =IF(CR3=2,1,0) -> 1 | DK3: =DJ3 -> 1 | DL3: =IF(CR3>=3,1,0) -> 0 | DM3: =DL3 -> 0 | DO3: =IF($E3=4,CP3-4,NA()) -> 0 | DQ3: =CP3-'Zusammenfassung Tag1-4'!$E$2/18 -> 2.7222222 | DR3: =DQ3 -> 2.7222222 | DS3: 7 | DT3: =DS3 -> 7 | DU3: 2 | DV3: =DU3 -> 2 | DW3: =IF(DS3-DU3<=$E3-2,1,0) -> 0 | DX3: =DW3 -> 0 | DY3: =IF(DW3=0,IF(DS3=$E3,1,0),0) -> 0 | DZ3: =DY3 -> 0 | EA3: =IF($E3-DS3=1,1,0) -> 0 | EB3: =EA3 -> 0 | EC3: =IF(DS3=$E3,1,0) -> 0 | ED3: =EC3 -> 0 | EE3: =IF(DS3-$E3=1,1,0) -> 0 | EF3: =EE3 -> 0 | EG3: =IF(DS3-$E3>=2,1,0) -> 1 | EH3: =EG3 -> 1 | EI3: =IF(DU3=0,1,0) -> 0 | EJ3: =EI3 -> 0 | EK3: =IF(DU3=1,1,0) -> 0 | EL3: =EK3 -> 0 | EM3: =IF(DU3=2,1,0) -> 1 | EN3: =EM3 -> 1 | EO3: =IF(DU3>=3,1,0) -> 0 | EP3: =EO3 -> 0 | ER3: =IF($E3=4,DS3-4,NA()) -> 3 | ET3: =DS3-'Zusammenfassung Tag1-4'!$F$2/18 -> 4 | EU3: =ET3 -> 4 | EV3: 4 | EW3: =EV3 -> 4 | EX3: 2 | EY3: =EX3 -> 2 | EZ3: =IF(EV3-EX3<=$E3-2,1,0) -> 1 | FA3: =EZ3 -> 1 | FB3: =IF(EZ3=0,IF(EV3=$E3,1,0),0) -> 0 | FC3: =FB3 -> 0 | FD3: =IF($E3-EV3=1,1,0) -> 0 | FE3: =FD3 -> 0 | FF3: =IF(EV3=$E3,1,0) -> 1 | FG3: =FF3 -> 1 | FH3: =IF(EV3-$E3=1,1,0) -> 0 | FI3: =FH3 -> 0 | FJ3: =IF(EV3-$E3>=2,1,0) -> 0 | FK3: =FJ3 -> 0 | FL3: =IF(EX3=0,1,0) -> 0 | FM3: =FL3 -> 0 | FN3: =IF(EX3=1,1,0) -> 0 | FO3: =FN3 -> 0 | FP3: =IF(EX3=2,1,0) -> 1 | FQ3: =FP3 -> 1 | FR3: =IF(EX3>=3,1,0) -> 0 | FS3: =FR3 -> 0 | FU3: =IF($E3=4,EV3-4,NA()) -> 0 | FW3: =EV3-'Zusammenfassung Tag1-4'!$G$2/18 -> 2.5 | FX3: =FW3 -> 2.5 | FY3: 5 | FZ3: =FY3 -> 5 | GA3: 3 | GB3: =GA3 -> 3 | GC3: =IF(FY3-GA3<=$E3-2,1,0) -> 1 | GD3: =GC3 -> 1 | GE3: =IF(GC3=0,IF(FY3=$E3,1,0),0) -> 0 | GF3: =GE3 -> 0 | GG3: =IF($E3-FY3=1,1,0) -> 0 | GH3: =GG3 -> 0 | GI3: =IF(FY3=$E3,1,0) -> 0 | GJ3: =GI3 -> 0 | GK3: =IF(FY3-$E3=1,1,0) -> 1 | GL3: =GK3 -> 1 | GM3: =IF(FY3-$E3>=2,1,0) -> 0 | GN3: =GM3 -> 0 | GO3: =IF(GA3=0,1,0) -> 0 | GP3: =GO3 -> 0 | GQ3: =IF(GA3=1,1,0) -> 0 | GR3: =GQ3 -> 0 | GS3: =IF(GA3=2,1,0) -> 0 | GT3: =GS3 -> 0 | GU3: =IF(GA3>=3,1,0) -> 1 | GV3: =GU3 -> 1 | GX3: =IF($E3=4,FY3-4,NA()) -> 1 | GZ3: =FY3-'Zusammenfassung Tag1-4'!$H$2/18 -> 2 | HA3: =GZ3 -> 2 | HB3: 5 | HC3: =HB3 -> 5 | HD3: 3 | HE3: =HD3 -> 3 | HF3: =IF(HB3-HD3<=$E3-2,1,0) -> 1 | HG3: =HF3 -> 1 | HH3: =IF(HF3=0,IF(HB3=$E3,1,0),0) -> 0 | HI3: =HH3 -> 0 | HJ3: =IF($E3-HB3=1,1,0) -> 0 | HK3: =HJ3 -> 0 | HL3: =IF(HB3=$E3,1,0) -> 0 | HM3: =HL3 -> 0 | HN3: =IF(HB3-$E3=1,1,0) -> 1 | HO3: =HN3 -> 1 | HP3: =IF(HB3-$E3>=2,1,0) -> 0 | HQ3: =HP3 -> 0 | HR3: =IF(HD3=0,1,0) -> 0 | HS3: =HR3 -> 0 | HT3: =IF(HD3=1,1,0) -> 0 | HU3: =HT3 -> 0 | HV3: =IF(HD3=2,1,0) -> 0 | HW3: =HV3 -> 0 | HX3: =IF(HD3>=3,1,0) -> 1 | HY3: =HX3 -> 1 | IA3: =IF($E3=4,HB3-4,NA()) -> 1 | IC3: =HB3-'Zusammenfassung Tag1-4'!$I$2/18 -> 4 | ID3: =IC3 -> 4 | IF3: =IE3 -> 0 | IH3: =IG3 -> 0 | II3: =IF(IE3-IG3<=$E3-2,1,0) -> 1 | IJ3: =II3 -> 1 | IK3: =IF(II3=0,IF(IE3=$E3,1,0),0) -> 0 | IL3: =IK3 -> 0 | IM3: =IF($E3-IE3=1,1,0) -> 0 | IN3: =IM3 -> 0 | IO3: =IF(IE3=$E3,1,0) -> 0 | IP3: =IO3 -> 0 | IQ3: =IF(IE3-$E3=1,1,0) -> 0 | IR3: =IQ3 -> 0 | IS3: =IF(IE3-$E3>=2,1,0) -> 0 | IT3: =IS3 -> 0 | IU3: =IF(IG3=0,1,0) -> 1 | IV3: =IU3 -> 1 | IW3: =IF(IG3=1,1,0) -> 0 | IX3: =IW3 -> 0 | IY3: =IF(IG3=2,1,0) -> 0 | IZ3: =IY3 -> 0 | JA3: =IF(IG3>=3,1,0) -> 0 | JB3: =JA3 -> 0 | JD3: =IF($E3=4,IE3-4,NA()) -> -4 | JF3: =IE3-'Zusammenfassung Tag1-4'!$J$2/18 -> -3 | JG3: =JF3 -> -3 | JI3: =JH3 -> 0 | JK3: =JJ3 -> 0 | JL3: =IF(JH3-JJ3<=$E3-2,1,0) -> 1 | JM3: =JL3 -> 1 | JN3: =IF(JL3=0,IF(JH3=$E3,1,0),0) -> 0 | JO3: =JN3 -> 0 | JP3: =IF($E3-JH3=1,1,0) -> 0 | JQ3: =JP3 -> 0 | JR3: =IF(JH3=$E3,1,0) -> 0 | JS3: =JR3 -> 0 | JT3: =IF(JH3-$E3=1,1,0) -> 0 | JU3: =JT3 -> 0 | JV3: =IF(JH3-$E3>=2,1,0) -> 0 | JW3: =JV3 -> 0 | JX3: =IF(JJ3=0,1,0) -> 1 | JY3: =JX3 -> 1 | JZ3: =IF(JJ3=1,1,0) -> 0 | KA3: =JZ3 -> 0 | KB3: =IF(JJ3=2,1,0) -> 0 | KC3: =KB3 -> 0 | KD3: =IF(JJ3>=3,1,0) -> 0 | KE3: =KD3 -> 0 | KG3: =IF($E3=4,JH3-4,NA()) -> -4 | KI3: =JH3-'Zusammenfassung Tag1-4'!$K$2/18 -> -0.77777778 | KJ3: =KI3 -> -0.77777778
C4: 2 | D4: =D3+1 -> 2 | E4: 5 | F4: =E4+F3 -> 9 | G4: 5 | H4: =G4+H3 -> 9 | I4: 2 | J4: =I4+J3 -> 4 | K4: =IF(G4-I4<=$E4-2,1,0) -> 1 | L4: =K4+L3 -> 2 | M4: =IF(K4=0,IF(G4=$E4,1,0),0) -> 0 | N4: =M4+N3 -> 0 | O4: =IF($E4-G4=1,1,0) -> 0 | P4: =O4+P3 -> 0 | Q4: =IF(G4=$E4,1,0) -> 1 | R4: =Q4+R3 -> 2 | S4: =IF(G4-$E4=1,1,0) -> 0 | T4: =S4+T3 -> 0 | U4: =IF(G4-$E4>=2,1,0) -> 0 | V4: =U4+V3 -> 0 | W4: =IF(I4=0,1,0) -> 0 | X4: =W4+X3 -> 0 | Y4: =IF(I4=1,1,0) -> 0 | Z4: =Y4+Z3 -> 0 | AA4: =IF(I4=2,1,0) -> 1 | AB4: =AA4+AB3 -> 2 | AC4: =IF(I4>=3,1,0) -> 0 | AD4: =AC4+AD3 -> 0 | AG4: =IF($E4=5,G4-5,NA()) -> 0 | AH4: =G4-'Zusammenfassung Tag1-4'!$B$2/18 -> 3.8888889 | AI4: =AH4+AI3 -> 6.7777778 | AJ4: 5 | AK4: =AJ4+AK3 -> 9 | AL4: 2 | AM4: =AL4+AM3 -> 4 | AN4: =IF(AJ4-AL4<=$E4-2,1,0) -> 1 | AO4: =AN4+AO3 -> 2 | AP4: =IF(AN4=0,IF(AJ4=$E4,1,0),0) -> 0 | AQ4: =AP4+AQ3 -> 0 | AR4: =IF($E4-AJ4=1,1,0) -> 0 | AS4: =AR4+AS3 -> 0 | AT4: =IF(AJ4=$E4,1,0) -> 1 | AU4: =AT4+AU3 -> 2 | AV4: =IF(AJ4-$E4=1,1,0) -> 0 | AW4: =AV4+AW3 -> 0 | AX4: =IF(AJ4-$E4>=2,1,0) -> 0 | AY4: =AX4+AY3 -> 0 | AZ4: =IF(AL4=0,1,0) -> 0 | BA4: =AZ4+BA3 -> 0 | BB4: =IF(AL4=1,1,0) -> 0 | BC4: =BB4+BC3 -> 0 | BD4: =IF(AL4=2,1,0) -> 1 | BE4: =BD4+BE3 -> 2 | BF4: =IF(AL4>=3,1,0) -> 0 | BG4: =BF4+BG3 -> 0 | BJ4: =IF($E4=5,AJ4-5,NA()) -> 0 | BK4: =AJ4-'Zusammenfassung Tag1-4'!$C$2/18 -> 4.3333333 | BL4: =BK4+BL3 -> 7.6666667 | BM4: 8 | BN4: =BM4+BN3 -> 12 | BO4: 3 | BP4: =BO4+BP3 -> 4 | BQ4: =IF(BM4-BO4<=$E4-2,1,0) -> 0 | BR4: =BQ4+BR3 -> 0 | BS4: =IF(BQ4=0,IF(BM4=$E4,1,0),0) -> 0 | BT4: =BS4+BT3 -> 1 | BU4: =IF($E4-BM4=1,1,0) -> 0 | BV4: =BU4+BV3 -> 0 | BW4: =IF(BM4=$E4,1,0) -> 0 | BX4: =BW4+BX3 -> 1 | BY4: =IF(BM4-$E4=1,1,0) -> 0 | BZ4: =BY4+BZ3 -> 0 | CA4: =IF(BM4-$E4>=2,1,0) -> 1 | CB4: =CA4+CB3 -> 1 | CC4: =IF(BO4=0,1,0) -> 0 | CD4: =CC4+CD3 -> 0 | CE4: =IF(BO4=1,1,0) -> 0 | CF4: =CE4+CF3 -> 1 | CG4: =IF(BO4=2,1,0) -> 0 | CH4: =CG4+CH3 -> 0 | CI4: =IF(BO4>=3,1,0) -> 1 | CJ4: =CI4+CJ3 -> 1 | CM4: =IF($E4=5,BM4-5,NA()) -> 3 | CN4: =BM4-'Zusammenfassung Tag1-4'!$D$2/18 -> 6.6666667 | CO4: =CN4+CO3 -> 9.3333333 | CP4: 7 | CQ4: =CP4+CQ3 -> 11 | CR4: 2 | CS4: =CR4+CS3 -> 4 | CT4: =IF(CP4-CR4<=$E4-2,1,0) -> 0 | CU4: =CT4+CU3 -> 1 | CV4: =IF(CT4=0,IF(CP4=$E4,1,0),0) -> 0 | CW4: =CV4+CW3 -> 0 | CX4: =IF($E4-CP4=1,1,0) -> 0 | CY4: =CX4+CY3 -> 0 | CZ4: =IF(CP4=$E4,1,0) -> 0 | DA4: =CZ4+DA3 -> 1 | DB4: =IF(CP4-$E4=1,1,0) -> 0 | DC4: =DB4+DC3 -> 0 | DD4: =IF(CP4-$E4>=2,1,0) -> 1 | DE4: =DD4+DE3 -> 1 | DF4: =IF(CR4=0,1,0) -> 0 | DG4: =DF4+DG3 -> 0 | DH4: =IF(CR4=1,1,0) -> 0 | DI4: =DH4+DI3 -> 0 | DJ4: =IF(CR4=2,1,0) -> 1 | DK4: =DJ4+DK3 -> 2 | DL4: =IF(CR4>=3,1,0) -> 0 | DM4: =DL4+DM3 -> 0 | DP4: =IF($E4=5,CP4-5,NA()) -> 2 | DQ4: =CP4-'Zusammenfassung Tag1-4'!$E$2/18 -> 5.7222222 | DR4: =DQ4+DR3 -> 8.4444444 | DS4: 10 | DT4: =DS4+DT3 -> 17 | DU4: 2 | DV4: =DU4+DV3 -> 4 | DW4: =IF(DS4-DU4<=$E4-2,1,0) -> 0 | DX4: =DW4+DX3 -> 0 | DY4: =IF(DW4=0,IF(DS4=$E4,1,0),0) -> 0 | DZ4: =DY4+DZ3 -> 0 | EA4: =IF($E4-DS4=1,1,0) -> 0 | EB4: =EA4+EB3 -> 0 | EC4: =IF(DS4=$E4,1,0) -> 0 | ED4: =EC4+ED3 -> 0 | EE4: =IF(DS4-$E4=1,1,0) -> 0 | EF4: =EE4+EF3 -> 0 | EG4: =IF(DS4-$E4>=2,1,0) -> 1 | EH4: =EG4+EH3 -> 2 | EI4: =IF(DU4=0,1,0) -> 0 | EJ4: =EI4+EJ3 -> 0 | EK4: =IF(DU4=1,1,0) -> 0 | EL4: =EK4+EL3 -> 0 | EM4: =IF(DU4=2,1,0) -> 1 | EN4: =EM4+EN3 -> 2 | EO4: =IF(DU4>=3,1,0) -> 0 | EP4: =EO4+EP3 -> 0 | ES4: =IF($E4=5,DS4-5,NA()) -> 5 | ET4: =DS4-'Zusammenfassung Tag1-4'!$F$2/18 -> 7 | EU4: =ET4+EU3 -> 11 | EV4: 6 | EW4: =EV4+EW3 -> 10 | EX4: 3 | EY4: =EX4+EY3 -> 5 | EZ4: =IF(EV4-EX4<=$E4-2,1,0) -> 1 | FA4: =EZ4+FA3 -> 2 | FB4: =IF(EZ4=0,IF(EV4=$E4,1,0),0) -> 0 | FC4: =FB4+FC3 -> 0 | FD4: =IF($E4-EV4=1,1,0) -> 0 | FE4: =FD4+FE3 -> 0 | FF4: =IF(EV4=$E4,1,0) -> 0 | FG4: =FF4+FG3 -> 1 | FH4: =IF(EV4-$E4=1,1,0) -> 1 | FI4: =FH4+FI3 -> 1 | FJ4: =IF(EV4-$E4>=2,1,0) -> 0 | FK4: =FJ4+FK3 -> 0 | FL4: =IF(EX4=0,1,0) -> 0 | FM4: =FL4+FM3 -> 0 | FN4: =IF(EX4=1,1,0) -> 0 | FO4: =FN4+FO3 -> 0 | FP4: =IF(EX4=2,1,0) -> 0 | FQ4: =FP4+FQ3 -> 1 | FR4: =IF(EX4>=3,1,0) -> 1 | FS4: =FR4+FS3 -> 1 | FV4: =IF($E4=5,EV4-5,NA()) -> 1 | FW4: =EV4-'Zusammenfassung Tag1-4'!$G$2/18 -> 4.5 | FX4: =FW4+FX3 -> 7 | FY4: 8 | FZ4: =FY4+FZ3 -> 13 | GA4: 3 | GB4: =GA4+GB3 -> 6 | GC4: =IF(FY4-GA4<=$E4-2,1,0) -> 0 | GD4: =GC4+GD3 -> 1 | GE4: =IF(GC4=0,IF(FY4=$E4,1,0),0) -> 0 | GF4: =GE4+GF3 -> 0 | GG4: =IF($E4-FY4=1,1,0) -> 0 | GH4: =GG4+GH3 -> 0 | GI4: =IF(FY4=$E4,1,0) -> 0 | GJ4: =GI4+GJ3 -> 0 | GK4: =IF(FY4-$E4=1,1,0) -> 0 | GL4: =GK4+GL3 -> 1 | GM4: =IF(FY4-$E4>=2,1,0) -> 1 | GN4: =GM4+GN3 -> 1 | GO4: =IF(GA4=0,1,0) -> 0 | GP4: =GO4+GP3 -> 0 | GQ4: =IF(GA4=1,1,0) -> 0 | GR4: =GQ4+GR3 -> 0 | GS4: =IF(GA4=2,1,0) -> 0 | GT4: =GS4+GT3 -> 0 | GU4: =IF(GA4>=3,1,0) -> 1 | GV4: =GU4+GV3 -> 2 | GY4: =IF($E4=5,FY4-5,NA()) -> 3 | GZ4: =FY4-'Zusammenfassung Tag1-4'!$H$2/18 -> 5 | HA4: =GZ4+HA3 -> 7 | HB4: 5 | HC4: =HB4+HC3 -> 10 | HD4: 1 | HE4: =HD4+HE3 -> 4 | HF4: =IF(HB4-HD4<=$E4-2,1,0) -> 0 | HG4: =HF4+HG3 -> 1 | HH4: =IF(HF4=0,IF(HB4=$E4,1,0),0) -> 1 | HI4: =HH4+HI3 -> 1 | HJ4: =IF($E4-HB4=1,1,0) -> 0 | HK4: =HJ4+HK3 -> 0 | HL4: =IF(HB4=$E4,1,0) -> 1 | HM4: =HL4+HM3 -> 1 | HN4: =IF(HB4-$E4=1,1,0) -> 0 | HO4: =HN4+HO3 -> 1 | HP4: =IF(HB4-$E4>=2,1,0) -> 0 | HQ4: =HP4+HQ3 -> 0 | HR4: =IF(HD4=0,1,0) -> 0 | HS4: =HR4+HS3 -> 0 | HT4: =IF(HD4=1,1,0) -> 1 | HU4: =HT4+HU3 -> 1 | HV4: =IF(HD4=2,1,0) -> 0 | HW4: =HV4+HW3 -> 0 | HX4: =IF(HD4>=3,1,0) -> 0 | HY4: =HX4+HY3 -> 1 | IB4: =IF($E4=5,HB4-5,NA()) -> 0 | IC4: =HB4-'Zusammenfassung Tag1-4'!$I$2/18 -> 4 | ID4: =IC4+ID3 -> 8 | IF4: =IE4+IF3 -> 0 | IH4: =IG4+IH3 -> 0 | II4: =IF(IE4-IG4<=$E4-2,1,0) -> 1 | IJ4: =II4+IJ3 -> 2 | IK4: =IF(II4=0,IF(IE4=$E4,1,0),0) -> 0 | IL4: =IK4+IL3 -> 0 | IM4: =IF($E4-IE4=1,1,0) -> 0 | IN4: =IM4+IN3 -> 0 | IO4: =IF(IE4=$E4,1,0) -> 0 | IP4: =IO4+IP3 -> 0 | IQ4: =IF(IE4-$E4=1,1,0) -> 0 | IR4: =IQ4+IR3 -> 0 | IS4: =IF(IE4-$E4>=2,1,0) -> 0 | IT4: =IS4+IT3 -> 0 | IU4: =IF(IG4=0,1,0) -> 1 | IV4: =IU4+IV3 -> 2 | IW4: =IF(IG4=1,1,0) -> 0 | IX4: =IW4+IX3 -> 0 | IY4: =IF(IG4=2,1,0) -> 0 | IZ4: =IY4+IZ3 -> 0 | JA4: =IF(IG4>=3,1,0) -> 0 | JB4: =JA4+JB3 -> 0 | JE4: =IF($E4=5,IE4-5,NA()) -> -5 | JF4: =IE4-'Zusammenfassung Tag1-4'!$J$2/18 -> -3 | JG4: =JF4+JG3 -> -6 | JI4: =JH4+JI3 -> 0 | JK4: =JJ4+JK3 -> 0 | JL4: =IF(JH4-JJ4<=$E4-2,1,0) -> 1 | JM4: =JL4+JM3 -> 2 | JN4: =IF(JL4=0,IF(JH4=$E4,1,0),0) -> 0 | JO4: =JN4+JO3 -> 0 | JP4: =IF($E4-JH4=1,1,0) -> 0 | JQ4: =JP4+JQ3 -> 0 | JR4: =IF(JH4=$E4,1,0) -> 0 | JS4: =JR4+JS3 -> 0 | JT4: =IF(JH4-$E4=1,1,0) -> 0 | JU4: =JT4+JU3 -> 0 | JV4: =IF(JH4-$E4>=2,1,0) -> 0 | JW4: =JV4+JW3 -> 0 | JX4: =IF(JJ4=0,1,0) -> 1 | JY4: =JX4+JY3 -> 2 | JZ4: =IF(JJ4=1,1,0) -> 0 | KA4: =JZ4+KA3 -> 0 | KB4: =IF(JJ4=2,1,0) -> 0 | KC4: =KB4+KC3 -> 0 | KD4: =IF(JJ4>=3,1,0) -> 0 | KE4: =KD4+KE3 -> 0 | KH4: =IF($E4=5,JH4-5,NA()) -> -5 | KI4: =JH4-'Zusammenfassung Tag1-4'!$K$2/18 -> -0.77777778 | KJ4: =KI4+KJ3 -> -1.5555556
C5: 3 | D5: =D4+1 -> 3 | E5: 4 | F5: =E5+F4 -> 13 | G5: 6 | H5: =G5+H4 -> 15 | I5: 2 | J5: =I5+J4 -> 6 | K5: =IF(G5-I5<=$E5-2,1,0) -> 0 | L5: =K5+L4 -> 2 | M5: =IF(K5=0,IF(G5=$E5,1,0),0) -> 0 | N5: =M5+N4 -> 0 | O5: =IF($E5-G5=1,1,0) -> 0 | P5: =O5+P4 -> 0 | Q5: =IF(G5=$E5,1,0) -> 0 | R5: =Q5+R4 -> 2 | S5: =IF(G5-$E5=1,1,0) -> 0 | T5: =S5+T4 -> 0 | U5: =IF(G5-$E5>=2,1,0) -> 1 | V5: =U5+V4 -> 1 | W5: =IF(I5=0,1,0) -> 0 | X5: =W5+X4 -> 0 | Y5: =IF(I5=1,1,0) -> 0 | Z5: =Y5+Z4 -> 0 | AA5: =IF(I5=2,1,0) -> 1 | AB5: =AA5+AB4 -> 3 | AC5: =IF(I5>=3,1,0) -> 0 | AD5: =AC5+AD4 -> 0 | AF5: =IF($E5=4,G5-4,NA()) -> 2 | AH5: =G5-'Zusammenfassung Tag1-4'!$B$2/18 -> 4.8888889 | AI5: =AH5+AI4 -> 11.666667 | AJ5: 4 | AK5: =AJ5+AK4 -> 13 | AL5: 2 | AM5: =AL5+AM4 -> 6 | AN5: =IF(AJ5-AL5<=$E5-2,1,0) -> 1 | AO5: =AN5+AO4 -> 3 | AP5: =IF(AN5=0,IF(AJ5=$E5,1,0),0) -> 0 | AQ5: =AP5+AQ4 -> 0 | AR5: =IF($E5-AJ5=1,1,0) -> 0 | AS5: =AR5+AS4 -> 0 | AT5: =IF(AJ5=$E5,1,0) -> 1 | AU5: =AT5+AU4 -> 3 | AV5: =IF(AJ5-$E5=1,1,0) -> 0 | AW5: =AV5+AW4 -> 0 | AX5: =IF(AJ5-$E5>=2,1,0) -> 0 | AY5: =AX5+AY4 -> 0 | AZ5: =IF(AL5=0,1,0) -> 0 | BA5: =AZ5+BA4 -> 0 | BB5: =IF(AL5=1,1,0) -> 0 | BC5: =BB5+BC4 -> 0 | BD5: =IF(AL5=2,1,0) -> 1 | BE5: =BD5+BE4 -> 3 | BF5: =IF(AL5>=3,1,0) -> 0 | BG5: =BF5+BG4 -> 0 | BI5: =IF($E5=4,AJ5-4,NA()) -> 0 | BK5: =AJ5-'Zusammenfassung Tag1-4'!$C$2/18 -> 3.3333333 | BL5: =BK5+BL4 -> 11 | BM5: 4 | BN5: =BM5+BN4 -> 16 | BO5: 2 | BP5: =BO5+BP4 -> 6 | BQ5: =IF(BM5-BO5<=$E5-2,1,0) -> 1 | BR5: =BQ5+BR4 -> 1 | BS5: =IF(BQ5=0,IF(BM5=$E5,1,0),0) -> 0 | BT5: =BS5+BT4 -> 1 | BU5: =IF($E5-BM5=1,1,0) -> 0 | BV5: =BU5+BV4 -> 0 | BW5: =IF(BM5=$E5,1,0) -> 1 | BX5: =BW5+BX4 -> 2 | BY5: =IF(BM5-$E5=1,1,0) -> 0 | BZ5: =BY5+BZ4 -> 0 | CA5: =IF(BM5-$E5>=2,1,0) -> 0 | CB5: =CA5+CB4 -> 1 | CC5: =IF(BO5=0,1,0) -> 0 | CD5: =CC5+CD4 -> 0 | CE5: =IF(BO5=1,1,0) -> 0 | CF5: =CE5+CF4 -> 1 | CG5: =IF(BO5=2,1,0) -> 1 | CH5: =CG5+CH4 -> 1 | CI5: =IF(BO5>=3,1,0) -> 0 | CJ5: =CI5+CJ4 -> 1 | CL5: =IF($E5=4,BM5-4,NA()) -> 0 | CN5: =BM5-'Zusammenfassung Tag1-4'!$D$2/18 -> 2.6666667 | CO5: =CN5+CO4 -> 12 | CP5: 4 | CQ5: =CP5+CQ4 -> 15 | CR5: 2 | CS5: =CR5+CS4 -> 6 | CT5: =IF(CP5-CR5<=$E5-2,1,0) -> 1 | CU5: =CT5+CU4 -> 2 | CV5: =IF(CT5=0,IF(CP5=$E5,1,0),0) -> 0 | CW5: =CV5+CW4 -> 0 | CX5: =IF($E5-CP5=1,1,0) -> 0 | CY5: =CX5+CY4 -> 0 | CZ5: =IF(CP5=$E5,1,0) -> 1 | DA5: =CZ5+DA4 -> 2 | DB5: =IF(CP5-$E5=1,1,0) -> 0 | DC5: =DB5+DC4 -> 0 | DD5: =IF(CP5-$E5>=2,1,0) -> 0 | DE5: =DD5+DE4 -> 1 | DF5: =IF(CR5=0,1,0) -> 0 | DG5: =DF5+DG4 -> 0 | DH5: =IF(CR5=1,1,0) -> 0 | DI5: =DH5+DI4 -> 0 | DJ5: =IF(CR5=2,1,0) -> 1 | DK5: =DJ5+DK4 -> 3 | DL5: =IF(CR5>=3,1,0) -> 0 | DM5: =DL5+DM4 -> 0 | DO5: =IF($E5=4,CP5-4,NA()) -> 0 | DQ5: =CP5-'Zusammenfassung Tag1-4'!$E$2/18 -> 2.7222222 | DR5: =DQ5+DR4 -> 11.166667 | DS5: 8 | DT5: =DS5+DT4 -> 25 | DU5: 2 | DV5: =DU5+DV4 -> 6 | DW5: =IF(DS5-DU5<=$E5-2,1,0) -> 0 | DX5: =DW5+DX4 -> 0 | DY5: =IF(DW5=0,IF(DS5=$E5,1,0),0) -> 0 | DZ5: =DY5+DZ4 -> 0 | EA5: =IF($E5-DS5=1,1,0) -> 0 | EB5: =EA5+EB4 -> 0 | EC5: =IF(DS5=$E5,1,0) -> 0 | ED5: =EC5+ED4 -> 0 | EE5: =IF(DS5-$E5=1,1,0) -> 0 | EF5: =EE5+EF4 -> 0 | EG5: =IF(DS5-$E5>=2,1,0) -> 1 | EH5: =EG5+EH4 -> 3 | EI5: =IF(DU5=0,1,0) -> 0 | EJ5: =EI5+EJ4 -> 0 | EK5: =IF(DU5=1,1,0) -> 0 | EL5: =EK5+EL4 -> 0 | EM5: =IF(DU5=2,1,0) -> 1 | EN5: =EM5+EN4 -> 3 | EO5: =IF(DU5>=3,1,0) -> 0 | EP5: =EO5+EP4 -> 0 | ER5: =IF($E5=4,DS5-4,NA()) -> 4 | ET5: =DS5-'Zusammenfassung Tag1-4'!$F$2/18 -> 5 | EU5: =ET5+EU4 -> 16 | EV5: 7 | EW5: =EV5+EW4 -> 17 | EX5: 2 | EY5: =EX5+EY4 -> 7 | EZ5: =IF(EV5-EX5<=$E5-2,1,0) -> 0 | FA5: =EZ5+FA4 -> 2 | FB5: =IF(EZ5=0,IF(EV5=$E5,1,0),0) -> 0 | FC5: =FB5+FC4 -> 0 | FD5: =IF($E5-EV5=1,1,0) -> 0 | FE5: =FD5+FE4 -> 0 | FF5: =IF(EV5=$E5,1,0) -> 0 | FG5: =FF5+FG4 -> 1 | FH5: =IF(EV5-$E5=1,1,0) -> 0 | FI5: =FH5+FI4 -> 1 | FJ5: =IF(EV5-$E5>=2,1,0) -> 1 | FK5: =FJ5+FK4 -> 1 | FL5: =IF(EX5=0,1,0) -> 0 | FM5: =FL5+FM4 -> 0 | FN5: =IF(EX5=1,1,0) -> 0 | FO5: =FN5+FO4 -> 0 | FP5: =IF(EX5=2,1,0) -> 1 | FQ5: =FP5+FQ4 -> 2 | FR5: =IF(EX5>=3,1,0) -> 0 | FS5: =FR5+FS4 -> 1 | FU5: =IF($E5=4,EV5-4,NA()) -> 3 | FW5: =EV5-'Zusammenfassung Tag1-4'!$G$2/18 -> 5.5 | FX5: =FW5+FX4 -> 12.5 | FY5: 10 | FZ5: =FY5+FZ4 -> 23 | GA5: 2 | GB5: =GA5+GB4 -> 8 | GC5: =IF(FY5-GA5<=$E5-2,1,0) -> 0 | GD5: =GC5+GD4 -> 1 | GE5: =IF(GC5=0,IF(FY5=$E5,1,0),0) -> 0 | GF5: =GE5+GF4 -> 0 | GG5: =IF($E5-FY5=1,1,0) -> 0 | GH5: =GG5+GH4 -> 0 | GI5: =IF(FY5=$E5,1,0) -> 0 | GJ5: =GI5+GJ4 -> 0 | GK5: =IF(FY5-$E5=1,1,0) -> 0 | GL5: =GK5+GL4 -> 1 | GM5: =IF(FY5-$E5>=2,1,0) -> 1 | GN5: =GM5+GN4 -> 2 | GO5: =IF(GA5=0,1,0) -> 0 | GP5: =GO5+GP4 -> 0 | GQ5: =IF(GA5=1,1,0) -> 0 | GR5: =GQ5+GR4 -> 0 | GS5: =IF(GA5=2,1,0) -> 1 | GT5: =GS5+GT4 -> 1 | GU5: =IF(GA5>=3,1,0) -> 0 | GV5: =GU5+GV4 -> 2 | GX5: =IF($E5=4,FY5-4,NA()) -> 6 | GZ5: =FY5-'Zusammenfassung Tag1-4'!$H$2/18 -> 7 | HA5: =GZ5+HA4 -> 14 | HB5: 4 | HC5: =HB5+HC4 -> 14 | HD5: 2 | HE5: =HD5+HE4 -> 6 | HF5: =IF(HB5-HD5<=$E5-2,1,0) -> 1 | HG5: =HF5+HG4 -> 2 | HH5: =IF(HF5=0,IF(HB5=$E5,1,0),0) -> 0 | HI5: =HH5+HI4 -> 1 | HJ5: =IF($E5-HB5=1,1,0) -> 0 | HK5: =HJ5+HK4 -> 0 | HL5: =IF(HB5=$E5,1,0) -> 1 | HM5: =HL5+HM4 -> 2 | HN5: =IF(HB5-$E5=1,1,0) -> 0 | HO5: =HN5+HO4 -> 1 | HP5: =IF(HB5-$E5>=2,1,0) -> 0 | HQ5: =HP5+HQ4 -> 0 | HR5: =IF(HD5=0,1,0) -> 0 | HS5: =HR5+HS4 -> 0 | HT5: =IF(HD5=1,1,0) -> 0 | HU5: =HT5+HU4 -> 1 | HV5: =IF(HD5=2,1,0) -> 1 | HW5: =HV5+HW4 -> 1 | HX5: =IF(HD5>=3,1,0) -> 0 | HY5: =HX5+HY4 -> 1 | IA5: =IF($E5=4,HB5-4,NA()) -> 0 | IC5: =HB5-'Zusammenfassung Tag1-4'!$I$2/18 -> 3 | ID5: =IC5+ID4 -> 11 | IF5: =IE5+IF4 -> 0 | IH5: =IG5+IH4 -> 0 | II5: =IF(IE5-IG5<=$E5-2,1,0) -> 1 | IJ5: =II5+IJ4 -> 3 | IK5: =IF(II5=0,IF(IE5=$E5,1,0),0) -> 0 | IL5: =IK5+IL4 -> 0 | IM5: =IF($E5-IE5=1,1,0) -> 0 | IN5: =IM5+IN4 -> 0 | IO5: =IF(IE5=$E5,1,0) -> 0 | IP5: =IO5+IP4 -> 0 | IQ5: =IF(IE5-$E5=1,1,0) -> 0 | IR5: =IQ5+IR4 -> 0 | IS5: =IF(IE5-$E5>=2,1,0) -> 0 | IT5: =IS5+IT4 -> 0 | IU5: =IF(IG5=0,1,0) -> 1 | IV5: =IU5+IV4 -> 3 | IW5: =IF(IG5=1,1,0) -> 0 | IX5: =IW5+IX4 -> 0 | IY5: =IF(IG5=2,1,0) -> 0 | IZ5: =IY5+IZ4 -> 0 | JA5: =IF(IG5>=3,1,0) -> 0 | JB5: =JA5+JB4 -> 0 | JD5: =IF($E5=4,IE5-4,NA()) -> -4 | JF5: =IE5-'Zusammenfassung Tag1-4'!$J$2/18 -> -3 | JG5: =JF5+JG4 -> -9 | JI5: =JH5+JI4 -> 0 | JK5: =JJ5+JK4 -> 0 | JL5: =IF(JH5-JJ5<=$E5-2,1,0) -> 1 | JM5: =JL5+JM4 -> 3 | JN5: =IF(JL5=0,IF(JH5=$E5,1,0),0) -> 0 | JO5: =JN5+JO4 -> 0 | JP5: =IF($E5-JH5=1,1,0) -> 0 | JQ5: =JP5+JQ4 -> 0 | JR5: =IF(JH5=$E5,1,0) -> 0 | JS5: =JR5+JS4 -> 0 | JT5: =IF(JH5-$E5=1,1,0) -> 0 | JU5: =JT5+JU4 -> 0 | JV5: =IF(JH5-$E5>=2,1,0) -> 0 | JW5: =JV5+JW4 -> 0 | JX5: =IF(JJ5=0,1,0) -> 1 | JY5: =JX5+JY4 -> 3 | JZ5: =IF(JJ5=1,1,0) -> 0 | KA5: =JZ5+KA4 -> 0 | KB5: =IF(JJ5=2,1,0) -> 0 | KC5: =KB5+KC4 -> 0 | KD5: =IF(JJ5>=3,1,0) -> 0 | KE5: =KD5+KE4 -> 0 | KG5: =IF($E5=4,JH5-4,NA()) -> -4 | KI5: =JH5-'Zusammenfassung Tag1-4'!$K$2/18 -> -0.77777778 | KJ5: =KI5+KJ4 -> -2.3333333
C6: 4 | D6: =D5+1 -> 4 | E6: 3 | F6: =E6+F5 -> 16 | G6: 5 | H6: =G6+H5 -> 20 | I6: 4 | J6: =I6+J5 -> 10 | K6: =IF(G6-I6<=$E6-2,1,0) -> 1 | L6: =K6+L5 -> 3 | M6: =IF(K6=0,IF(G6=$E6,1,0),0) -> 0 | N6: =M6+N5 -> 0 | O6: =IF($E6-G6=1,1,0) -> 0 | P6: =O6+P5 -> 0 | Q6: =IF(G6=$E6,1,0) -> 0 | R6: =Q6+R5 -> 2 | S6: =IF(G6-$E6=1,1,0) -> 0 | T6: =S6+T5 -> 0 | U6: =IF(G6-$E6>=2,1,0) -> 1 | V6: =U6+V5 -> 2 | W6: =IF(I6=0,1,0) -> 0 | X6: =W6+X5 -> 0 | Y6: =IF(I6=1,1,0) -> 0 | Z6: =Y6+Z5 -> 0 | AA6: =IF(I6=2,1,0) -> 0 | AB6: =AA6+AB5 -> 3 | AC6: =IF(I6>=3,1,0) -> 1 | AD6: =AC6+AD5 -> 1 | AE6: =IF($E6=3,G6-3,NA()) -> 2 | AH6: =G6-'Zusammenfassung Tag1-4'!$B$2/18 -> 3.8888889 | AI6: =AH6+AI5 -> 15.555556 | AJ6: 4 | AK6: =AJ6+AK5 -> 17 | AL6: 3 | AM6: =AL6+AM5 -> 9 | AN6: =IF(AJ6-AL6<=$E6-2,1,0) -> 1 | AO6: =AN6+AO5 -> 4 | AP6: =IF(AN6=0,IF(AJ6=$E6,1,0),0) -> 0 | AQ6: =AP6+AQ5 -> 0 | AR6: =IF($E6-AJ6=1,1,0) -> 0 | AS6: =AR6+AS5 -> 0 | AT6: =IF(AJ6=$E6,1,0) -> 0 | AU6: =AT6+AU5 -> 3 | AV6: =IF(AJ6-$E6=1,1,0) -> 1 | AW6: =AV6+AW5 -> 1 | AX6: =IF(AJ6-$E6>=2,1,0) -> 0 | AY6: =AX6+AY5 -> 0 | AZ6: =IF(AL6=0,1,0) -> 0 | BA6: =AZ6+BA5 -> 0 | BB6: =IF(AL6=1,1,0) -> 0 | BC6: =BB6+BC5 -> 0 | BD6: =IF(AL6=2,1,0) -> 0 | BE6: =BD6+BE5 -> 3 | BF6: =IF(AL6>=3,1,0) -> 1 | BG6: =BF6+BG5 -> 1 | BH6: =IF($E6=3,AJ6-3,NA()) -> 1 | BK6: =AJ6-'Zusammenfassung Tag1-4'!$C$2/18 -> 3.3333333 | BL6: =BK6+BL5 -> 14.333333 | BM6: 3 | BN6: =BM6+BN5 -> 19 | BO6: 2 | BP6: =BO6+BP5 -> 8 | BQ6: =IF(BM6-BO6<=$E6-2,1,0) -> 1 | BR6: =BQ6+BR5 -> 2 | BS6: =IF(BQ6=0,IF(BM6=$E6,1,0),0) -> 0 | BT6: =BS6+BT5 -> 1 | BU6: =IF($E6-BM6=1,1,0) -> 0 | BV6: =BU6+BV5 -> 0 | BW6: =IF(BM6=$E6,1,0) -> 1 | BX6: =BW6+BX5 -> 3 | BY6: =IF(BM6-$E6=1,1,0) -> 0 | BZ6: =BY6+BZ5 -> 0 | CA6: =IF(BM6-$E6>=2,1,0) -> 0 | CB6: =CA6+CB5 -> 1 | CC6: =IF(BO6=0,1,0) -> 0 | CD6: =CC6+CD5 -> 0 | CE6: =IF(BO6=1,1,0) -> 0 | CF6: =CE6+CF5 -> 1 | CG6: =IF(BO6=2,1,0) -> 1 | CH6: =CG6+CH5 -> 2 | CI6: =IF(BO6>=3,1,0) -> 0 | CJ6: =CI6+CJ5 -> 1 | CK6: =IF($E6=3,BM6-3,NA()) -> 0 | CN6: =BM6-'Zusammenfassung Tag1-4'!$D$2/18 -> 1.6666667 | CO6: =CN6+CO5 -> 13.666667 | CP6: 4 | CQ6: =CP6+CQ5 -> 19 | CR6: 2 | CS6: =CR6+CS5 -> 8 | CT6: =IF(CP6-CR6<=$E6-2,1,0) -> 0 | CU6: =CT6+CU5 -> 2 | CV6: =IF(CT6=0,IF(CP6=$E6,1,0),0) -> 0 | CW6: =CV6+CW5 -> 0 | CX6: =IF($E6-CP6=1,1,0) -> 0 | CY6: =CX6+CY5 -> 0 | CZ6: =IF(CP6=$E6,1,0) -> 0 | DA6: =CZ6+DA5 -> 2 | DB6: =IF(CP6-$E6=1,1,0) -> 1 | DC6: =DB6+DC5 -> 1 | DD6: =IF(CP6-$E6>=2,1,0) -> 0 | DE6: =DD6+DE5 -> 1 | DF6: =IF(CR6=0,1,0) -> 0 | DG6: =DF6+DG5 -> 0 | DH6: =IF(CR6=1,1,0) -> 0 | DI6: =DH6+DI5 -> 0 | DJ6: =IF(CR6=2,1,0) -> 1 | DK6: =DJ6+DK5 -> 4 | DL6: =IF(CR6>=3,1,0) -> 0 | DM6: =DL6+DM5 -> 0 | DN6: =IF($E6=3,CP6-3,NA()) -> 1 | DQ6: =CP6-'Zusammenfassung Tag1-4'!$E$2/18 -> 2.7222222 | DR6: =DQ6+DR5 -> 13.888889 | DS6: 3 | DT6: =DS6+DT5 -> 28 | DU6: 2 | DV6: =DU6+DV5 -> 8 | DW6: =IF(DS6-DU6<=$E6-2,1,0) -> 1 | DX6: =DW6+DX5 -> 1 | DY6: =IF(DW6=0,IF(DS6=$E6,1,0),0) -> 0 | DZ6: =DY6+DZ5 -> 0 | EA6: =IF($E6-DS6=1,1,0) -> 0 | EB6: =EA6+EB5 -> 0 | EC6: =IF(DS6=$E6,1,0) -> 1 | ED6: =EC6+ED5 -> 1 | EE6: =IF(DS6-$E6=1,1,0) -> 0 | EF6: =EE6+EF5 -> 0 | EG6: =IF(DS6-$E6>=2,1,0) -> 0 | EH6: =EG6+EH5 -> 3 | EI6: =IF(DU6=0,1,0) -> 0 | EJ6: =EI6+EJ5 -> 0 | EK6: =IF(DU6=1,1,0) -> 0 | EL6: =EK6+EL5 -> 0 | EM6: =IF(DU6=2,1,0) -> 1 | EN6: =EM6+EN5 -> 4 | EO6: =IF(DU6>=3,1,0) -> 0 | EP6: =EO6+EP5 -> 0 | EQ6: =IF($E6=3,DS6-3,NA()) -> 0 | ET6: =DS6-'Zusammenfassung Tag1-4'!$F$2/18 -> 0 | EU6: =ET6+EU5 -> 16 | EV6: 5 | EW6: =EV6+EW5 -> 22 | EX6: 3 | EY6: =EX6+EY5 -> 10 | EZ6: =IF(EV6-EX6<=$E6-2,1,0) -> 0 | FA6: =EZ6+FA5 -> 2 | FB6: =IF(EZ6=0,IF(EV6=$E6,1,0),0) -> 0 | FC6: =FB6+FC5 -> 0 | FD6: =IF($E6-EV6=1,1,0) -> 0 | FE6: =FD6+FE5 -> 0 | FF6: =IF(EV6=$E6,1,0) -> 0 | FG6: =FF6+FG5 -> 1 | FH6: =IF(EV6-$E6=1,1,0) -> 0 | FI6: =FH6+FI5 -> 1 | FJ6: =IF(EV6-$E6>=2,1,0) -> 1 | FK6: =FJ6+FK5 -> 2 | FL6: =IF(EX6=0,1,0) -> 0 | FM6: =FL6+FM5 -> 0 | FN6: =IF(EX6=1,1,0) -> 0 | FO6: =FN6+FO5 -> 0 | FP6: =IF(EX6=2,1,0) -> 0 | FQ6: =FP6+FQ5 -> 2 | FR6: =IF(EX6>=3,1,0) -> 1 | FS6: =FR6+FS5 -> 2 | FT6: =IF($E6=3,EV6-3,NA()) -> 2 | FW6: =EV6-'Zusammenfassung Tag1-4'!$G$2/18 -> 3.5 | FX6: =FW6+FX5 -> 16 | FY6: 7 | FZ6: =FY6+FZ5 -> 30 | GA6: 2 | GB6: =GA6+GB5 -> 10 | GC6: =IF(FY6-GA6<=$E6-2,1,0) -> 0 | GD6: =GC6+GD5 -> 1 | GE6: =IF(GC6=0,IF(FY6=$E6,1,0),0) -> 0 | GF6: =GE6+GF5 -> 0 | GG6: =IF($E6-FY6=1,1,0) -> 0 | GH6: =GG6+GH5 -> 0 | GI6: =IF(FY6=$E6,1,0) -> 0 | GJ6: =GI6+GJ5 -> 0 | GK6: =IF(FY6-$E6=1,1,0) -> 0 | GL6: =GK6+GL5 -> 1 | GM6: =IF(FY6-$E6>=2,1,0) -> 1 | GN6: =GM6+GN5 -> 3 | GO6: =IF(GA6=0,1,0) -> 0 | GP6: =GO6+GP5 -> 0 | GQ6: =IF(GA6=1,1,0) -> 0 | GR6: =GQ6+GR5 -> 0 | GS6: =IF(GA6=2,1,0) -> 1 | GT6: =GS6+GT5 -> 2 | GU6: =IF(GA6>=3,1,0) -> 0 | GV6: =GU6+GV5 -> 2 | GW6: =IF($E6=3,FY6-3,NA()) -> 4 | GZ6: =FY6-'Zusammenfassung Tag1-4'!$H$2/18 -> 4 | HA6: =GZ6+HA5 -> 18 | HB6: 4 | HC6: =HB6+HC5 -> 18 | HD6: 2 | HE6: =HD6+HE5 -> 8 | HF6: =IF(HB6-HD6<=$E6-2,1,0) -> 0 | HG6: =HF6+HG5 -> 2 | HH6: =IF(HF6=0,IF(HB6=$E6,1,0),0) -> 0 | HI6: =HH6+HI5 -> 1 | HJ6: =IF($E6-HB6=1,1,0) -> 0 | HK6: =HJ6+HK5 -> 0 | HL6: =IF(HB6=$E6,1,0) -> 0 | HM6: =HL6+HM5 -> 2 | HN6: =IF(HB6-$E6=1,1,0) -> 1 | HO6: =HN6+HO5 -> 2 | HP6: =IF(HB6-$E6>=2,1,0) -> 0 | HQ6: =HP6+HQ5 -> 0 | HR6: =IF(HD6=0,1,0) -> 0 | HS6: =HR6+HS5 -> 0 | HT6: =IF(HD6=1,1,0) -> 0 | HU6: =HT6+HU5 -> 1 | HV6: =IF(HD6=2,1,0) -> 1 | HW6: =HV6+HW5 -> 2 | HX6: =IF(HD6>=3,1,0) -> 0 | HY6: =HX6+HY5 -> 1 | HZ6: =IF($E6=3,HB6-3,NA()) -> 1 | IC6: =HB6-'Zusammenfassung Tag1-4'!$I$2/18 -> 3 | ID6: =IC6+ID5 -> 14 | IF6: =IE6+IF5 -> 0 | IH6: =IG6+IH5 -> 0 | II6: =IF(IE6-IG6<=$E6-2,1,0) -> 1 | IJ6: =II6+IJ5 -> 4 | IK6: =IF(II6=0,IF(IE6=$E6,1,0),0) -> 0 | IL6: =IK6+IL5 -> 0 | IM6: =IF($E6-IE6=1,1,0) -> 0 | IN6: =IM6+IN5 -> 0 | IO6: =IF(IE6=$E6,1,0) -> 0 | IP6: =IO6+IP5 -> 0 | IQ6: =IF(IE6-$E6=1,1,0) -> 0 | IR6: =IQ6+IR5 -> 0 | IS6: =IF(IE6-$E6>=2,1,0) -> 0 | IT6: =IS6+IT5 -> 0 | IU6: =IF(IG6=0,1,0) -> 1 | IV6: =IU6+IV5 -> 4 | IW6: =IF(IG6=1,1,0) -> 0 | IX6: =IW6+IX5 -> 0 | IY6: =IF(IG6=2,1,0) -> 0 | IZ6: =IY6+IZ5 -> 0 | JA6: =IF(IG6>=3,1,0) -> 0 | JB6: =JA6+JB5 -> 0 | JC6: =IF($E6=3,IE6-3,NA()) -> -3 | JF6: =IE6-'Zusammenfassung Tag1-4'!$J$2/18 -> -3 | JG6: =JF6+JG5 -> -12 | JI6: =JH6+JI5 -> 0 | JK6: =JJ6+JK5 -> 0 | JL6: =IF(JH6-JJ6<=$E6-2,1,0) -> 1 | JM6: =JL6+JM5 -> 4 | JN6: =IF(JL6=0,IF(JH6=$E6,1,0),0) -> 0 | JO6: =JN6+JO5 -> 0 | JP6: =IF($E6-JH6=1,1,0) -> 0 | JQ6: =JP6+JQ5 -> 0 | JR6: =IF(JH6=$E6,1,0) -> 0 | JS6: =JR6+JS5 -> 0 | JT6: =IF(JH6-$E6=1,1,0) -> 0 | JU6: =JT6+JU5 -> 0 | JV6: =IF(JH6-$E6>=2,1,0) -> 0 | JW6: =JV6+JW5 -> 0 | JX6: =IF(JJ6=0,1,0) -> 1 | JY6: =JX6+JY5 -> 4 | JZ6: =IF(JJ6=1,1,0) -> 0 | KA6: =JZ6+KA5 -> 0 | KB6: =IF(JJ6=2,1,0) -> 0 | KC6: =KB6+KC5 -> 0 | KD6: =IF(JJ6>=3,1,0) -> 0 | KE6: =KD6+KE5 -> 0 | KF6: =IF($E6=3,JH6-3,NA()) -> -3 | KI6: =JH6-'Zusammenfassung Tag1-4'!$K$2/18 -> -0.77777778 | KJ6: =KI6+KJ5 -> -3.1111111
C7: 5 | D7: =D6+1 -> 5 | E7: 4 | F7: =E7+F6 -> 20 | G7: 5 | H7: =G7+H6 -> 25 | I7: 2 | J7: =I7+J6 -> 12 | K7: =IF(G7-I7<=$E7-2,1,0) -> 0 | L7: =K7+L6 -> 3 | M7: =IF(K7=0,IF(G7=$E7,1,0),0) -> 0 | N7: =M7+N6 -> 0 | O7: =IF($E7-G7=1,1,0) -> 0 | P7: =O7+P6 -> 0 | Q7: =IF(G7=$E7,1,0) -> 0 | R7: =Q7+R6 -> 2 | S7: =IF(G7-$E7=1,1,0) -> 1 | T7: =S7+T6 -> 1 | U7: =IF(G7-$E7>=2,1,0) -> 0 | V7: =U7+V6 -> 2 | W7: =IF(I7=0,1,0) -> 0 | X7: =W7+X6 -> 0 | Y7: =IF(I7=1,1,0) -> 0 | Z7: =Y7+Z6 -> 0 | AA7: =IF(I7=2,1,0) -> 1 | AB7: =AA7+AB6 -> 4 | AC7: =IF(I7>=3,1,0) -> 0 | AD7: =AC7+AD6 -> 1 | AF7: =IF($E7=4,G7-4,NA()) -> 1 | AH7: =G7-'Zusammenfassung Tag1-4'!$B$2/18 -> 3.8888889 | AI7: =AH7+AI6 -> 19.444444 | AJ7: 4 | AK7: =AJ7+AK6 -> 21 | AL7: 1 | AM7: =AL7+AM6 -> 10 | AN7: =IF(AJ7-AL7<=$E7-2,1,0) -> 0 | AO7: =AN7+AO6 -> 4 | AP7: =IF(AN7=0,IF(AJ7=$E7,1,0),0) -> 1 | AQ7: =AP7+AQ6 -> 1 | AR7: =IF($E7-AJ7=1,1,0) -> 0 | AS7: =AR7+AS6 -> 0 | AT7: =IF(AJ7=$E7,1,0) -> 1 | AU7: =AT7+AU6 -> 4 | AV7: =IF(AJ7-$E7=1,1,0) -> 0 | AW7: =AV7+AW6 -> 1 | AX7: =IF(AJ7-$E7>=2,1,0) -> 0 | AY7: =AX7+AY6 -> 0 | AZ7: =IF(AL7=0,1,0) -> 0 | BA7: =AZ7+BA6 -> 0 | BB7: =IF(AL7=1,1,0) -> 1 | BC7: =BB7+BC6 -> 1 | BD7: =IF(AL7=2,1,0) -> 0 | BE7: =BD7+BE6 -> 3 | BF7: =IF(AL7>=3,1,0) -> 0 | BG7: =BF7+BG6 -> 1 | BI7: =IF($E7=4,AJ7-4,NA()) -> 0 | BK7: =AJ7-'Zusammenfassung Tag1-4'!$C$2/18 -> 3.3333333 | BL7: =BK7+BL6 -> 17.666667 | BM7: 4 | BN7: =BM7+BN6 -> 23 | BO7: 2 | BP7: =BO7+BP6 -> 10 | BQ7: =IF(BM7-BO7<=$E7-2,1,0) -> 1 | BR7: =BQ7+BR6 -> 3 | BS7: =IF(BQ7=0,IF(BM7=$E7,1,0),0) -> 0 | BT7: =BS7+BT6 -> 1 | BU7: =IF($E7-BM7=1,1,0) -> 0 | BV7: =BU7+BV6 -> 0 | BW7: =IF(BM7=$E7,1,0) -> 1 | BX7: =BW7+BX6 -> 4 | BY7: =IF(BM7-$E7=1,1,0) -> 0 | BZ7: =BY7+BZ6 -> 0 | CA7: =IF(BM7-$E7>=2,1,0) -> 0 | CB7: =CA7+CB6 -> 1 | CC7: =IF(BO7=0,1,0) -> 0 | CD7: =CC7+CD6 -> 0 | CE7: =IF(BO7=1,1,0) -> 0 | CF7: =CE7+CF6 -> 1 | CG7: =IF(BO7=2,1,0) -> 1 | CH7: =CG7+CH6 -> 3 | CI7: =IF(BO7>=3,1,0) -> 0 | CJ7: =CI7+CJ6 -> 1 | CL7: =IF($E7=4,BM7-4,NA()) -> 0 | CN7: =BM7-'Zusammenfassung Tag1-4'!$D$2/18 -> 2.6666667 | CO7: =CN7+CO6 -> 16.333333 | CP7: 5 | CQ7: =CP7+CQ6 -> 24 | CR7: 2 | CS7: =CR7+CS6 -> 10 | CT7: =IF(CP7-CR7<=$E7-2,1,0) -> 0 | CU7: =CT7+CU6 -> 2 | CV7: =IF(CT7=0,IF(CP7=$E7,1,0),0) -> 0 | CW7: =CV7+CW6 -> 0 | CX7: =IF($E7-CP7=1,1,0) -> 0 | CY7: =CX7+CY6 -> 0 | CZ7: =IF(CP7=$E7,1,0) -> 0 | DA7: =CZ7+DA6 -> 2 | DB7: =IF(CP7-$E7=1,1,0) -> 1 | DC7: =DB7+DC6 -> 2 | DD7: =IF(CP7-$E7>=2,1,0) -> 0 | DE7: =DD7+DE6 -> 1 | DF7: =IF(CR7=0,1,0) -> 0 | DG7: =DF7+DG6 -> 0 | DH7: =IF(CR7=1,1,0) -> 0 | DI7: =DH7+DI6 -> 0 | DJ7: =IF(CR7=2,1,0) -> 1 | DK7: =DJ7+DK6 -> 5 | DL7: =IF(CR7>=3,1,0) -> 0 | DM7: =DL7+DM6 -> 0 | DO7: =IF($E7=4,CP7-4,NA()) -> 1 | DQ7: =CP7-'Zusammenfassung Tag1-4'!$E$2/18 -> 3.7222222 | DR7: =DQ7+DR6 -> 17.611111 | DS7: 7 | DT7: =DS7+DT6 -> 35 | DU7: 3 | DV7: =DU7+DV6 -> 11 | DW7: =IF(DS7-DU7<=$E7-2,1,0) -> 0 | DX7: =DW7+DX6 -> 1 | DY7: =IF(DW7=0,IF(DS7=$E7,1,0),0) -> 0 | DZ7: =DY7+DZ6 -> 0 | EA7: =IF($E7-DS7=1,1,0) -> 0 | EB7: =EA7+EB6 -> 0 | EC7: =IF(DS7=$E7,1,0) -> 0 | ED7: =EC7+ED6 -> 1 | EE7: =IF(DS7-$E7=1,1,0) -> 0 | EF7: =EE7+EF6 -> 0 | EG7: =IF(DS7-$E7>=2,1,0) -> 1 | EH7: =EG7+EH6 -> 4 | EI7: =IF(DU7=0,1,0) -> 0 | EJ7: =EI7+EJ6 -> 0 | EK7: =IF(DU7=1,1,0) -> 0 | EL7: =EK7+EL6 -> 0 | EM7: =IF(DU7=2,1,0) -> 0 | EN7: =EM7+EN6 -> 4 | EO7: =IF(DU7>=3,1,0) -> 1 | EP7: =EO7+EP6 -> 1 | ER7: =IF($E7=4,DS7-4,NA()) -> 3 | ET7: =DS7-'Zusammenfassung Tag1-4'!$F$2/18 -> 4 | EU7: =ET7+EU6 -> 20 | EV7: 6 | EW7: =EV7+EW6 -> 28 | EX7: 3 | EY7: =EX7+EY6 -> 13 | EZ7: =IF(EV7-EX7<=$E7-2,1,0) -> 0 | FA7: =EZ7+FA6 -> 2 | FB7: =IF(EZ7=0,IF(EV7=$E7,1,0),0) -> 0 | FC7: =FB7+FC6 -> 0 | FD7: =IF($E7-EV7=1,1,0) -> 0 | FE7: =FD7+FE6 -> 0 | FF7: =IF(EV7=$E7,1,0) -> 0 | FG7: =FF7+FG6 -> 1 | FH7: =IF(EV7-$E7=1,1,0) -> 0 | FI7: =FH7+FI6 -> 1 | FJ7: =IF(EV7-$E7>=2,1,0) -> 1 | FK7: =FJ7+FK6 -> 3 | FL7: =IF(EX7=0,1,0) -> 0 | FM7: =FL7+FM6 -> 0 | FN7: =IF(EX7=1,1,0) -> 0 | FO7: =FN7+FO6 -> 0 | FP7: =IF(EX7=2,1,0) -> 0 | FQ7: =FP7+FQ6 -> 2 | FR7: =IF(EX7>=3,1,0) -> 1 | FS7: =FR7+FS6 -> 3 | FU7: =IF($E7=4,EV7-4,NA()) -> 2 | FW7: =EV7-'Zusammenfassung Tag1-4'!$G$2/18 -> 4.5 | FX7: =FW7+FX6 -> 20.5 | FY7: 8 | FZ7: =FY7+FZ6 -> 38 | GA7: 3 | GB7: =GA7+GB6 -> 13 | GC7: =IF(FY7-GA7<=$E7-2,1,0) -> 0 | GD7: =GC7+GD6 -> 1 | GE7: =IF(GC7=0,IF(FY7=$E7,1,0),0) -> 0 | GF7: =GE7+GF6 -> 0 | GG7: =IF($E7-FY7=1,1,0) -> 0 | GH7: =GG7+GH6 -> 0 | GI7: =IF(FY7=$E7,1,0) -> 0 | GJ7: =GI7+GJ6 -> 0 | GK7: =IF(FY7-$E7=1,1,0) -> 0 | GL7: =GK7+GL6 -> 1 | GM7: =IF(FY7-$E7>=2,1,0) -> 1 | GN7: =GM7+GN6 -> 4 | GO7: =IF(GA7=0,1,0) -> 0 | GP7: =GO7+GP6 -> 0 | GQ7: =IF(GA7=1,1,0) -> 0 | GR7: =GQ7+GR6 -> 0 | GS7: =IF(GA7=2,1,0) -> 0 | GT7: =GS7+GT6 -> 2 | GU7: =IF(GA7>=3,1,0) -> 1 | GV7: =GU7+GV6 -> 3 | GX7: =IF($E7=4,FY7-4,NA()) -> 4 | GZ7: =FY7-'Zusammenfassung Tag1-4'!$H$2/18 -> 5 | HA7: =GZ7+HA6 -> 23 | HB7: 7 | HC7: =HB7+HC6 -> 25 | HD7: 2 | HE7: =HD7+HE6 -> 10 | HF7: =IF(HB7-HD7<=$E7-2,1,0) -> 0 | HG7: =HF7+HG6 -> 2 | HH7: =IF(HF7=0,IF(HB7=$E7,1,0),0) -> 0 | HI7: =HH7+HI6 -> 1 | HJ7: =IF($E7-HB7=1,1,0) -> 0 | HK7: =HJ7+HK6 -> 0 | HL7: =IF(HB7=$E7,1,0) -> 0 | HM7: =HL7+HM6 -> 2 | HN7: =IF(HB7-$E7=1,1,0) -> 0 | HO7: =HN7+HO6 -> 2 | HP7: =IF(HB7-$E7>=2,1,0) -> 1 | HQ7: =HP7+HQ6 -> 1 | HR7: =IF(HD7=0,1,0) -> 0 | HS7: =HR7+HS6 -> 0 | HT7: =IF(HD7=1,1,0) -> 0 | HU7: =HT7+HU6 -> 1 | HV7: =IF(HD7=2,1,0) -> 1 | HW7: =HV7+HW6 -> 3 | HX7: =IF(HD7>=3,1,0) -> 0 | HY7: =HX7+HY6 -> 1 | IA7: =IF($E7=4,HB7-4,NA()) -> 3 | IC7: =HB7-'Zusammenfassung Tag1-4'!$I$2/18 -> 6 | ID7: =IC7+ID6 -> 20 | IF7: =IE7+IF6 -> 0 | IH7: =IG7+IH6 -> 0 | II7: =IF(IE7-IG7<=$E7-2,1,0) -> 1 | IJ7: =II7+IJ6 -> 5 | IK7: =IF(II7=0,IF(IE7=$E7,1,0),0) -> 0 | IL7: =IK7+IL6 -> 0 | IM7: =IF($E7-IE7=1,1,0) -> 0 | IN7: =IM7+IN6 -> 0 | IO7: =IF(IE7=$E7,1,0) -> 0 | IP7: =IO7+IP6 -> 0 | IQ7: =IF(IE7-$E7=1,1,0) -> 0 | IR7: =IQ7+IR6 -> 0 | IS7: =IF(IE7-$E7>=2,1,0) -> 0 | IT7: =IS7+IT6 -> 0 | IU7: =IF(IG7=0,1,0) -> 1 | IV7: =IU7+IV6 -> 5 | IW7: =IF(IG7=1,1,0) -> 0 | IX7: =IW7+IX6 -> 0 | IY7: =IF(IG7=2,1,0) -> 0 | IZ7: =IY7+IZ6 -> 0 | JA7: =IF(IG7>=3,1,0) -> 0 | JB7: =JA7+JB6 -> 0 | JD7: =IF($E7=4,IE7-4,NA()) -> -4 | JF7: =IE7-'Zusammenfassung Tag1-4'!$J$2/18 -> -3 | JG7: =JF7+JG6 -> -15 | JI7: =JH7+JI6 -> 0 | JK7: =JJ7+JK6 -> 0 | JL7: =IF(JH7-JJ7<=$E7-2,1,0) -> 1 | JM7: =JL7+JM6 -> 5 | JN7: =IF(JL7=0,IF(JH7=$E7,1,0),0) -> 0 | JO7: =JN7+JO6 -> 0 | JP7: =IF($E7-JH7=1,1,0) -> 0 | JQ7: =JP7+JQ6 -> 0 | JR7: =IF(JH7=$E7,1,0) -> 0 | JS7: =JR7+JS6 -> 0 | JT7: =IF(JH7-$E7=1,1,0) -> 0 | JU7: =JT7+JU6 -> 0 | JV7: =IF(JH7-$E7>=2,1,0) -> 0 | JW7: =JV7+JW6 -> 0 | JX7: =IF(JJ7=0,1,0) -> 1 | JY7: =JX7+JY6 -> 5 | JZ7: =IF(JJ7=1,1,0) -> 0 | KA7: =JZ7+KA6 -> 0 | KB7: =IF(JJ7=2,1,0) -> 0 | KC7: =KB7+KC6 -> 0 | KD7: =IF(JJ7>=3,1,0) -> 0 | KE7: =KD7+KE6 -> 0 | KG7: =IF($E7=4,JH7-4,NA()) -> -4 | KI7: =JH7-'Zusammenfassung Tag1-4'!$K$2/18 -> -0.77777778 | KJ7: =KI7+KJ6 -> -3.8888889
C8: 6 | D8: =D7+1 -> 6 | E8: 4 | F8: =E8+F7 -> 24 | G8: 5 | H8: =G8+H7 -> 30 | I8: 1 | J8: =I8+J7 -> 13 | K8: =IF(G8-I8<=$E8-2,1,0) -> 0 | L8: =K8+L7 -> 3 | M8: =IF(K8=0,IF(G8=$E8,1,0),0) -> 0 | N8: =M8+N7 -> 0 | O8: =IF($E8-G8=1,1,0) -> 0 | P8: =O8+P7 -> 0 | Q8: =IF(G8=$E8,1,0) -> 0 | R8: =Q8+R7 -> 2 | S8: =IF(G8-$E8=1,1,0) -> 1 | T8: =S8+T7 -> 2 | U8: =IF(G8-$E8>=2,1,0) -> 0 | V8: =U8+V7 -> 2 | W8: =IF(I8=0,1,0) -> 0 | X8: =W8+X7 -> 0 | Y8: =IF(I8=1,1,0) -> 1 | Z8: =Y8+Z7 -> 1 | AA8: =IF(I8=2,1,0) -> 0 | AB8: =AA8+AB7 -> 4 | AC8: =IF(I8>=3,1,0) -> 0 | AD8: =AC8+AD7 -> 1 | AF8: =IF($E8=4,G8-4,NA()) -> 1 | AH8: =G8-'Zusammenfassung Tag1-4'!$B$2/18 -> 3.8888889 | AI8: =AH8+AI7 -> 23.333333 | AJ8: 5 | AK8: =AJ8+AK7 -> 26 | AL8: 3 | AM8: =AL8+AM7 -> 13 | AN8: =IF(AJ8-AL8<=$E8-2,1,0) -> 1 | AO8: =AN8+AO7 -> 5 | AP8: =IF(AN8=0,IF(AJ8=$E8,1,0),0) -> 0 | AQ8: =AP8+AQ7 -> 1 | AR8: =IF($E8-AJ8=1,1,0) -> 0 | AS8: =AR8+AS7 -> 0 | AT8: =IF(AJ8=$E8,1,0) -> 0 | AU8: =AT8+AU7 -> 4 | AV8: =IF(AJ8-$E8=1,1,0) -> 1 | AW8: =AV8+AW7 -> 2 | AX8: =IF(AJ8-$E8>=2,1,0) -> 0 | AY8: =AX8+AY7 -> 0 | AZ8: =IF(AL8=0,1,0) -> 0 | BA8: =AZ8+BA7 -> 0 | BB8: =IF(AL8=1,1,0) -> 0 | BC8: =BB8+BC7 -> 1 | BD8: =IF(AL8=2,1,0) -> 0 | BE8: =BD8+BE7 -> 3 | BF8: =IF(AL8>=3,1,0) -> 1 | BG8: =BF8+BG7 -> 2 | BI8: =IF($E8=4,AJ8-4,NA()) -> 1 | BK8: =AJ8-'Zusammenfassung Tag1-4'!$C$2/18 -> 4.3333333 | BL8: =BK8+BL7 -> 22 | BM8: 8 | BN8: =BM8+BN7 -> 31 | BO8: 2 | BP8: =BO8+BP7 -> 12 | BQ8: =IF(BM8-BO8<=$E8-2,1,0) -> 0 | BR8: =BQ8+BR7 -> 3 | BS8: =IF(BQ8=0,IF(BM8=$E8,1,0),0) -> 0 | BT8: =BS8+BT7 -> 1 | BU8: =IF($E8-BM8=1,1,0) -> 0 | BV8: =BU8+BV7 -> 0 | BW8: =IF(BM8=$E8,1,0) -> 0 | BX8: =BW8+BX7 -> 4 | BY8: =IF(BM8-$E8=1,1,0) -> 0 | BZ8: =BY8+BZ7 -> 0 | CA8: =IF(BM8-$E8>=2,1,0) -> 1 | CB8: =CA8+CB7 -> 2 | CC8: =IF(BO8=0,1,0) -> 0 | CD8: =CC8+CD7 -> 0 | CE8: =IF(BO8=1,1,0) -> 0 | CF8: =CE8+CF7 -> 1 | CG8: =IF(BO8=2,1,0) -> 1 | CH8: =CG8+CH7 -> 4 | CI8: =IF(BO8>=3,1,0) -> 0 | CJ8: =CI8+CJ7 -> 1 | CL8: =IF($E8=4,BM8-4,NA()) -> 4 | CN8: =BM8-'Zusammenfassung Tag1-4'!$D$2/18 -> 6.6666667 | CO8: =CN8+CO7 -> 23 | CP8: 6 | CQ8: =CP8+CQ7 -> 30 | CR8: 2 | CS8: =CR8+CS7 -> 12 | CT8: =IF(CP8-CR8<=$E8-2,1,0) -> 0 | CU8: =CT8+CU7 -> 2 | CV8: =IF(CT8=0,IF(CP8=$E8,1,0),0) -> 0 | CW8: =CV8+CW7 -> 0 | CX8: =IF($E8-CP8=1,1,0) -> 0 | CY8: =CX8+CY7 -> 0 | CZ8: =IF(CP8=$E8,1,0) -> 0 | DA8: =CZ8+DA7 -> 2 | DB8: =IF(CP8-$E8=1,1,0) -> 0 | DC8: =DB8+DC7 -> 2 | DD8: =IF(CP8-$E8>=2,1,0) -> 1 | DE8: =DD8+DE7 -> 2 | DF8: =IF(CR8=0,1,0) -> 0 | DG8: =DF8+DG7 -> 0 | DH8: =IF(CR8=1,1,0) -> 0 | DI8: =DH8+DI7 -> 0 | DJ8: =IF(CR8=2,1,0) -> 1 | DK8: =DJ8+DK7 -> 6 | DL8: =IF(CR8>=3,1,0) -> 0 | DM8: =DL8+DM7 -> 0 | DO8: =IF($E8=4,CP8-4,NA()) -> 2 | DQ8: =CP8-'Zusammenfassung Tag1-4'!$E$2/18 -> 4.7222222 | DR8: =DQ8+DR7 -> 22.333333 | DS8: 8 | DT8: =DS8+DT7 -> 43 | DU8: 4 | DV8: =DU8+DV7 -> 15 | DW8: =IF(DS8-DU8<=$E8-2,1,0) -> 0 | DX8: =DW8+DX7 -> 1 | DY8: =IF(DW8=0,IF(DS8=$E8,1,0),0) -> 0 | DZ8: =DY8+DZ7 -> 0 | EA8: =IF($E8-DS8=1,1,0) -> 0 | EB8: =EA8+EB7 -> 0 | EC8: =IF(DS8=$E8,1,0) -> 0 | ED8: =EC8+ED7 -> 1 | EE8: =IF(DS8-$E8=1,1,0) -> 0 | EF8: =EE8+EF7 -> 0 | EG8: =IF(DS8-$E8>=2,1,0) -> 1 | EH8: =EG8+EH7 -> 5 | EI8: =IF(DU8=0,1,0) -> 0 | EJ8: =EI8+EJ7 -> 0 | EK8: =IF(DU8=1,1,0) -> 0 | EL8: =EK8+EL7 -> 0 | EM8: =IF(DU8=2,1,0) -> 0 | EN8: =EM8+EN7 -> 4 | EO8: =IF(DU8>=3,1,0) -> 1 | EP8: =EO8+EP7 -> 2 | ER8: =IF($E8=4,DS8-4,NA()) -> 4 | ET8: =DS8-'Zusammenfassung Tag1-4'!$F$2/18 -> 5 | EU8: =ET8+EU7 -> 25 | EV8: 6 | EW8: =EV8+EW7 -> 34 | EX8: 3 | EY8: =EX8+EY7 -> 16 | EZ8: =IF(EV8-EX8<=$E8-2,1,0) -> 0 | FA8: =EZ8+FA7 -> 2 | FB8: =IF(EZ8=0,IF(EV8=$E8,1,0),0) -> 0 | FC8: =FB8+FC7 -> 0 | FD8: =IF($E8-EV8=1,1,0) -> 0 | FE8: =FD8+FE7 -> 0 | FF8: =IF(EV8=$E8,1,0) -> 0 | FG8: =FF8+FG7 -> 1 | FH8: =IF(EV8-$E8=1,1,0) -> 0 | FI8: =FH8+FI7 -> 1 | FJ8: =IF(EV8-$E8>=2,1,0) -> 1 | FK8: =FJ8+FK7 -> 4 | FL8: =IF(EX8=0,1,0) -> 0 | FM8: =FL8+FM7 -> 0 | FN8: =IF(EX8=1,1,0) -> 0 | FO8: =FN8+FO7 -> 0 | FP8: =IF(EX8=2,1,0) -> 0 | FQ8: =FP8+FQ7 -> 2 | FR8: =IF(EX8>=3,1,0) -> 1 | FS8: =FR8+FS7 -> 4 | FU8: =IF($E8=4,EV8-4,NA()) -> 2 | FW8: =EV8-'Zusammenfassung Tag1-4'!$G$2/18 -> 4.5 | FX8: =FW8+FX7 -> 25 | FY8: 7 | FZ8: =FY8+FZ7 -> 45 | GA8: 2 | GB8: =GA8+GB7 -> 15 | GC8: =IF(FY8-GA8<=$E8-2,1,0) -> 0 | GD8: =GC8+GD7 -> 1 | GE8: =IF(GC8=0,IF(FY8=$E8,1,0),0) -> 0 | GF8: =GE8+GF7 -> 0 | GG8: =IF($E8-FY8=1,1,0) -> 0 | GH8: =GG8+GH7 -> 0 | GI8: =IF(FY8=$E8,1,0) -> 0 | GJ8: =GI8+GJ7 -> 0 | GK8: =IF(FY8-$E8=1,1,0) -> 0 | GL8: =GK8+GL7 -> 1 | GM8: =IF(FY8-$E8>=2,1,0) -> 1 | GN8: =GM8+GN7 -> 5 | GO8: =IF(GA8=0,1,0) -> 0 | GP8: =GO8+GP7 -> 0 | GQ8: =IF(GA8=1,1,0) -> 0 | GR8: =GQ8+GR7 -> 0 | GS8: =IF(GA8=2,1,0) -> 1 | GT8: =GS8+GT7 -> 3 | GU8: =IF(GA8>=3,1,0) -> 0 | GV8: =GU8+GV7 -> 3 | GX8: =IF($E8=4,FY8-4,NA()) -> 3 | GZ8: =FY8-'Zusammenfassung Tag1-4'!$H$2/18 -> 4 | HA8: =GZ8+HA7 -> 27 | HB8: 5 | HC8: =HB8+HC7 -> 30 | HD8: 2 | HE8: =HD8+HE7 -> 12 | HF8: =IF(HB8-HD8<=$E8-2,1,0) -> 0 | HG8: =HF8+HG7 -> 2 | HH8: =IF(HF8=0,IF(HB8=$E8,1,0),0) -> 0 | HI8: =HH8+HI7 -> 1 | HJ8: =IF($E8-HB8=1,1,0) -> 0 | HK8: =HJ8+HK7 -> 0 | HL8: =IF(HB8=$E8,1,0) -> 0 | HM8: =HL8+HM7 -> 2 | HN8: =IF(HB8-$E8=1,1,0) -> 1 | HO8: =HN8+HO7 -> 3 | HP8: =IF(HB8-$E8>=2,1,0) -> 0 | HQ8: =HP8+HQ7 -> 1 | HR8: =IF(HD8=0,1,0) -> 0 | HS8: =HR8+HS7 -> 0 | HT8: =IF(HD8=1,1,0) -> 0 | HU8: =HT8+HU7 -> 1 | HV8: =IF(HD8=2,1,0) -> 1 | HW8: =HV8+HW7 -> 4 | HX8: =IF(HD8>=3,1,0) -> 0 | HY8: =HX8+HY7 -> 1 | IA8: =IF($E8=4,HB8-4,NA()) -> 1 | IC8: =HB8-'Zusammenfassung Tag1-4'!$I$2/18 -> 4 | ID8: =IC8+ID7 -> 24 | IF8: =IE8+IF7 -> 0 | IH8: =IG8+IH7 -> 0 | II8: =IF(IE8-IG8<=$E8-2,1,0) -> 1 | IJ8: =II8+IJ7 -> 6 | IK8: =IF(II8=0,IF(IE8=$E8,1,0),0) -> 0 | IL8: =IK8+IL7 -> 0 | IM8: =IF($E8-IE8=1,1,0) -> 0 | IN8: =IM8+IN7 -> 0 | IO8: =IF(IE8=$E8,1,0) -> 0 | IP8: =IO8+IP7 -> 0 | IQ8: =IF(IE8-$E8=1,1,0) -> 0 | IR8: =IQ8+IR7 -> 0 | IS8: =IF(IE8-$E8>=2,1,0) -> 0 | IT8: =IS8+IT7 -> 0 | IU8: =IF(IG8=0,1,0) -> 1 | IV8: =IU8+IV7 -> 6 | IW8: =IF(IG8=1,1,0) -> 0 | IX8: =IW8+IX7 -> 0 | IY8: =IF(IG8=2,1,0) -> 0 | IZ8: =IY8+IZ7 -> 0 | JA8: =IF(IG8>=3,1,0) -> 0 | JB8: =JA8+JB7 -> 0 | JD8: =IF($E8=4,IE8-4,NA()) -> -4 | JF8: =IE8-'Zusammenfassung Tag1-4'!$J$2/18 -> -3 | JG8: =JF8+JG7 -> -18 | JI8: =JH8+JI7 -> 0 | JK8: =JJ8+JK7 -> 0 | JL8: =IF(JH8-JJ8<=$E8-2,1,0) -> 1 | JM8: =JL8+JM7 -> 6 | JN8: =IF(JL8=0,IF(JH8=$E8,1,0),0) -> 0 | JO8: =JN8+JO7 -> 0 | JP8: =IF($E8-JH8=1,1,0) -> 0 | JQ8: =JP8+JQ7 -> 0 | JR8: =IF(JH8=$E8,1,0) -> 0 | JS8: =JR8+JS7 -> 0 | JT8: =IF(JH8-$E8=1,1,0) -> 0 | JU8: =JT8+JU7 -> 0 | JV8: =IF(JH8-$E8>=2,1,0) -> 0 | JW8: =JV8+JW7 -> 0 | JX8: =IF(JJ8=0,1,0) -> 1 | JY8: =JX8+JY7 -> 6 | JZ8: =IF(JJ8=1,1,0) -> 0 | KA8: =JZ8+KA7 -> 0 | KB8: =IF(JJ8=2,1,0) -> 0 | KC8: =KB8+KC7 -> 0 | KD8: =IF(JJ8>=3,1,0) -> 0 | KE8: =KD8+KE7 -> 0 | KG8: =IF($E8=4,JH8-4,NA()) -> -4 | KI8: =JH8-'Zusammenfassung Tag1-4'!$K$2/18 -> -0.77777778 | KJ8: =KI8+KJ7 -> -4.6666667
C9: 7 | D9: =D8+1 -> 7 | E9: 5 | F9: =E9+F8 -> 29 | G9: 7 | H9: =G9+H8 -> 37 | I9: 3 | J9: =I9+J8 -> 16 | K9: =IF(G9-I9<=$E9-2,1,0) -> 0 | L9: =K9+L8 -> 3 | M9: =IF(K9=0,IF(G9=$E9,1,0),0) -> 0 | N9: =M9+N8 -> 0 | O9: =IF($E9-G9=1,1,0) -> 0 | P9: =O9+P8 -> 0 | Q9: =IF(G9=$E9,1,0) -> 0 | R9: =Q9+R8 -> 2 | S9: =IF(G9-$E9=1,1,0) -> 0 | T9: =S9+T8 -> 2 | U9: =IF(G9-$E9>=2,1,0) -> 1 | V9: =U9+V8 -> 3 | W9: =IF(I9=0,1,0) -> 0 | X9: =W9+X8 -> 0 | Y9: =IF(I9=1,1,0) -> 0 | Z9: =Y9+Z8 -> 1 | AA9: =IF(I9=2,1,0) -> 0 | AB9: =AA9+AB8 -> 4 | AC9: =IF(I9>=3,1,0) -> 1 | AD9: =AC9+AD8 -> 2 | AG9: =IF($E9=5,G9-5,NA()) -> 2 | AH9: =G9-'Zusammenfassung Tag1-4'!$B$2/18 -> 5.8888889 | AI9: =AH9+AI8 -> 29.222222 | AJ9: 5 | AK9: =AJ9+AK8 -> 31 | AL9: 2 | AM9: =AL9+AM8 -> 15 | AN9: =IF(AJ9-AL9<=$E9-2,1,0) -> 1 | AO9: =AN9+AO8 -> 6 | AP9: =IF(AN9=0,IF(AJ9=$E9,1,0),0) -> 0 | AQ9: =AP9+AQ8 -> 1 | AR9: =IF($E9-AJ9=1,1,0) -> 0 | AS9: =AR9+AS8 -> 0 | AT9: =IF(AJ9=$E9,1,0) -> 1 | AU9: =AT9+AU8 -> 5 | AV9: =IF(AJ9-$E9=1,1,0) -> 0 | AW9: =AV9+AW8 -> 2 | AX9: =IF(AJ9-$E9>=2,1,0) -> 0 | AY9: =AX9+AY8 -> 0 | AZ9: =IF(AL9=0,1,0) -> 0 | BA9: =AZ9+BA8 -> 0 | BB9: =IF(AL9=1,1,0) -> 0 | BC9: =BB9+BC8 -> 1 | BD9: =IF(AL9=2,1,0) -> 1 | BE9: =BD9+BE8 -> 4 | BF9: =IF(AL9>=3,1,0) -> 0 | BG9: =BF9+BG8 -> 2 | BJ9: =IF($E9=5,AJ9-5,NA()) -> 0 | BK9: =AJ9-'Zusammenfassung Tag1-4'!$C$2/18 -> 4.3333333 | BL9: =BK9+BL8 -> 26.333333 | BM9: 6 | BN9: =BM9+BN8 -> 37 | BO9: 1 | BP9: =BO9+BP8 -> 13 | BQ9: =IF(BM9-BO9<=$E9-2,1,0) -> 0 | BR9: =BQ9+BR8 -> 3 | BS9: =IF(BQ9=0,IF(BM9=$E9,1,0),0) -> 0 | BT9: =BS9+BT8 -> 1 | BU9: =IF($E9-BM9=1,1,0) -> 0 | BV9: =BU9+BV8 -> 0 | BW9: =IF(BM9=$E9,1,0) -> 0 | BX9: =BW9+BX8 -> 4 | BY9: =IF(BM9-$E9=1,1,0) -> 1 | BZ9: =BY9+BZ8 -> 1 | CA9: =IF(BM9-$E9>=2,1,0) -> 0 | CB9: =CA9+CB8 -> 2 | CC9: =IF(BO9=0,1,0) -> 0 | CD9: =CC9+CD8 -> 0 | CE9: =IF(BO9=1,1,0) -> 1 | CF9: =CE9+CF8 -> 2 | CG9: =IF(BO9=2,1,0) -> 0 | CH9: =CG9+CH8 -> 4 | CI9: =IF(BO9>=3,1,0) -> 0 | CJ9: =CI9+CJ8 -> 1 | CM9: =IF($E9=5,BM9-5,NA()) -> 1 | CN9: =BM9-'Zusammenfassung Tag1-4'!$D$2/18 -> 4.6666667 | CO9: =CN9+CO8 -> 27.666667 | CP9: 7 | CQ9: =CP9+CQ8 -> 37 | CR9: 1 | CS9: =CR9+CS8 -> 13 | CT9: =IF(CP9-CR9<=$E9-2,1,0) -> 0 | CU9: =CT9+CU8 -> 2 | CV9: =IF(CT9=0,IF(CP9=$E9,1,0),0) -> 0 | CW9: =CV9+CW8 -> 0 | CX9: =IF($E9-CP9=1,1,0) -> 0 | CY9: =CX9+CY8 -> 0 | CZ9: =IF(CP9=$E9,1,0) -> 0 | DA9: =CZ9+DA8 -> 2 | DB9: =IF(CP9-$E9=1,1,0) -> 0 | DC9: =DB9+DC8 -> 2 | DD9: =IF(CP9-$E9>=2,1,0) -> 1 | DE9: =DD9+DE8 -> 3 | DF9: =IF(CR9=0,1,0) -> 0 | DG9: =DF9+DG8 -> 0 | DH9: =IF(CR9=1,1,0) -> 1 | DI9: =DH9+DI8 -> 1 | DJ9: =IF(CR9=2,1,0) -> 0 | DK9: =DJ9+DK8 -> 6 | DL9: =IF(CR9>=3,1,0) -> 0 | DM9: =DL9+DM8 -> 0 | DP9: =IF($E9=5,CP9-5,NA()) -> 2 | DQ9: =CP9-'Zusammenfassung Tag1-4'!$E$2/18 -> 5.7222222 | DR9: =DQ9+DR8 -> 28.055556 | DS9: 10 | DT9: =DS9+DT8 -> 53 | DU9: 2 | DV9: =DU9+DV8 -> 17 | DW9: =IF(DS9-DU9<=$E9-2,1,0) -> 0 | DX9: =DW9+DX8 -> 1 | DY9: =IF(DW9=0,IF(DS9=$E9,1,0),0) -> 0 | DZ9: =DY9+DZ8 -> 0 | EA9: =IF($E9-DS9=1,1,0) -> 0 | EB9: =EA9+EB8 -> 0 | EC9: =IF(DS9=$E9,1,0) -> 0 | ED9: =EC9+ED8 -> 1 | EE9: =IF(DS9-$E9=1,1,0) -> 0 | EF9: =EE9+EF8 -> 0 | EG9: =IF(DS9-$E9>=2,1,0) -> 1 | EH9: =EG9+EH8 -> 6 | EI9: =IF(DU9=0,1,0) -> 0 | EJ9: =EI9+EJ8 -> 0 | EK9: =IF(DU9=1,1,0) -> 0 | EL9: =EK9+EL8 -> 0 | EM9: =IF(DU9=2,1,0) -> 1 | EN9: =EM9+EN8 -> 5 | EO9: =IF(DU9>=3,1,0) -> 0 | EP9: =EO9+EP8 -> 2 | ES9: =IF($E9=5,DS9-5,NA()) -> 5 | ET9: =DS9-'Zusammenfassung Tag1-4'!$F$2/18 -> 7 | EU9: =ET9+EU8 -> 32 | EV9: 7 | EW9: =EV9+EW8 -> 41 | EX9: 1 | EY9: =EX9+EY8 -> 17 | EZ9: =IF(EV9-EX9<=$E9-2,1,0) -> 0 | FA9: =EZ9+FA8 -> 2 | FB9: =IF(EZ9=0,IF(EV9=$E9,1,0),0) -> 0 | FC9: =FB9+FC8 -> 0 | FD9: =IF($E9-EV9=1,1,0) -> 0 | FE9: =FD9+FE8 -> 0 | FF9: =IF(EV9=$E9,1,0) -> 0 | FG9: =FF9+FG8 -> 1 | FH9: =IF(EV9-$E9=1,1,0) -> 0 | FI9: =FH9+FI8 -> 1 | FJ9: =IF(EV9-$E9>=2,1,0) -> 1 | FK9: =FJ9+FK8 -> 5 | FL9: =IF(EX9=0,1,0) -> 0 | FM9: =FL9+FM8 -> 0 | FN9: =IF(EX9=1,1,0) -> 1 | FO9: =FN9+FO8 -> 1 | FP9: =IF(EX9=2,1,0) -> 0 | FQ9: =FP9+FQ8 -> 2 | FR9: =IF(EX9>=3,1,0) -> 0 | FS9: =FR9+FS8 -> 4 | FV9: =IF($E9=5,EV9-5,NA()) -> 2 | FW9: =EV9-'Zusammenfassung Tag1-4'!$G$2/18 -> 5.5 | FX9: =FW9+FX8 -> 30.5 | FY9: 10 | FZ9: =FY9+FZ8 -> 55 | GA9: 2 | GB9: =GA9+GB8 -> 17 | GC9: =IF(FY9-GA9<=$E9-2,1,0) -> 0 | GD9: =GC9+GD8 -> 1 | GE9: =IF(GC9=0,IF(FY9=$E9,1,0),0) -> 0 | GF9: =GE9+GF8 -> 0 | GG9: =IF($E9-FY9=1,1,0) -> 0 | GH9: =GG9+GH8 -> 0 | GI9: =IF(FY9=$E9,1,0) -> 0 | GJ9: =GI9+GJ8 -> 0 | GK9: =IF(FY9-$E9=1,1,0) -> 0 | GL9: =GK9+GL8 -> 1 | GM9: =IF(FY9-$E9>=2,1,0) -> 1 | GN9: =GM9+GN8 -> 6 | GO9: =IF(GA9=0,1,0) -> 0 | GP9: =GO9+GP8 -> 0 | GQ9: =IF(GA9=1,1,0) -> 0 | GR9: =GQ9+GR8 -> 0 | GS9: =IF(GA9=2,1,0) -> 1 | GT9: =GS9+GT8 -> 4 | GU9: =IF(GA9>=3,1,0) -> 0 | GV9: =GU9+GV8 -> 3 | GY9: =IF($E9=5,FY9-5,NA()) -> 5 | GZ9: =FY9-'Zusammenfassung Tag1-4'!$H$2/18 -> 7 | HA9: =GZ9+HA8 -> 34 | HB9: 6 | HC9: =HB9+HC8 -> 36 | HD9: 2 | HE9: =HD9+HE8 -> 14 | HF9: =IF(HB9-HD9<=$E9-2,1,0) -> 0 | HG9: =HF9+HG8 -> 2 | HH9: =IF(HF9=0,IF(HB9=$E9,1,0),0) -> 0 | HI9: =HH9+HI8 -> 1 | HJ9: =IF($E9-HB9=1,1,0) -> 0 | HK9: =HJ9+HK8 -> 0 | HL9: =IF(HB9=$E9,1,0) -> 0 | HM9: =HL9+HM8 -> 2 | HN9: =IF(HB9-$E9=1,1,0) -> 1 | HO9: =HN9+HO8 -> 4 | HP9: =IF(HB9-$E9>=2,1,0) -> 0 | HQ9: =HP9+HQ8 -> 1 | HR9: =IF(HD9=0,1,0) -> 0 | HS9: =HR9+HS8 -> 0 | HT9: =IF(HD9=1,1,0) -> 0 | HU9: =HT9+HU8 -> 1 | HV9: =IF(HD9=2,1,0) -> 1 | HW9: =HV9+HW8 -> 5 | HX9: =IF(HD9>=3,1,0) -> 0 | HY9: =HX9+HY8 -> 1 | IB9: =IF($E9=5,HB9-5,NA()) -> 1 | IC9: =HB9-'Zusammenfassung Tag1-4'!$I$2/18 -> 5 | ID9: =IC9+ID8 -> 29 | IF9: =IE9+IF8 -> 0 | IH9: =IG9+IH8 -> 0 | II9: =IF(IE9-IG9<=$E9-2,1,0) -> 1 | IJ9: =II9+IJ8 -> 7 | IK9: =IF(II9=0,IF(IE9=$E9,1,0),0) -> 0 | IL9: =IK9+IL8 -> 0 | IM9: =IF($E9-IE9=1,1,0) -> 0 | IN9: =IM9+IN8 -> 0 | IO9: =IF(IE9=$E9,1,0) -> 0 | IP9: =IO9+IP8 -> 0 | IQ9: =IF(IE9-$E9=1,1,0) -> 0 | IR9: =IQ9+IR8 -> 0 | IS9: =IF(IE9-$E9>=2,1,0) -> 0 | IT9: =IS9+IT8 -> 0 | IU9: =IF(IG9=0,1,0) -> 1 | IV9: =IU9+IV8 -> 7 | IW9: =IF(IG9=1,1,0) -> 0 | IX9: =IW9+IX8 -> 0 | IY9: =IF(IG9=2,1,0) -> 0 | IZ9: =IY9+IZ8 -> 0 | JA9: =IF(IG9>=3,1,0) -> 0 | JB9: =JA9+JB8 -> 0 | JE9: =IF($E9=5,IE9-5,NA()) -> -5 | JF9: =IE9-'Zusammenfassung Tag1-4'!$J$2/18 -> -3 | JG9: =JF9+JG8 -> -21 | JI9: =JH9+JI8 -> 0 | JK9: =JJ9+JK8 -> 0 | JL9: =IF(JH9-JJ9<=$E9-2,1,0) -> 1 | JM9: =JL9+JM8 -> 7 | JN9: =IF(JL9=0,IF(JH9=$E9,1,0),0) -> 0 | JO9: =JN9+JO8 -> 0 | JP9: =IF($E9-JH9=1,1,0) -> 0 | JQ9: =JP9+JQ8 -> 0 | JR9: =IF(JH9=$E9,1,0) -> 0 | JS9: =JR9+JS8 -> 0 | JT9: =IF(JH9-$E9=1,1,0) -> 0 | JU9: =JT9+JU8 -> 0 | JV9: =IF(JH9-$E9>=2,1,0) -> 0 | JW9: =JV9+JW8 -> 0 | JX9: =IF(JJ9=0,1,0) -> 1 | JY9: =JX9+JY8 -> 7 | JZ9: =IF(JJ9=1,1,0) -> 0 | KA9: =JZ9+KA8 -> 0 | KB9: =IF(JJ9=2,1,0) -> 0 | KC9: =KB9+KC8 -> 0 | KD9: =IF(JJ9>=3,1,0) -> 0 | KE9: =KD9+KE8 -> 0 | KH9: =IF($E9=5,JH9-5,NA()) -> -5 | KI9: =JH9-'Zusammenfassung Tag1-4'!$K$2/18 -> -0.77777778 | KJ9: =KI9+KJ8 -> -5.4444444
C10: 8 | D10: =D9+1 -> 8 | E10: 3 | F10: =E10+F9 -> 32 | G10: 4 | H10: =G10+H9 -> 41 | I10: 1 | J10: =I10+J9 -> 17 | K10: =IF(G10-I10<=$E10-2,1,0) -> 0 | L10: =K10+L9 -> 3 | M10: =IF(K10=0,IF(G10=$E10,1,0),0) -> 0 | N10: =M10+N9 -> 0 | O10: =IF($E10-G10=1,1,0) -> 0 | P10: =O10+P9 -> 0 | Q10: =IF(G10=$E10,1,0) -> 0 | R10: =Q10+R9 -> 2 | S10: =IF(G10-$E10=1,1,0) -> 1 | T10: =S10+T9 -> 3 | U10: =IF(G10-$E10>=2,1,0) -> 0 | V10: =U10+V9 -> 3 | W10: =IF(I10=0,1,0) -> 0 | X10: =W10+X9 -> 0 | Y10: =IF(I10=1,1,0) -> 1 | Z10: =Y10+Z9 -> 2 | AA10: =IF(I10=2,1,0) -> 0 | AB10: =AA10+AB9 -> 4 | AC10: =IF(I10>=3,1,0) -> 0 | AD10: =AC10+AD9 -> 2 | AE10: =IF($E10=3,G10-3,NA()) -> 1 | AH10: =G10-'Zusammenfassung Tag1-4'!$B$2/18 -> 2.8888889 | AI10: =AH10+AI9 -> 32.111111 | AJ10: 4 | AK10: =AJ10+AK9 -> 35 | AL10: 3 | AM10: =AL10+AM9 -> 18 | AN10: =IF(AJ10-AL10<=$E10-2,1,0) -> 1 | AO10: =AN10+AO9 -> 7 | AP10: =IF(AN10=0,IF(AJ10=$E10,1,0),0) -> 0 | AQ10: =AP10+AQ9 -> 1 | AR10: =IF($E10-AJ10=1,1,0) -> 0 | AS10: =AR10+AS9 -> 0 | AT10: =IF(AJ10=$E10,1,0) -> 0 | AU10: =AT10+AU9 -> 5 | AV10: =IF(AJ10-$E10=1,1,0) -> 1 | AW10: =AV10+AW9 -> 3 | AX10: =IF(AJ10-$E10>=2,1,0) -> 0 | AY10: =AX10+AY9 -> 0 | AZ10: =IF(AL10=0,1,0) -> 0 | BA10: =AZ10+BA9 -> 0 | BB10: =IF(AL10=1,1,0) -> 0 | BC10: =BB10+BC9 -> 1 | BD10: =IF(AL10=2,1,0) -> 0 | BE10: =BD10+BE9 -> 4 | BF10: =IF(AL10>=3,1,0) -> 1 | BG10: =BF10+BG9 -> 3 | BH10: =IF($E10=3,AJ10-3,NA()) -> 1 | BK10: =AJ10-'Zusammenfassung Tag1-4'!$C$2/18 -> 3.3333333 | BL10: =BK10+BL9 -> 29.666667 | BM10: 4 | BN10: =BM10+BN9 -> 41 | BO10: 2 | BP10: =BO10+BP9 -> 15 | BQ10: =IF(BM10-BO10<=$E10-2,1,0) -> 0 | BR10: =BQ10+BR9 -> 3 | BS10: =IF(BQ10=0,IF(BM10=$E10,1,0),0) -> 0 | BT10: =BS10+BT9 -> 1 | BU10: =IF($E10-BM10=1,1,0) -> 0 | BV10: =BU10+BV9 -> 0 | BW10: =IF(BM10=$E10,1,0) -> 0 | BX10: =BW10+BX9 -> 4 | BY10: =IF(BM10-$E10=1,1,0) -> 1 | BZ10: =BY10+BZ9 -> 2 | CA10: =IF(BM10-$E10>=2,1,0) -> 0 | CB10: =CA10+CB9 -> 2 | CC10: =IF(BO10=0,1,0) -> 0 | CD10: =CC10+CD9 -> 0 | CE10: =IF(BO10=1,1,0) -> 0 | CF10: =CE10+CF9 -> 2 | CG10: =IF(BO10=2,1,0) -> 1 | CH10: =CG10+CH9 -> 5 | CI10: =IF(BO10>=3,1,0) -> 0 | CJ10: =CI10+CJ9 -> 1 | CK10: =IF($E10=3,BM10-3,NA()) -> 1 | CN10: =BM10-'Zusammenfassung Tag1-4'!$D$2/18 -> 2.6666667 | CO10: =CN10+CO9 -> 30.333333 | CP10: 4 | CQ10: =CP10+CQ9 -> 41 | CR10: 3 | CS10: =CR10+CS9 -> 16 | CT10: =IF(CP10-CR10<=$E10-2,1,0) -> 1 | CU10: =CT10+CU9 -> 3 | CV10: =IF(CT10=0,IF(CP10=$E10,1,0),0) -> 0 | CW10: =CV10+CW9 -> 0 | CX10: =IF($E10-CP10=1,1,0) -> 0 | CY10: =CX10+CY9 -> 0 | CZ10: =IF(CP10=$E10,1,0) -> 0 | DA10: =CZ10+DA9 -> 2 | DB10: =IF(CP10-$E10=1,1,0) -> 1 | DC10: =DB10+DC9 -> 3 | DD10: =IF(CP10-$E10>=2,1,0) -> 0 | DE10: =DD10+DE9 -> 3 | DF10: =IF(CR10=0,1,0) -> 0 | DG10: =DF10+DG9 -> 0 | DH10: =IF(CR10=1,1,0) -> 0 | DI10: =DH10+DI9 -> 1 | DJ10: =IF(CR10=2,1,0) -> 0 | DK10: =DJ10+DK9 -> 6 | DL10: =IF(CR10>=3,1,0) -> 1 | DM10: =DL10+DM9 -> 1 | DN10: =IF($E10=3,CP10-3,NA()) -> 1 | DQ10: =CP10-'Zusammenfassung Tag1-4'!$E$2/18 -> 2.7222222 | DR10: =DQ10+DR9 -> 30.777778 | DS10: 5 | DT10: =DS10+DT9 -> 58 | DU10: 3 | DV10: =DU10+DV9 -> 20 | DW10: =IF(DS10-DU10<=$E10-2,1,0) -> 0 | DX10: =DW10+DX9 -> 1 | DY10: =IF(DW10=0,IF(DS10=$E10,1,0),0) -> 0 | DZ10: =DY10+DZ9 -> 0 | EA10: =IF($E10-DS10=1,1,0) -> 0 | EB10: =EA10+EB9 -> 0 | EC10: =IF(DS10=$E10,1,0) -> 0 | ED10: =EC10+ED9 -> 1 | EE10: =IF(DS10-$E10=1,1,0) -> 0 | EF10: =EE10+EF9 -> 0 | EG10: =IF(DS10-$E10>=2,1,0) -> 1 | EH10: =EG10+EH9 -> 7 | EI10: =IF(DU10=0,1,0) -> 0 | EJ10: =EI10+EJ9 -> 0 | EK10: =IF(DU10=1,1,0) -> 0 | EL10: =EK10+EL9 -> 0 | EM10: =IF(DU10=2,1,0) -> 0 | EN10: =EM10+EN9 -> 5 | EO10: =IF(DU10>=3,1,0) -> 1 | EP10: =EO10+EP9 -> 3 | EQ10: =IF($E10=3,DS10-3,NA()) -> 2 | ET10: =DS10-'Zusammenfassung Tag1-4'!$F$2/18 -> 2 | EU10: =ET10+EU9 -> 34 | EV10: 4 | EW10: =EV10+EW9 -> 45 | EX10: 2 | EY10: =EX10+EY9 -> 19 | EZ10: =IF(EV10-EX10<=$E10-2,1,0) -> 0 | FA10: =EZ10+FA9 -> 2 | FB10: =IF(EZ10=0,IF(EV10=$E10,1,0),0) -> 0 | FC10: =FB10+FC9 -> 0 | FD10: =IF($E10-EV10=1,1,0) -> 0 | FE10: =FD10+FE9 -> 0 | FF10: =IF(EV10=$E10,1,0) -> 0 | FG10: =FF10+FG9 -> 1 | FH10: =IF(EV10-$E10=1,1,0) -> 1 | FI10: =FH10+FI9 -> 2 | FJ10: =IF(EV10-$E10>=2,1,0) -> 0 | FK10: =FJ10+FK9 -> 5 | FL10: =IF(EX10=0,1,0) -> 0 | FM10: =FL10+FM9 -> 0 | FN10: =IF(EX10=1,1,0) -> 0 | FO10: =FN10+FO9 -> 1 | FP10: =IF(EX10=2,1,0) -> 1 | FQ10: =FP10+FQ9 -> 3 | FR10: =IF(EX10>=3,1,0) -> 0 | FS10: =FR10+FS9 -> 4 | FT10: =IF($E10=3,EV10-3,NA()) -> 1 | FW10: =EV10-'Zusammenfassung Tag1-4'!$G$2/18 -> 2.5 | FX10: =FW10+FX9 -> 33 | FY10: 5 | FZ10: =FY10+FZ9 -> 60 | GA10: 3 | GB10: =GA10+GB9 -> 20 | GC10: =IF(FY10-GA10<=$E10-2,1,0) -> 0 | GD10: =GC10+GD9 -> 1 | GE10: =IF(GC10=0,IF(FY10=$E10,1,0),0) -> 0 | GF10: =GE10+GF9 -> 0 | GG10: =IF($E10-FY10=1,1,0) -> 0 | GH10: =GG10+GH9 -> 0 | GI10: =IF(FY10=$E10,1,0) -> 0 | GJ10: =GI10+GJ9 -> 0 | GK10: =IF(FY10-$E10=1,1,0) -> 0 | GL10: =GK10+GL9 -> 1 | GM10: =IF(FY10-$E10>=2,1,0) -> 1 | GN10: =GM10+GN9 -> 7 | GO10: =IF(GA10=0,1,0) -> 0 | GP10: =GO10+GP9 -> 0 | GQ10: =IF(GA10=1,1,0) -> 0 | GR10: =GQ10+GR9 -> 0 | GS10: =IF(GA10=2,1,0) -> 0 | GT10: =GS10+GT9 -> 4 | GU10: =IF(GA10>=3,1,0) -> 1 | GV10: =GU10+GV9 -> 4 | GW10: =IF($E10=3,FY10-3,NA()) -> 2 | GZ10: =FY10-'Zusammenfassung Tag1-4'!$H$2/18 -> 2 | HA10: =GZ10+HA9 -> 36 | HB10: 4 | HC10: =HB10+HC9 -> 40 | HD10: 3 | HE10: =HD10+HE9 -> 17 | HF10: =IF(HB10-HD10<=$E10-2,1,0) -> 1 | HG10: =HF10+HG9 -> 3 | HH10: =IF(HF10=0,IF(HB10=$E10,1,0),0) -> 0 | HI10: =HH10+HI9 -> 1 | HJ10: =IF($E10-HB10=1,1,0) -> 0 | HK10: =HJ10+HK9 -> 0 | HL10: =IF(HB10=$E10,1,0) -> 0 | HM10: =HL10+HM9 -> 2 | HN10: =IF(HB10-$E10=1,1,0) -> 1 | HO10: =HN10+HO9 -> 5 | HP10: =IF(HB10-$E10>=2,1,0) -> 0 | HQ10: =HP10+HQ9 -> 1 | HR10: =IF(HD10=0,1,0) -> 0 | HS10: =HR10+HS9 -> 0 | HT10: =IF(HD10=1,1,0) -> 0 | HU10: =HT10+HU9 -> 1 | HV10: =IF(HD10=2,1,0) -> 0 | HW10: =HV10+HW9 -> 5 | HX10: =IF(HD10>=3,1,0) -> 1 | HY10: =HX10+HY9 -> 2 | HZ10: =IF($E10=3,HB10-3,NA()) -> 1 | IC10: =HB10-'Zusammenfassung Tag1-4'!$I$2/18 -> 3 | ID10: =IC10+ID9 -> 32 | IF10: =IE10+IF9 -> 0 | IH10: =IG10+IH9 -> 0 | II10: =IF(IE10-IG10<=$E10-2,1,0) -> 1 | IJ10: =II10+IJ9 -> 8 | IK10: =IF(II10=0,IF(IE10=$E10,1,0),0) -> 0 | IL10: =IK10+IL9 -> 0 | IM10: =IF($E10-IE10=1,1,0) -> 0 | IN10: =IM10+IN9 -> 0 | IO10: =IF(IE10=$E10,1,0) -> 0 | IP10: =IO10+IP9 -> 0 | IQ10: =IF(IE10-$E10=1,1,0) -> 0 | IR10: =IQ10+IR9 -> 0 | IS10: =IF(IE10-$E10>=2,1,0) -> 0 | IT10: =IS10+IT9 -> 0 | IU10: =IF(IG10=0,1,0) -> 1 | IV10: =IU10+IV9 -> 8 | IW10: =IF(IG10=1,1,0) -> 0 | IX10: =IW10+IX9 -> 0 | IY10: =IF(IG10=2,1,0) -> 0 | IZ10: =IY10+IZ9 -> 0 | JA10: =IF(IG10>=3,1,0) -> 0 | JB10: =JA10+JB9 -> 0 | JC10: =IF($E10=3,IE10-3,NA()) -> -3 | JF10: =IE10-'Zusammenfassung Tag1-4'!$J$2/18 -> -3 | JG10: =JF10+JG9 -> -24 | JI10: =JH10+JI9 -> 0 | JK10: =JJ10+JK9 -> 0 | JL10: =IF(JH10-JJ10<=$E10-2,1,0) -> 1 | JM10: =JL10+JM9 -> 8 | JN10: =IF(JL10=0,IF(JH10=$E10,1,0),0) -> 0 | JO10: =JN10+JO9 -> 0 | JP10: =IF($E10-JH10=1,1,0) -> 0 | JQ10: =JP10+JQ9 -> 0 | JR10: =IF(JH10=$E10,1,0) -> 0 | JS10: =JR10+JS9 -> 0 | JT10: =IF(JH10-$E10=1,1,0) -> 0 | JU10: =JT10+JU9 -> 0 | JV10: =IF(JH10-$E10>=2,1,0) -> 0 | JW10: =JV10+JW9 -> 0 | JX10: =IF(JJ10=0,1,0) -> 1 | JY10: =JX10+JY9 -> 8 | JZ10: =IF(JJ10=1,1,0) -> 0 | KA10: =JZ10+KA9 -> 0 | KB10: =IF(JJ10=2,1,0) -> 0 | KC10: =KB10+KC9 -> 0 | KD10: =IF(JJ10>=3,1,0) -> 0 | KE10: =KD10+KE9 -> 0 | KF10: =IF($E10=3,JH10-3,NA()) -> -3 | KI10: =JH10-'Zusammenfassung Tag1-4'!$K$2/18 -> -0.77777778 | KJ10: =KI10+KJ9 -> -6.2222222
C11: 9 | D11: =D10+1 -> 9 | E11: 4 | F11: =E11+F10 -> 36 | G11: 3 | H11: =G11+H10 -> 44 | I11: 1 | J11: =I11+J10 -> 18 | K11: =IF(G11-I11<=$E11-2,1,0) -> 1 | L11: =K11+L10 -> 4 | M11: =IF(K11=0,IF(G11=$E11,1,0),0) -> 0 | N11: =M11+N10 -> 0 | O11: =IF($E11-G11=1,1,0) -> 1 | P11: =O11+P10 -> 1 | Q11: =IF(G11=$E11,1,0) -> 0 | R11: =Q11+R10 -> 2 | S11: =IF(G11-$E11=1,1,0) -> 0 | T11: =S11+T10 -> 3 | U11: =IF(G11-$E11>=2,1,0) -> 0 | V11: =U11+V10 -> 3 | W11: =IF(I11=0,1,0) -> 0 | X11: =W11+X10 -> 0 | Y11: =IF(I11=1,1,0) -> 1 | Z11: =Y11+Z10 -> 3 | AA11: =IF(I11=2,1,0) -> 0 | AB11: =AA11+AB10 -> 4 | AC11: =IF(I11>=3,1,0) -> 0 | AD11: =AC11+AD10 -> 2 | AF11: =IF($E11=4,G11-4,NA()) -> -1 | AH11: =G11-'Zusammenfassung Tag1-4'!$B$2/18 -> 1.8888889 | AI11: =AH11+AI10 -> 34 | AJ11: 6 | AK11: =AJ11+AK10 -> 41 | AL11: 2 | AM11: =AL11+AM10 -> 20 | AN11: =IF(AJ11-AL11<=$E11-2,1,0) -> 0 | AO11: =AN11+AO10 -> 7 | AP11: =IF(AN11=0,IF(AJ11=$E11,1,0),0) -> 0 | AQ11: =AP11+AQ10 -> 1 | AR11: =IF($E11-AJ11=1,1,0) -> 0 | AS11: =AR11+AS10 -> 0 | AT11: =IF(AJ11=$E11,1,0) -> 0 | AU11: =AT11+AU10 -> 5 | AV11: =IF(AJ11-$E11=1,1,0) -> 0 | AW11: =AV11+AW10 -> 3 | AX11: =IF(AJ11-$E11>=2,1,0) -> 1 | AY11: =AX11+AY10 -> 1 | AZ11: =IF(AL11=0,1,0) -> 0 | BA11: =AZ11+BA10 -> 0 | BB11: =IF(AL11=1,1,0) -> 0 | BC11: =BB11+BC10 -> 1 | BD11: =IF(AL11=2,1,0) -> 1 | BE11: =BD11+BE10 -> 5 | BF11: =IF(AL11>=3,1,0) -> 0 | BG11: =BF11+BG10 -> 3 | BI11: =IF($E11=4,AJ11-4,NA()) -> 2 | BK11: =AJ11-'Zusammenfassung Tag1-4'!$C$2/18 -> 5.3333333 | BL11: =BK11+BL10 -> 35 | BM11: 7 | BN11: =BM11+BN10 -> 48 | BO11: 3 | BP11: =BO11+BP10 -> 18 | BQ11: =IF(BM11-BO11<=$E11-2,1,0) -> 0 | BR11: =BQ11+BR10 -> 3 | BS11: =IF(BQ11=0,IF(BM11=$E11,1,0),0) -> 0 | BT11: =BS11+BT10 -> 1 | BU11: =IF($E11-BM11=1,1,0) -> 0 | BV11: =BU11+BV10 -> 0 | BW11: =IF(BM11=$E11,1,0) -> 0 | BX11: =BW11+BX10 -> 4 | BY11: =IF(BM11-$E11=1,1,0) -> 0 | BZ11: =BY11+BZ10 -> 2 | CA11: =IF(BM11-$E11>=2,1,0) -> 1 | CB11: =CA11+CB10 -> 3 | CC11: =IF(BO11=0,1,0) -> 0 | CD11: =CC11+CD10 -> 0 | CE11: =IF(BO11=1,1,0) -> 0 | CF11: =CE11+CF10 -> 2 | CG11: =IF(BO11=2,1,0) -> 0 | CH11: =CG11+CH10 -> 5 | CI11: =IF(BO11>=3,1,0) -> 1 | CJ11: =CI11+CJ10 -> 2 | CL11: =IF($E11=4,BM11-4,NA()) -> 3 | CN11: =BM11-'Zusammenfassung Tag1-4'!$D$2/18 -> 5.6666667 | CO11: =CN11+CO10 -> 36 | CP11: 4 | CQ11: =CP11+CQ10 -> 45 | CR11: 1 | CS11: =CR11+CS10 -> 17 | CT11: =IF(CP11-CR11<=$E11-2,1,0) -> 0 | CU11: =CT11+CU10 -> 3 | CV11: =IF(CT11=0,IF(CP11=$E11,1,0),0) -> 1 | CW11: =CV11+CW10 -> 1 | CX11: =IF($E11-CP11=1,1,0) -> 0 | CY11: =CX11+CY10 -> 0 | CZ11: =IF(CP11=$E11,1,0) -> 1 | DA11: =CZ11+DA10 -> 3 | DB11: =IF(CP11-$E11=1,1,0) -> 0 | DC11: =DB11+DC10 -> 3 | DD11: =IF(CP11-$E11>=2,1,0) -> 0 | DE11: =DD11+DE10 -> 3 | DF11: =IF(CR11=0,1,0) -> 0 | DG11: =DF11+DG10 -> 0 | DH11: =IF(CR11=1,1,0) -> 1 | DI11: =DH11+DI10 -> 2 | DJ11: =IF(CR11=2,1,0) -> 0 | DK11: =DJ11+DK10 -> 6 | DL11: =IF(CR11>=3,1,0) -> 0 | DM11: =DL11+DM10 -> 1 | DO11: =IF($E11=4,CP11-4,NA()) -> 0 | DQ11: =CP11-'Zusammenfassung Tag1-4'!$E$2/18 -> 2.7222222 | DR11: =DQ11+DR10 -> 33.5 | DS11: 9 | DT11: =DS11+DT10 -> 67 | DU11: 3 | DV11: =DU11+DV10 -> 23 | DW11: =IF(DS11-DU11<=$E11-2,1,0) -> 0 | DX11: =DW11+DX10 -> 1 | DY11: =IF(DW11=0,IF(DS11=$E11,1,0),0) -> 0 | DZ11: =DY11+DZ10 -> 0 | EA11: =IF($E11-DS11=1,1,0) -> 0 | EB11: =EA11+EB10 -> 0 | EC11: =IF(DS11=$E11,1,0) -> 0 | ED11: =EC11+ED10 -> 1 | EE11: =IF(DS11-$E11=1,1,0) -> 0 | EF11: =EE11+EF10 -> 0 | EG11: =IF(DS11-$E11>=2,1,0) -> 1 | EH11: =EG11+EH10 -> 8 | EI11: =IF(DU11=0,1,0) -> 0 | EJ11: =EI11+EJ10 -> 0 | EK11: =IF(DU11=1,1,0) -> 0 | EL11: =EK11+EL10 -> 0 | EM11: =IF(DU11=2,1,0) -> 0 | EN11: =EM11+EN10 -> 5 | EO11: =IF(DU11>=3,1,0) -> 1 | EP11: =EO11+EP10 -> 4 | ER11: =IF($E11=4,DS11-4,NA()) -> 5 | ET11: =DS11-'Zusammenfassung Tag1-4'!$F$2/18 -> 6 | EU11: =ET11+EU10 -> 40 | EV11: 6 | EW11: =EV11+EW10 -> 51 | EX11: 2 | EY11: =EX11+EY10 -> 21 | EZ11: =IF(EV11-EX11<=$E11-2,1,0) -> 0 | FA11: =EZ11+FA10 -> 2 | FB11: =IF(EZ11=0,IF(EV11=$E11,1,0),0) -> 0 | FC11: =FB11+FC10 -> 0 | FD11: =IF($E11-EV11=1,1,0) -> 0 | FE11: =FD11+FE10 -> 0 | FF11: =IF(EV11=$E11,1,0) -> 0 | FG11: =FF11+FG10 -> 1 | FH11: =IF(EV11-$E11=1,1,0) -> 0 | FI11: =FH11+FI10 -> 2 | FJ11: =IF(EV11-$E11>=2,1,0) -> 1 | FK11: =FJ11+FK10 -> 6 | FL11: =IF(EX11=0,1,0) -> 0 | FM11: =FL11+FM10 -> 0 | FN11: =IF(EX11=1,1,0) -> 0 | FO11: =FN11+FO10 -> 1 | FP11: =IF(EX11=2,1,0) -> 1 | FQ11: =FP11+FQ10 -> 4 | FR11: =IF(EX11>=3,1,0) -> 0 | FS11: =FR11+FS10 -> 4 | FU11: =IF($E11=4,EV11-4,NA()) -> 2 | FW11: =EV11-'Zusammenfassung Tag1-4'!$G$2/18 -> 4.5 | FX11: =FW11+FX10 -> 37.5 | FY11: 6 | FZ11: =FY11+FZ10 -> 66 | GA11: 2 | GB11: =GA11+GB10 -> 22 | GC11: =IF(FY11-GA11<=$E11-2,1,0) -> 0 | GD11: =GC11+GD10 -> 1 | GE11: =IF(GC11=0,IF(FY11=$E11,1,0),0) -> 0 | GF11: =GE11+GF10 -> 0 | GG11: =IF($E11-FY11=1,1,0) -> 0 | GH11: =GG11+GH10 -> 0 | GI11: =IF(FY11=$E11,1,0) -> 0 | GJ11: =GI11+GJ10 -> 0 | GK11: =IF(FY11-$E11=1,1,0) -> 0 | GL11: =GK11+GL10 -> 1 | GM11: =IF(FY11-$E11>=2,1,0) -> 1 | GN11: =GM11+GN10 -> 8 | GO11: =IF(GA11=0,1,0) -> 0 | GP11: =GO11+GP10 -> 0 | GQ11: =IF(GA11=1,1,0) -> 0 | GR11: =GQ11+GR10 -> 0 | GS11: =IF(GA11=2,1,0) -> 1 | GT11: =GS11+GT10 -> 5 | GU11: =IF(GA11>=3,1,0) -> 0 | GV11: =GU11+GV10 -> 4 | GX11: =IF($E11=4,FY11-4,NA()) -> 2 | GZ11: =FY11-'Zusammenfassung Tag1-4'!$H$2/18 -> 3 | HA11: =GZ11+HA10 -> 39 | HB11: 7 | HC11: =HB11+HC10 -> 47 | HD11: 3 | HE11: =HD11+HE10 -> 20 | HF11: =IF(HB11-HD11<=$E11-2,1,0) -> 0 | HG11: =HF11+HG10 -> 3 | HH11: =IF(HF11=0,IF(HB11=$E11,1,0),0) -> 0 | HI11: =HH11+HI10 -> 1 | HJ11: =IF($E11-HB11=1,1,0) -> 0 | HK11: =HJ11+HK10 -> 0 | HL11: =IF(HB11=$E11,1,0) -> 0 | HM11: =HL11+HM10 -> 2 | HN11: =IF(HB11-$E11=1,1,0) -> 0 | HO11: =HN11+HO10 -> 5 | HP11: =IF(HB11-$E11>=2,1,0) -> 1 | HQ11: =HP11+HQ10 -> 2 | HR11: =IF(HD11=0,1,0) -> 0 | HS11: =HR11+HS10 -> 0 | HT11: =IF(HD11=1,1,0) -> 0 | HU11: =HT11+HU10 -> 1 | HV11: =IF(HD11=2,1,0) -> 0 | HW11: =HV11+HW10 -> 5 | HX11: =IF(HD11>=3,1,0) -> 1 | HY11: =HX11+HY10 -> 3 | IA11: =IF($E11=4,HB11-4,NA()) -> 3 | IC11: =HB11-'Zusammenfassung Tag1-4'!$I$2/18 -> 6 | ID11: =IC11+ID10 -> 38 | IF11: =IE11+IF10 -> 0 | IH11: =IG11+IH10 -> 0 | II11: =IF(IE11-IG11<=$E11-2,1,0) -> 1 | IJ11: =II11+IJ10 -> 9 | IK11: =IF(II11=0,IF(IE11=$E11,1,0),0) -> 0 | IL11: =IK11+IL10 -> 0 | IM11: =IF($E11-IE11=1,1,0) -> 0 | IN11: =IM11+IN10 -> 0 | IO11: =IF(IE11=$E11,1,0) -> 0 | IP11: =IO11+IP10 -> 0 | IQ11: =IF(IE11-$E11=1,1,0) -> 0 | IR11: =IQ11+IR10 -> 0 | IS11: =IF(IE11-$E11>=2,1,0) -> 0 | IT11: =IS11+IT10 -> 0 | IU11: =IF(IG11=0,1,0) -> 1 | IV11: =IU11+IV10 -> 9 | IW11: =IF(IG11=1,1,0) -> 0 | IX11: =IW11+IX10 -> 0 | IY11: =IF(IG11=2,1,0) -> 0 | IZ11: =IY11+IZ10 -> 0 | JA11: =IF(IG11>=3,1,0) -> 0 | JB11: =JA11+JB10 -> 0 | JD11: =IF($E11=4,IE11-4,NA()) -> -4 | JF11: =IE11-'Zusammenfassung Tag1-4'!$J$2/18 -> -3 | JG11: =JF11+JG10 -> -27 | JI11: =JH11+JI10 -> 0 | JK11: =JJ11+JK10 -> 0 | JL11: =IF(JH11-JJ11<=$E11-2,1,0) -> 1 | JM11: =JL11+JM10 -> 9 | JN11: =IF(JL11=0,IF(JH11=$E11,1,0),0) -> 0 | JO11: =JN11+JO10 -> 0 | JP11: =IF($E11-JH11=1,1,0) -> 0 | JQ11: =JP11+JQ10 -> 0 | JR11: =IF(JH11=$E11,1,0) -> 0 | JS11: =JR11+JS10 -> 0 | JT11: =IF(JH11-$E11=1,1,0) -> 0 | JU11: =JT11+JU10 -> 0 | JV11: =IF(JH11-$E11>=2,1,0) -> 0 | JW11: =JV11+JW10 -> 0 | JX11: =IF(JJ11=0,1,0) -> 1 | JY11: =JX11+JY10 -> 9 | JZ11: =IF(JJ11=1,1,0) -> 0 | KA11: =JZ11+KA10 -> 0 | KB11: =IF(JJ11=2,1,0) -> 0 | KC11: =KB11+KC10 -> 0 | KD11: =IF(JJ11>=3,1,0) -> 0 | KE11: =KD11+KE10 -> 0 | KG11: =IF($E11=4,JH11-4,NA()) -> -4 | KI11: =JH11-'Zusammenfassung Tag1-4'!$K$2/18 -> -0.77777778 | KJ11: =KI11+KJ10 -> -7
C12: Total | E12: =SUM(E3:E11) -> 36 | G12: =SUM(G3:G11) -> 44 | I12: =SUM(I3:I11) -> 18 | K12: =SUM(K3:K11) -> 4 | M12: =SUM(M3:M11) -> 0 | O12: =SUM(O3:O11) -> 1 | Q12: =SUM(Q3:Q11) -> 2 | S12: =SUM(S3:S11) -> 3 | U12: =SUM(U3:U11) -> 3 | W12: =SUM(W3:W11) -> 0 | Y12: =SUM(Y3:Y11) -> 3 | AA12: =SUM(AA3:AA11) -> 4 | AC12: =SUM(AC3:AC11) -> 2 | AE12: =AVERAGE(AE3:AE11) -> 1.5 | AF12: =AVERAGE(AF3:AF11) -> 0.6 | AG12: =AVERAGE(AG3:AG11) -> 1 | AH12: =SUM(AH3:AH11) -> 34 | AJ12: =SUM(AJ3:AJ11) -> 41 | AL12: =SUM(AL3:AL11) -> 20 | AN12: =SUM(AN3:AN11) -> 7 | AP12: =SUM(AP3:AP11) -> 1 | AR12: =SUM(AR3:AR11) -> 0 | AT12: =SUM(AT3:AT11) -> 5 | AV12: =SUM(AV3:AV11) -> 3 | AX12: =SUM(AX3:AX11) -> 1 | AZ12: =SUM(AZ3:AZ11) -> 0 | BB12: =SUM(BB3:BB11) -> 1 | BD12: =SUM(BD3:BD11) -> 5 | BF12: =SUM(BF3:BF11) -> 3 | BH12: =AVERAGE(BH3:BH11) -> 1 | BI12: =AVERAGE(BI3:BI11) -> 0.6 | BJ12: =AVERAGE(BJ3:BJ11) -> 0 | BK12: =SUM(BK3:BK11) -> 35 | BM12: =SUM(BM3:BM11) -> 48 | BO12: =SUM(BO3:BO11) -> 18 | BQ12: =SUM(BQ3:BQ11) -> 3 | BS12: =SUM(BS3:BS11) -> 1 | BU12: =SUM(BU3:BU11) -> 0 | BW12: =SUM(BW3:BW11) -> 4 | BY12: =SUM(BY3:BY11) -> 2 | CA12: =SUM(CA3:CA11) -> 3 | CC12: =SUM(CC3:CC11) -> 0 | CE12: =SUM(CE3:CE11) -> 2 | CG12: =SUM(CG3:CG11) -> 5 | CI12: =SUM(CI3:CI11) -> 2 | CK12: =AVERAGE(CK3:CK11) -> 0.5 | CL12: =AVERAGE(CL3:CL11) -> 1.4 | CM12: =AVERAGE(CM3:CM11) -> 2 | CN12: =SUM(CN3:CN11) -> 36 | CP12: =SUM(CP3:CP11) -> 45 | CR12: =SUM(CR3:CR11) -> 17 | CT12: =SUM(CT3:CT11) -> 3 | CV12: =SUM(CV3:CV11) -> 1 | CX12: =SUM(CX3:CX11) -> 0 | CZ12: =SUM(CZ3:CZ11) -> 3 | DB12: =SUM(DB3:DB11) -> 3 | DD12: =SUM(DD3:DD11) -> 3 | DF12: =SUM(DF3:DF11) -> 0 | DH12: =SUM(DH3:DH11) -> 2 | DJ12: =SUM(DJ3:DJ11) -> 6 | DL12: =SUM(DL3:DL11) -> 1 | DN12: =AVERAGE(DN3:DN11) -> 1 | DO12: =AVERAGE(DO3:DO11) -> 0.6 | DP12: =AVERAGE(DP3:DP11) -> 2 | DQ12: =SUM(DQ3:DQ11) -> 33.5 | DS12: =SUM(DS3:DS11) -> 67 | DU12: =SUM(DU3:DU11) -> 23 | DW12: =SUM(DW3:DW11) -> 1 | DY12: =SUM(DY3:DY11) -> 0 | EA12: =SUM(EA3:EA11) -> 0 | EC12: =SUM(EC3:EC11) -> 1 | EE12: =SUM(EE3:EE11) -> 0 | EG12: =SUM(EG3:EG11) -> 8 | EI12: =SUM(EI3:EI11) -> 0 | EK12: =SUM(EK3:EK11) -> 0 | EM12: =SUM(EM3:EM11) -> 5 | EO12: =SUM(EO3:EO11) -> 4 | EQ12: =AVERAGE(EQ3:EQ11) -> 1 | ER12: =AVERAGE(ER3:ER11) -> 3.8 | ES12: =AVERAGE(ES3:ES11) -> 5 | ET12: =SUM(ET3:ET11) -> 40 | EV12: =SUM(EV3:EV11) -> 51 | EX12: =SUM(EX3:EX11) -> 21 | EZ12: =SUM(EZ3:EZ11) -> 2 | FB12: =SUM(FB3:FB11) -> 0 | FD12: =SUM(FD3:FD11) -> 0 | FF12: =SUM(FF3:FF11) -> 1 | FH12: =SUM(FH3:FH11) -> 2 | FJ12: =SUM(FJ3:FJ11) -> 6 | FL12: =SUM(FL3:FL11) -> 0 | FN12: =SUM(FN3:FN11) -> 1 | FP12: =SUM(FP3:FP11) -> 4 | FR12: =SUM(FR3:FR11) -> 4 | FT12: =AVERAGE(FT3:FT11) -> 1.5 | FU12: =AVERAGE(FU3:FU11) -> 1.8 | FV12: =AVERAGE(FV3:FV11) -> 1.5 | FW12: =SUM(FW3:FW11) -> 37.5 | FY12: =SUM(FY3:FY11) -> 66 | GA12: =SUM(GA3:GA11) -> 22 | GC12: =SUM(GC3:GC11) -> 1 | GE12: =SUM(GE3:GE11) -> 0 | GG12: =SUM(GG3:GG11) -> 0 | GI12: =SUM(GI3:GI11) -> 0 | GK12: =SUM(GK3:GK11) -> 1 | GM12: =SUM(GM3:GM11) -> 8 | GO12: =SUM(GO3:GO11) -> 0 | GQ12: =SUM(GQ3:GQ11) -> 0 | GS12: =SUM(GS3:GS11) -> 5 | GU12: =SUM(GU3:GU11) -> 4 | GW12: =AVERAGE(GW3:GW11) -> 3 | GX12: =AVERAGE(GX3:GX11) -> 3.2 | GY12: =AVERAGE(GY3:GY11) -> 4 | GZ12: =SUM(GZ3:GZ11) -> 39 | HB12: =SUM(HB3:HB11) -> 47 | HD12: =SUM(HD3:HD11) -> 20 | HF12: =SUM(HF3:HF11) -> 3 | HH12: =SUM(HH3:HH11) -> 1 | HJ12: =SUM(HJ3:HJ11) -> 0 | HL12: =SUM(HL3:HL11) -> 2 | HN12: =SUM(HN3:HN11) -> 5 | HP12: =SUM(HP3:HP11) -> 2 | HR12: =SUM(HR3:HR11) -> 0 | HT12: =SUM(HT3:HT11) -> 1 | HV12: =SUM(HV3:HV11) -> 5 | HX12: =SUM(HX3:HX11) -> 3 | HZ12: =AVERAGE(HZ3:HZ11) -> 1 | IA12: =AVERAGE(IA3:IA11) -> 1.6 | IB12: =AVERAGE(IB3:IB11) -> 0.5 | IC12: =SUM(IC3:IC11) -> 38 | IE12: =SUM(IE3:IE11) -> 0 | IG12: =SUM(IG3:IG11) -> 0 | II12: =SUM(II3:II11) -> 9 | IK12: =SUM(IK3:IK11) -> 0 | IM12: =SUM(IM3:IM11) -> 0 | IO12: =SUM(IO3:IO11) -> 0 | IQ12: =SUM(IQ3:IQ11) -> 0 | IS12: =SUM(IS3:IS11) -> 0 | IU12: =SUM(IU3:IU11) -> 9 | IW12: =SUM(IW3:IW11) -> 0 | IY12: =SUM(IY3:IY11) -> 0 | JA12: =SUM(JA3:JA11) -> 0 | JC12: =AVERAGE(JC3:JC11) -> -3 | JD12: =AVERAGE(JD3:JD11) -> -4 | JE12: =AVERAGE(JE3:JE11) -> -5 | JF12: =SUM(JF3:JF11) -> -27 | JH12: =SUM(JH3:JH11) -> 0 | JJ12: =SUM(JJ3:JJ11) -> 0 | JL12: =SUM(JL3:JL11) -> 9 | JN12: =SUM(JN3:JN11) -> 0 | JP12: =SUM(JP3:JP11) -> 0 | JR12: =SUM(JR3:JR11) -> 0 | JT12: =SUM(JT3:JT11) -> 0 | JV12: =SUM(JV3:JV11) -> 0 | JX12: =SUM(JX3:JX11) -> 9 | JZ12: =SUM(JZ3:JZ11) -> 0 | KB12: =SUM(KB3:KB11) -> 0 | KD12: =SUM(KD3:KD11) -> 0 | KF12: =AVERAGE(KF3:KF11) -> -3 | KG12: =AVERAGE(KG3:KG11) -> -4 | KH12: =AVERAGE(KH3:KH11) -> -5 | KI12: =SUM(KI3:KI11) -> -7
B13: Back Nine | C13: 10 | D13: =D11+1 -> 10 | E13: 4 | F13: =E13+F11 -> 40 | G13: 4 | H13: =G13+H11 -> 48 | I13: 2 | J13: =I13+J11 -> 20 | K13: =IF(G13-I13<=$E13-2,1,0) -> 1 | L13: =K13+L11 -> 5 | M13: =IF(K13=0,IF(G13=$E13,1,0),0) -> 0 | N13: =M13+N11 -> 0 | O13: =IF($E13-G13=1,1,0) -> 0 | P13: =O13+P11 -> 1 | Q13: =IF(G13=$E13,1,0) -> 1 | R13: =Q13+R11 -> 3 | S13: =IF(G13-$E13=1,1,0) -> 0 | T13: =S13+T11 -> 3 | U13: =IF(G13-$E13>=2,1,0) -> 0 | V13: =U13+V11 -> 3 | W13: =IF(I13=0,1,0) -> 0 | X13: =W13+X11 -> 0 | Y13: =IF(I13=1,1,0) -> 0 | Z13: =Y13+Z11 -> 3 | AA13: =IF(I13=2,1,0) -> 1 | AB13: =AA13+AB11 -> 5 | AC13: =IF(I13>=3,1,0) -> 0 | AD13: =AC13+AD11 -> 2 | AF13: =IF($E13=4,G13-4,NA()) -> 0 | AH13: =G13-'Zusammenfassung Tag1-4'!$B$2/18 -> 2.8888889 | AI13: =AH13+AI11 -> 36.888889 | AJ13: 4 | AK13: =AJ13+AK11 -> 45 | AL13: 2 | AM13: =AL13+AM11 -> 22 | AN13: =IF(AJ13-AL13<=$E13-2,1,0) -> 1 | AO13: =AN13+AO11 -> 8 | AP13: =IF(AN13=0,IF(AJ13=$E13,1,0),0) -> 0 | AQ13: =AP13+AQ11 -> 1 | AR13: =IF($E13-AJ13=1,1,0) -> 0 | AS13: =AR13+AS11 -> 0 | AT13: =IF(AJ13=$E13,1,0) -> 1 | AU13: =AT13+AU11 -> 6 | AV13: =IF(AJ13-$E13=1,1,0) -> 0 | AW13: =AV13+AW11 -> 3 | AX13: =IF(AJ13-$E13>=2,1,0) -> 0 | AY13: =AX13+AY11 -> 1 | AZ13: =IF(AL13=0,1,0) -> 0 | BA13: =AZ13+BA11 -> 0 | BB13: =IF(AL13=1,1,0) -> 0 | BC13: =BB13+BC11 -> 1 | BD13: =IF(AL13=2,1,0) -> 1 | BE13: =BD13+BE11 -> 6 | BF13: =IF(AL13>=3,1,0) -> 0 | BG13: =BF13+BG11 -> 3 | BI13: =IF($E13=4,AJ13-4,NA()) -> 0 | BK13: =AJ13-'Zusammenfassung Tag1-4'!$C$2/18 -> 3.3333333 | BL13: =BK13+BL11 -> 38.333333 | BM13: 5 | BN13: =BM13+BN11 -> 53 | BO13: 2 | BP13: =BO13+BP11 -> 20 | BQ13: =IF(BM13-BO13<=$E13-2,1,0) -> 0 | BR13: =BQ13+BR11 -> 3 | BS13: =IF(BQ13=0,IF(BM13=$E13,1,0),0) -> 0 | BT13: =BS13+BT11 -> 1 | BU13: =IF($E13-BM13=1,1,0) -> 0 | BV13: =BU13+BV11 -> 0 | BW13: =IF(BM13=$E13,1,0) -> 0 | BX13: =BW13+BX11 -> 4 | BY13: =IF(BM13-$E13=1,1,0) -> 1 | BZ13: =BY13+BZ11 -> 3 | CA13: =IF(BM13-$E13>=2,1,0) -> 0 | CB13: =CA13+CB11 -> 3 | CC13: =IF(BO13=0,1,0) -> 0 | CD13: =CC13+CD11 -> 0 | CE13: =IF(BO13=1,1,0) -> 0 | CF13: =CE13+CF11 -> 2 | CG13: =IF(BO13=2,1,0) -> 1 | CH13: =CG13+CH11 -> 6 | CI13: =IF(BO13>=3,1,0) -> 0 | CJ13: =CI13+CJ11 -> 2 | CL13: =IF($E13=4,BM13-4,NA()) -> 1 | CN13: =BM13-'Zusammenfassung Tag1-4'!$D$2/18 -> 3.6666667 | CO13: =CN13+CO11 -> 39.666667 | CP13: 5 | CQ13: =CP13+CQ11 -> 50 | CR13: 3 | CS13: =CR13+CS11 -> 20 | CT13: =IF(CP13-CR13<=$E13-2,1,0) -> 1 | CU13: =CT13+CU11 -> 4 | CV13: =IF(CT13=0,IF(CP13=$E13,1,0),0) -> 0 | CW13: =CV13+CW11 -> 1 | CX13: =IF($E13-CP13=1,1,0) -> 0 | CY13: =CX13+CY11 -> 0 | CZ13: =IF(CP13=$E13,1,0) -> 0 | DA13: =CZ13+DA11 -> 3 | DB13: =IF(CP13-$E13=1,1,0) -> 1 | DC13: =DB13+DC11 -> 4 | DD13: =IF(CP13-$E13>=2,1,0) -> 0 | DE13: =DD13+DE11 -> 3 | DF13: =IF(CR13=0,1,0) -> 0 | DG13: =DF13+DG11 -> 0 | DH13: =IF(CR13=1,1,0) -> 0 | DI13: =DH13+DI11 -> 2 | DJ13: =IF(CR13=2,1,0) -> 0 | DK13: =DJ13+DK11 -> 6 | DL13: =IF(CR13>=3,1,0) -> 1 | DM13: =DL13+DM11 -> 2 | DO13: =IF($E13=4,CP13-4,NA()) -> 1 | DQ13: =CP13-'Zusammenfassung Tag1-4'!$E$2/18 -> 3.7222222 | DR13: =DQ13+DR11 -> 37.222222 | DS13: 8 | DT13: =DS13+DT11 -> 75 | DU13: 2 | DV13: =DU13+DV11 -> 25 | DW13: =IF(DS13-DU13<=$E13-2,1,0) -> 0 | DX13: =DW13+DX11 -> 1 | DY13: =IF(DW13=0,IF(DS13=$E13,1,0),0) -> 0 | DZ13: =DY13+DZ11 -> 0 | EA13: =IF($E13-DS13=1,1,0) -> 0 | EB13: =EA13+EB11 -> 0 | EC13: =IF(DS13=$E13,1,0) -> 0 | ED13: =EC13+ED11 -> 1 | EE13: =IF(DS13-$E13=1,1,0) -> 0 | EF13: =EE13+EF11 -> 0 | EG13: =IF(DS13-$E13>=2,1,0) -> 1 | EH13: =EG13+EH11 -> 9 | EI13: =IF(DU13=0,1,0) -> 0 | EJ13: =EI13+EJ11 -> 0 | EK13: =IF(DU13=1,1,0) -> 0 | EL13: =EK13+EL11 -> 0 | EM13: =IF(DU13=2,1,0) -> 1 | EN13: =EM13+EN11 -> 6 | EO13: =IF(DU13>=3,1,0) -> 0 | EP13: =EO13+EP11 -> 4 | ER13: =IF($E13=4,DS13-4,NA()) -> 4 | ET13: =DS13-'Zusammenfassung Tag1-4'!$F$2/18 -> 5 | EU13: =ET13+EU11 -> 45 | EV13: 5 | EW13: =EV13+EW11 -> 56 | EX13: 2 | EY13: =EX13+EY11 -> 23 | EZ13: =IF(EV13-EX13<=$E13-2,1,0) -> 0 | FA13: =EZ13+FA11 -> 2 | FB13: =IF(EZ13=0,IF(EV13=$E13,1,0),0) -> 0 | FC13: =FB13+FC11 -> 0 | FD13: =IF($E13-EV13=1,1,0) -> 0 | FE13: =FD13+FE11 -> 0 | FF13: =IF(EV13=$E13,1,0) -> 0 | FG13: =FF13+FG11 -> 1 | FH13: =IF(EV13-$E13=1,1,0) -> 1 | FI13: =FH13+FI11 -> 3 | FJ13: =IF(EV13-$E13>=2,1,0) -> 0 | FK13: =FJ13+FK11 -> 6 | FL13: =IF(EX13=0,1,0) -> 0 | FM13: =FL13+FM11 -> 0 | FN13: =IF(EX13=1,1,0) -> 0 | FO13: =FN13+FO11 -> 1 | FP13: =IF(EX13=2,1,0) -> 1 | FQ13: =FP13+FQ11 -> 5 | FR13: =IF(EX13>=3,1,0) -> 0 | FS13: =FR13+FS11 -> 4 | FU13: =IF($E13=4,EV13-4,NA()) -> 1 | FW13: =EV13-'Zusammenfassung Tag1-4'!$G$2/18 -> 3.5 | FX13: =FW13+FX11 -> 41 | FY13: 7 | FZ13: =FY13+FZ11 -> 73 | GA13: 3 | GB13: =GA13+GB11 -> 25 | GC13: =IF(FY13-GA13<=$E13-2,1,0) -> 0 | GD13: =GC13+GD11 -> 1 | GE13: =IF(GC13=0,IF(FY13=$E13,1,0),0) -> 0 | GF13: =GE13+GF11 -> 0 | GG13: =IF($E13-FY13=1,1,0) -> 0 | GH13: =GG13+GH11 -> 0 | GI13: =IF(FY13=$E13,1,0) -> 0 | GJ13: =GI13+GJ11 -> 0 | GK13: =IF(FY13-$E13=1,1,0) -> 0 | GL13: =GK13+GL11 -> 1 | GM13: =IF(FY13-$E13>=2,1,0) -> 1 | GN13: =GM13+GN11 -> 9 | GO13: =IF(GA13=0,1,0) -> 0 | GP13: =GO13+GP11 -> 0 | GQ13: =IF(GA13=1,1,0) -> 0 | GR13: =GQ13+GR11 -> 0 | GS13: =IF(GA13=2,1,0) -> 0 | GT13: =GS13+GT11 -> 5 | GU13: =IF(GA13>=3,1,0) -> 1 | GV13: =GU13+GV11 -> 5 | GX13: =IF($E13=4,FY13-4,NA()) -> 3 | GZ13: =FY13-'Zusammenfassung Tag1-4'!$H$2/18 -> 4 | HA13: =GZ13+HA11 -> 43 | HB13: 4 | HC13: =HB13+HC11 -> 51 | HD13: 1 | HE13: =HD13+HE11 -> 21 | HF13: =IF(HB13-HD13<=$E13-2,1,0) -> 0 | HG13: =HF13+HG11 -> 3 | HH13: =IF(HF13=0,IF(HB13=$E13,1,0),0) -> 1 | HI13: =HH13+HI11 -> 2 | HJ13: =IF($E13-HB13=1,1,0) -> 0 | HK13: =HJ13+HK11 -> 0 | HL13: =IF(HB13=$E13,1,0) -> 1 | HM13: =HL13+HM11 -> 3 | HN13: =IF(HB13-$E13=1,1,0) -> 0 | HO13: =HN13+HO11 -> 5 | HP13: =IF(HB13-$E13>=2,1,0) -> 0 | HQ13: =HP13+HQ11 -> 2 | HR13: =IF(HD13=0,1,0) -> 0 | HS13: =HR13+HS11 -> 0 | HT13: =IF(HD13=1,1,0) -> 1 | HU13: =HT13+HU11 -> 2 | HV13: =IF(HD13=2,1,0) -> 0 | HW13: =HV13+HW11 -> 5 | HX13: =IF(HD13>=3,1,0) -> 0 | HY13: =HX13+HY11 -> 3 | IA13: =IF($E13=4,HB13-4,NA()) -> 0 | IC13: =HB13-'Zusammenfassung Tag1-4'!$I$2/18 -> 3 | ID13: =IC13+ID11 -> 41 | IF13: =IE13+IF11 -> 0 | IH13: =IG13+IH11 -> 0 | II13: =IF(IE13-IG13<=$E13-2,1,0) -> 1 | IJ13: =II13+IJ11 -> 10 | IK13: =IF(II13=0,IF(IE13=$E13,1,0),0) -> 0 | IL13: =IK13+IL11 -> 0 | IM13: =IF($E13-IE13=1,1,0) -> 0 | IN13: =IM13+IN11 -> 0 | IO13: =IF(IE13=$E13,1,0) -> 0 | IP13: =IO13+IP11 -> 0 | IQ13: =IF(IE13-$E13=1,1,0) -> 0 | IR13: =IQ13+IR11 -> 0 | IS13: =IF(IE13-$E13>=2,1,0) -> 0 | IT13: =IS13+IT11 -> 0 | IU13: =IF(IG13=0,1,0) -> 1 | IV13: =IU13+IV11 -> 10 | IW13: =IF(IG13=1,1,0) -> 0 | IX13: =IW13+IX11 -> 0 | IY13: =IF(IG13=2,1,0) -> 0 | IZ13: =IY13+IZ11 -> 0 | JA13: =IF(IG13>=3,1,0) -> 0 | JB13: =JA13+JB11 -> 0 | JD13: =IF($E13=4,IE13-4,NA()) -> -4 | JF13: =IE13-'Zusammenfassung Tag1-4'!$J$2/18 -> -3 | JG13: =JF13+JG11 -> -30 | JI13: =JH13+JI11 -> 0 | JK13: =JJ13+JK11 -> 0 | JL13: =IF(JH13-JJ13<=$E13-2,1,0) -> 1 | JM13: =JL13+JM11 -> 10 | JN13: =IF(JL13=0,IF(JH13=$E13,1,0),0) -> 0 | JO13: =JN13+JO11 -> 0 | JP13: =IF($E13-JH13=1,1,0) -> 0 | JQ13: =JP13+JQ11 -> 0 | JR13: =IF(JH13=$E13,1,0) -> 0 | JS13: =JR13+JS11 -> 0 | JT13: =IF(JH13-$E13=1,1,0) -> 0 | JU13: =JT13+JU11 -> 0 | JV13: =IF(JH13-$E13>=2,1,0) -> 0 | JW13: =JV13+JW11 -> 0 | JX13: =IF(JJ13=0,1,0) -> 1 | JY13: =JX13+JY11 -> 10 | JZ13: =IF(JJ13=1,1,0) -> 0 | KA13: =JZ13+KA11 -> 0 | KB13: =IF(JJ13=2,1,0) -> 0 | KC13: =KB13+KC11 -> 0 | KD13: =IF(JJ13>=3,1,0) -> 0 | KE13: =KD13+KE11 -> 0 | KG13: =IF($E13=4,JH13-4,NA()) -> -4 | KI13: =JH13-'Zusammenfassung Tag1-4'!$K$2/18 -> -0.77777778 | KJ13: =KI13+KJ11 -> -7.7777778
C14: 11 | D14: =D13+1 -> 11 | E14: 4 | F14: =E14+F13 -> 44 | G14: 4 | H14: =G14+H13 -> 52 | I14: 2 | J14: =I14+J13 -> 22 | K14: =IF(G14-I14<=$E14-2,1,0) -> 1 | L14: =K14+L13 -> 6 | M14: =IF(K14=0,IF(G14=$E14,1,0),0) -> 0 | N14: =M14+N13 -> 0 | O14: =IF($E14-G14=1,1,0) -> 0 | P14: =O14+P13 -> 1 | Q14: =IF(G14=$E14,1,0) -> 1 | R14: =Q14+R13 -> 4 | S14: =IF(G14-$E14=1,1,0) -> 0 | T14: =S14+T13 -> 3 | U14: =IF(G14-$E14>=2,1,0) -> 0 | V14: =U14+V13 -> 3 | W14: =IF(I14=0,1,0) -> 0 | X14: =W14+X13 -> 0 | Y14: =IF(I14=1,1,0) -> 0 | Z14: =Y14+Z13 -> 3 | AA14: =IF(I14=2,1,0) -> 1 | AB14: =AA14+AB13 -> 6 | AC14: =IF(I14>=3,1,0) -> 0 | AD14: =AC14+AD13 -> 2 | AF14: =IF($E14=4,G14-4,NA()) -> 0 | AH14: =G14-'Zusammenfassung Tag1-4'!$B$2/18 -> 2.8888889 | AI14: =AH14+AI13 -> 39.777778 | AJ14: 4 | AK14: =AJ14+AK13 -> 49 | AL14: 2 | AM14: =AL14+AM13 -> 24 | AN14: =IF(AJ14-AL14<=$E14-2,1,0) -> 1 | AO14: =AN14+AO13 -> 9 | AP14: =IF(AN14=0,IF(AJ14=$E14,1,0),0) -> 0 | AQ14: =AP14+AQ13 -> 1 | AR14: =IF($E14-AJ14=1,1,0) -> 0 | AS14: =AR14+AS13 -> 0 | AT14: =IF(AJ14=$E14,1,0) -> 1 | AU14: =AT14+AU13 -> 7 | AV14: =IF(AJ14-$E14=1,1,0) -> 0 | AW14: =AV14+AW13 -> 3 | AX14: =IF(AJ14-$E14>=2,1,0) -> 0 | AY14: =AX14+AY13 -> 1 | AZ14: =IF(AL14=0,1,0) -> 0 | BA14: =AZ14+BA13 -> 0 | BB14: =IF(AL14=1,1,0) -> 0 | BC14: =BB14+BC13 -> 1 | BD14: =IF(AL14=2,1,0) -> 1 | BE14: =BD14+BE13 -> 7 | BF14: =IF(AL14>=3,1,0) -> 0 | BG14: =BF14+BG13 -> 3 | BI14: =IF($E14=4,AJ14-4,NA()) -> 0 | BK14: =AJ14-'Zusammenfassung Tag1-4'!$C$2/18 -> 3.3333333 | BL14: =BK14+BL13 -> 41.666667 | BM14: 6 | BN14: =BM14+BN13 -> 59 | BO14: 2 | BP14: =BO14+BP13 -> 22 | BQ14: =IF(BM14-BO14<=$E14-2,1,0) -> 0 | BR14: =BQ14+BR13 -> 3 | BS14: =IF(BQ14=0,IF(BM14=$E14,1,0),0) -> 0 | BT14: =BS14+BT13 -> 1 | BU14: =IF($E14-BM14=1,1,0) -> 0 | BV14: =BU14+BV13 -> 0 | BW14: =IF(BM14=$E14,1,0) -> 0 | BX14: =BW14+BX13 -> 4 | BY14: =IF(BM14-$E14=1,1,0) -> 0 | BZ14: =BY14+BZ13 -> 3 | CA14: =IF(BM14-$E14>=2,1,0) -> 1 | CB14: =CA14+CB13 -> 4 | CC14: =IF(BO14=0,1,0) -> 0 | CD14: =CC14+CD13 -> 0 | CE14: =IF(BO14=1,1,0) -> 0 | CF14: =CE14+CF13 -> 2 | CG14: =IF(BO14=2,1,0) -> 1 | CH14: =CG14+CH13 -> 7 | CI14: =IF(BO14>=3,1,0) -> 0 | CJ14: =CI14+CJ13 -> 2 | CL14: =IF($E14=4,BM14-4,NA()) -> 2 | CN14: =BM14-'Zusammenfassung Tag1-4'!$D$2/18 -> 4.6666667 | CO14: =CN14+CO13 -> 44.333333 | CP14: 7 | CQ14: =CP14+CQ13 -> 57 | CR14: 3 | CS14: =CR14+CS13 -> 23 | CT14: =IF(CP14-CR14<=$E14-2,1,0) -> 0 | CU14: =CT14+CU13 -> 4 | CV14: =IF(CT14=0,IF(CP14=$E14,1,0),0) -> 0 | CW14: =CV14+CW13 -> 1 | CX14: =IF($E14-CP14=1,1,0) -> 0 | CY14: =CX14+CY13 -> 0 | CZ14: =IF(CP14=$E14,1,0) -> 0 | DA14: =CZ14+DA13 -> 3 | DB14: =IF(CP14-$E14=1,1,0) -> 0 | DC14: =DB14+DC13 -> 4 | DD14: =IF(CP14-$E14>=2,1,0) -> 1 | DE14: =DD14+DE13 -> 4 | DF14: =IF(CR14=0,1,0) -> 0 | DG14: =DF14+DG13 -> 0 | DH14: =IF(CR14=1,1,0) -> 0 | DI14: =DH14+DI13 -> 2 | DJ14: =IF(CR14=2,1,0) -> 0 | DK14: =DJ14+DK13 -> 6 | DL14: =IF(CR14>=3,1,0) -> 1 | DM14: =DL14+DM13 -> 3 | DO14: =IF($E14=4,CP14-4,NA()) -> 3 | DQ14: =CP14-'Zusammenfassung Tag1-4'!$E$2/18 -> 5.7222222 | DR14: =DQ14+DR13 -> 42.944444 | DS14: 10 | DT14: =DS14+DT13 -> 85 | DU14: 2 | DV14: =DU14+DV13 -> 27 | DW14: =IF(DS14-DU14<=$E14-2,1,0) -> 0 | DX14: =DW14+DX13 -> 1 | DY14: =IF(DW14=0,IF(DS14=$E14,1,0),0) -> 0 | DZ14: =DY14+DZ13 -> 0 | EA14: =IF($E14-DS14=1,1,0) -> 0 | EB14: =EA14+EB13 -> 0 | EC14: =IF(DS14=$E14,1,0) -> 0 | ED14: =EC14+ED13 -> 1 | EE14: =IF(DS14-$E14=1,1,0) -> 0 | EF14: =EE14+EF13 -> 0 | EG14: =IF(DS14-$E14>=2,1,0) -> 1 | EH14: =EG14+EH13 -> 10 | EI14: =IF(DU14=0,1,0) -> 0 | EJ14: =EI14+EJ13 -> 0 | EK14: =IF(DU14=1,1,0) -> 0 | EL14: =EK14+EL13 -> 0 | EM14: =IF(DU14=2,1,0) -> 1 | EN14: =EM14+EN13 -> 7 | EO14: =IF(DU14>=3,1,0) -> 0 | EP14: =EO14+EP13 -> 4 | ER14: =IF($E14=4,DS14-4,NA()) -> 6 | ET14: =DS14-'Zusammenfassung Tag1-4'!$F$2/18 -> 7 | EU14: =ET14+EU13 -> 52 | EV14: 6 | EW14: =EV14+EW13 -> 62 | EX14: 2 | EY14: =EX14+EY13 -> 25 | EZ14: =IF(EV14-EX14<=$E14-2,1,0) -> 0 | FA14: =EZ14+FA13 -> 2 | FB14: =IF(EZ14=0,IF(EV14=$E14,1,0),0) -> 0 | FC14: =FB14+FC13 -> 0 | FD14: =IF($E14-EV14=1,1,0) -> 0 | FE14: =FD14+FE13 -> 0 | FF14: =IF(EV14=$E14,1,0) -> 0 | FG14: =FF14+FG13 -> 1 | FH14: =IF(EV14-$E14=1,1,0) -> 0 | FI14: =FH14+FI13 -> 3 | FJ14: =IF(EV14-$E14>=2,1,0) -> 1 | FK14: =FJ14+FK13 -> 7 | FL14: =IF(EX14=0,1,0) -> 0 | FM14: =FL14+FM13 -> 0 | FN14: =IF(EX14=1,1,0) -> 0 | FO14: =FN14+FO13 -> 1 | FP14: =IF(EX14=2,1,0) -> 1 | FQ14: =FP14+FQ13 -> 6 | FR14: =IF(EX14>=3,1,0) -> 0 | FS14: =FR14+FS13 -> 4 | FU14: =IF($E14=4,EV14-4,NA()) -> 2 | FW14: =EV14-'Zusammenfassung Tag1-4'!$G$2/18 -> 4.5 | FX14: =FW14+FX13 -> 45.5 | FY14: 10 | FZ14: =FY14+FZ13 -> 83 | GA14: 3 | GB14: =GA14+GB13 -> 28 | GC14: =IF(FY14-GA14<=$E14-2,1,0) -> 0 | GD14: =GC14+GD13 -> 1 | GE14: =IF(GC14=0,IF(FY14=$E14,1,0),0) -> 0 | GF14: =GE14+GF13 -> 0 | GG14: =IF($E14-FY14=1,1,0) -> 0 | GH14: =GG14+GH13 -> 0 | GI14: =IF(FY14=$E14,1,0) -> 0 | GJ14: =GI14+GJ13 -> 0 | GK14: =IF(FY14-$E14=1,1,0) -> 0 | GL14: =GK14+GL13 -> 1 | GM14: =IF(FY14-$E14>=2,1,0) -> 1 | GN14: =GM14+GN13 -> 10 | GO14: =IF(GA14=0,1,0) -> 0 | GP14: =GO14+GP13 -> 0 | GQ14: =IF(GA14=1,1,0) -> 0 | GR14: =GQ14+GR13 -> 0 | GS14: =IF(GA14=2,1,0) -> 0 | GT14: =GS14+GT13 -> 5 | GU14: =IF(GA14>=3,1,0) -> 1 | GV14: =GU14+GV13 -> 6 | GX14: =IF($E14=4,FY14-4,NA()) -> 6 | GZ14: =FY14-'Zusammenfassung Tag1-4'!$H$2/18 -> 7 | HA14: =GZ14+HA13 -> 50 | HB14: 6 | HC14: =HB14+HC13 -> 57 | HD14: 2 | HE14: =HD14+HE13 -> 23 | HF14: =IF(HB14-HD14<=$E14-2,1,0) -> 0 | HG14: =HF14+HG13 -> 3 | HH14: =IF(HF14=0,IF(HB14=$E14,1,0),0) -> 0 | HI14: =HH14+HI13 -> 2 | HJ14: =IF($E14-HB14=1,1,0) -> 0 | HK14: =HJ14+HK13 -> 0 | HL14: =IF(HB14=$E14,1,0) -> 0 | HM14: =HL14+HM13 -> 3 | HN14: =IF(HB14-$E14=1,1,0) -> 0 | HO14: =HN14+HO13 -> 5 | HP14: =IF(HB14-$E14>=2,1,0) -> 1 | HQ14: =HP14+HQ13 -> 3 | HR14: =IF(HD14=0,1,0) -> 0 | HS14: =HR14+HS13 -> 0 | HT14: =IF(HD14=1,1,0) -> 0 | HU14: =HT14+HU13 -> 2 | HV14: =IF(HD14=2,1,0) -> 1 | HW14: =HV14+HW13 -> 6 | HX14: =IF(HD14>=3,1,0) -> 0 | HY14: =HX14+HY13 -> 3 | IA14: =IF($E14=4,HB14-4,NA()) -> 2 | IC14: =HB14-'Zusammenfassung Tag1-4'!$I$2/18 -> 5 | ID14: =IC14+ID13 -> 46 | IF14: =IE14+IF13 -> 0 | IH14: =IG14+IH13 -> 0 | II14: =IF(IE14-IG14<=$E14-2,1,0) -> 1 | IJ14: =II14+IJ13 -> 11 | IK14: =IF(II14=0,IF(IE14=$E14,1,0),0) -> 0 | IL14: =IK14+IL13 -> 0 | IM14: =IF($E14-IE14=1,1,0) -> 0 | IN14: =IM14+IN13 -> 0 | IO14: =IF(IE14=$E14,1,0) -> 0 | IP14: =IO14+IP13 -> 0 | IQ14: =IF(IE14-$E14=1,1,0) -> 0 | IR14: =IQ14+IR13 -> 0 | IS14: =IF(IE14-$E14>=2,1,0) -> 0 | IT14: =IS14+IT13 -> 0 | IU14: =IF(IG14=0,1,0) -> 1 | IV14: =IU14+IV13 -> 11 | IW14: =IF(IG14=1,1,0) -> 0 | IX14: =IW14+IX13 -> 0 | IY14: =IF(IG14=2,1,0) -> 0 | IZ14: =IY14+IZ13 -> 0 | JA14: =IF(IG14>=3,1,0) -> 0 | JB14: =JA14+JB13 -> 0 | JD14: =IF($E14=4,IE14-4,NA()) -> -4 | JF14: =IE14-'Zusammenfassung Tag1-4'!$J$2/18 -> -3 | JG14: =JF14+JG13 -> -33 | JI14: =JH14+JI13 -> 0 | JK14: =JJ14+JK13 -> 0 | JL14: =IF(JH14-JJ14<=$E14-2,1,0) -> 1 | JM14: =JL14+JM13 -> 11 | JN14: =IF(JL14=0,IF(JH14=$E14,1,0),0) -> 0 | JO14: =JN14+JO13 -> 0 | JP14: =IF($E14-JH14=1,1,0) -> 0 | JQ14: =JP14+JQ13 -> 0 | JR14: =IF(JH14=$E14,1,0) -> 0 | JS14: =JR14+JS13 -> 0 | JT14: =IF(JH14-$E14=1,1,0) -> 0 | JU14: =JT14+JU13 -> 0 | JV14: =IF(JH14-$E14>=2,1,0) -> 0 | JW14: =JV14+JW13 -> 0 | JX14: =IF(JJ14=0,1,0) -> 1 | JY14: =JX14+JY13 -> 11 | JZ14: =IF(JJ14=1,1,0) -> 0 | KA14: =JZ14+KA13 -> 0 | KB14: =IF(JJ14=2,1,0) -> 0 | KC14: =KB14+KC13 -> 0 | KD14: =IF(JJ14>=3,1,0) -> 0 | KE14: =KD14+KE13 -> 0 | KG14: =IF($E14=4,JH14-4,NA()) -> -4 | KI14: =JH14-'Zusammenfassung Tag1-4'!$K$2/18 -> -0.77777778 | KJ14: =KI14+KJ13 -> -8.5555556
C15: 12 | D15: =D14+1 -> 12 | E15: 4 | F15: =E15+F14 -> 48 | G15: 4 | H15: =G15+H14 -> 56 | I15: 1 | J15: =I15+J14 -> 23 | K15: =IF(G15-I15<=$E15-2,1,0) -> 0 | L15: =K15+L14 -> 6 | M15: =IF(K15=0,IF(G15=$E15,1,0),0) -> 1 | N15: =M15+N14 -> 1 | O15: =IF($E15-G15=1,1,0) -> 0 | P15: =O15+P14 -> 1 | Q15: =IF(G15=$E15,1,0) -> 1 | R15: =Q15+R14 -> 5 | S15: =IF(G15-$E15=1,1,0) -> 0 | T15: =S15+T14 -> 3 | U15: =IF(G15-$E15>=2,1,0) -> 0 | V15: =U15+V14 -> 3 | W15: =IF(I15=0,1,0) -> 0 | X15: =W15+X14 -> 0 | Y15: =IF(I15=1,1,0) -> 1 | Z15: =Y15+Z14 -> 4 | AA15: =IF(I15=2,1,0) -> 0 | AB15: =AA15+AB14 -> 6 | AC15: =IF(I15>=3,1,0) -> 0 | AD15: =AC15+AD14 -> 2 | AF15: =IF($E15=4,G15-4,NA()) -> 0 | AH15: =G15-'Zusammenfassung Tag1-4'!$B$2/18 -> 2.8888889 | AI15: =AH15+AI14 -> 42.666667 | AJ15: 4 | AK15: =AJ15+AK14 -> 53 | AL15: 2 | AM15: =AL15+AM14 -> 26 | AN15: =IF(AJ15-AL15<=$E15-2,1,0) -> 1 | AO15: =AN15+AO14 -> 10 | AP15: =IF(AN15=0,IF(AJ15=$E15,1,0),0) -> 0 | AQ15: =AP15+AQ14 -> 1 | AR15: =IF($E15-AJ15=1,1,0) -> 0 | AS15: =AR15+AS14 -> 0 | AT15: =IF(AJ15=$E15,1,0) -> 1 | AU15: =AT15+AU14 -> 8 | AV15: =IF(AJ15-$E15=1,1,0) -> 0 | AW15: =AV15+AW14 -> 3 | AX15: =IF(AJ15-$E15>=2,1,0) -> 0 | AY15: =AX15+AY14 -> 1 | AZ15: =IF(AL15=0,1,0) -> 0 | BA15: =AZ15+BA14 -> 0 | BB15: =IF(AL15=1,1,0) -> 0 | BC15: =BB15+BC14 -> 1 | BD15: =IF(AL15=2,1,0) -> 1 | BE15: =BD15+BE14 -> 8 | BF15: =IF(AL15>=3,1,0) -> 0 | BG15: =BF15+BG14 -> 3 | BI15: =IF($E15=4,AJ15-4,NA()) -> 0 | BK15: =AJ15-'Zusammenfassung Tag1-4'!$C$2/18 -> 3.3333333 | BL15: =BK15+BL14 -> 45 | BM15: 5 | BN15: =BM15+BN14 -> 64 | BO15: 2 | BP15: =BO15+BP14 -> 24 | BQ15: =IF(BM15-BO15<=$E15-2,1,0) -> 0 | BR15: =BQ15+BR14 -> 3 | BS15: =IF(BQ15=0,IF(BM15=$E15,1,0),0) -> 0 | BT15: =BS15+BT14 -> 1 | BU15: =IF($E15-BM15=1,1,0) -> 0 | BV15: =BU15+BV14 -> 0 | BW15: =IF(BM15=$E15,1,0) -> 0 | BX15: =BW15+BX14 -> 4 | BY15: =IF(BM15-$E15=1,1,0) -> 1 | BZ15: =BY15+BZ14 -> 4 | CA15: =IF(BM15-$E15>=2,1,0) -> 0 | CB15: =CA15+CB14 -> 4 | CC15: =IF(BO15=0,1,0) -> 0 | CD15: =CC15+CD14 -> 0 | CE15: =IF(BO15=1,1,0) -> 0 | CF15: =CE15+CF14 -> 2 | CG15: =IF(BO15=2,1,0) -> 1 | CH15: =CG15+CH14 -> 8 | CI15: =IF(BO15>=3,1,0) -> 0 | CJ15: =CI15+CJ14 -> 2 | CL15: =IF($E15=4,BM15-4,NA()) -> 1 | CN15: =BM15-'Zusammenfassung Tag1-4'!$D$2/18 -> 3.6666667 | CO15: =CN15+CO14 -> 48 | CP15: 5 | CQ15: =CP15+CQ14 -> 62 | CR15: 2 | CS15: =CR15+CS14 -> 25 | CT15: =IF(CP15-CR15<=$E15-2,1,0) -> 0 | CU15: =CT15+CU14 -> 4 | CV15: =IF(CT15=0,IF(CP15=$E15,1,0),0) -> 0 | CW15: =CV15+CW14 -> 1 | CX15: =IF($E15-CP15=1,1,0) -> 0 | CY15: =CX15+CY14 -> 0 | CZ15: =IF(CP15=$E15,1,0) -> 0 | DA15: =CZ15+DA14 -> 3 | DB15: =IF(CP15-$E15=1,1,0) -> 1 | DC15: =DB15+DC14 -> 5 | DD15: =IF(CP15-$E15>=2,1,0) -> 0 | DE15: =DD15+DE14 -> 4 | DF15: =IF(CR15=0,1,0) -> 0 | DG15: =DF15+DG14 -> 0 | DH15: =IF(CR15=1,1,0) -> 0 | DI15: =DH15+DI14 -> 2 | DJ15: =IF(CR15=2,1,0) -> 1 | DK15: =DJ15+DK14 -> 7 | DL15: =IF(CR15>=3,1,0) -> 0 | DM15: =DL15+DM14 -> 3 | DO15: =IF($E15=4,CP15-4,NA()) -> 1 | DQ15: =CP15-'Zusammenfassung Tag1-4'!$E$2/18 -> 3.7222222 | DR15: =DQ15+DR14 -> 46.666667 | DS15: 7 | DT15: =DS15+DT14 -> 92 | DU15: 2 | DV15: =DU15+DV14 -> 29 | DW15: =IF(DS15-DU15<=$E15-2,1,0) -> 0 | DX15: =DW15+DX14 -> 1 | DY15: =IF(DW15=0,IF(DS15=$E15,1,0),0) -> 0 | DZ15: =DY15+DZ14 -> 0 | EA15: =IF($E15-DS15=1,1,0) -> 0 | EB15: =EA15+EB14 -> 0 | EC15: =IF(DS15=$E15,1,0) -> 0 | ED15: =EC15+ED14 -> 1 | EE15: =IF(DS15-$E15=1,1,0) -> 0 | EF15: =EE15+EF14 -> 0 | EG15: =IF(DS15-$E15>=2,1,0) -> 1 | EH15: =EG15+EH14 -> 11 | EI15: =IF(DU15=0,1,0) -> 0 | EJ15: =EI15+EJ14 -> 0 | EK15: =IF(DU15=1,1,0) -> 0 | EL15: =EK15+EL14 -> 0 | EM15: =IF(DU15=2,1,0) -> 1 | EN15: =EM15+EN14 -> 8 | EO15: =IF(DU15>=3,1,0) -> 0 | EP15: =EO15+EP14 -> 4 | ER15: =IF($E15=4,DS15-4,NA()) -> 3 | ET15: =DS15-'Zusammenfassung Tag1-4'!$F$2/18 -> 4 | EU15: =ET15+EU14 -> 56 | EV15: 7 | EW15: =EV15+EW14 -> 69 | EX15: 3 | EY15: =EX15+EY14 -> 28 | EZ15: =IF(EV15-EX15<=$E15-2,1,0) -> 0 | FA15: =EZ15+FA14 -> 2 | FB15: =IF(EZ15=0,IF(EV15=$E15,1,0),0) -> 0 | FC15: =FB15+FC14 -> 0 | FD15: =IF($E15-EV15=1,1,0) -> 0 | FE15: =FD15+FE14 -> 0 | FF15: =IF(EV15=$E15,1,0) -> 0 | FG15: =FF15+FG14 -> 1 | FH15: =IF(EV15-$E15=1,1,0) -> 0 | FI15: =FH15+FI14 -> 3 | FJ15: =IF(EV15-$E15>=2,1,0) -> 1 | FK15: =FJ15+FK14 -> 8 | FL15: =IF(EX15=0,1,0) -> 0 | FM15: =FL15+FM14 -> 0 | FN15: =IF(EX15=1,1,0) -> 0 | FO15: =FN15+FO14 -> 1 | FP15: =IF(EX15=2,1,0) -> 0 | FQ15: =FP15+FQ14 -> 6 | FR15: =IF(EX15>=3,1,0) -> 1 | FS15: =FR15+FS14 -> 5 | FU15: =IF($E15=4,EV15-4,NA()) -> 3 | FW15: =EV15-'Zusammenfassung Tag1-4'!$G$2/18 -> 5.5 | FX15: =FW15+FX14 -> 51 | FY15: 8 | FZ15: =FY15+FZ14 -> 91 | GA15: 2 | GB15: =GA15+GB14 -> 30 | GC15: =IF(FY15-GA15<=$E15-2,1,0) -> 0 | GD15: =GC15+GD14 -> 1 | GE15: =IF(GC15=0,IF(FY15=$E15,1,0),0) -> 0 | GF15: =GE15+GF14 -> 0 | GG15: =IF($E15-FY15=1,1,0) -> 0 | GH15: =GG15+GH14 -> 0 | GI15: =IF(FY15=$E15,1,0) -> 0 | GJ15: =GI15+GJ14 -> 0 | GK15: =IF(FY15-$E15=1,1,0) -> 0 | GL15: =GK15+GL14 -> 1 | GM15: =IF(FY15-$E15>=2,1,0) -> 1 | GN15: =GM15+GN14 -> 11 | GO15: =IF(GA15=0,1,0) -> 0 | GP15: =GO15+GP14 -> 0 | GQ15: =IF(GA15=1,1,0) -> 0 | GR15: =GQ15+GR14 -> 0 | GS15: =IF(GA15=2,1,0) -> 1 | GT15: =GS15+GT14 -> 6 | GU15: =IF(GA15>=3,1,0) -> 0 | GV15: =GU15+GV14 -> 6 | GX15: =IF($E15=4,FY15-4,NA()) -> 4 | GZ15: =FY15-'Zusammenfassung Tag1-4'!$H$2/18 -> 5 | HA15: =GZ15+HA14 -> 55 | HB15: 5 | HC15: =HB15+HC14 -> 62 | HD15: 2 | HE15: =HD15+HE14 -> 25 | HF15: =IF(HB15-HD15<=$E15-2,1,0) -> 0 | HG15: =HF15+HG14 -> 3 | HH15: =IF(HF15=0,IF(HB15=$E15,1,0),0) -> 0 | HI15: =HH15+HI14 -> 2 | HJ15: =IF($E15-HB15=1,1,0) -> 0 | HK15: =HJ15+HK14 -> 0 | HL15: =IF(HB15=$E15,1,0) -> 0 | HM15: =HL15+HM14 -> 3 | HN15: =IF(HB15-$E15=1,1,0) -> 1 | HO15: =HN15+HO14 -> 6 | HP15: =IF(HB15-$E15>=2,1,0) -> 0 | HQ15: =HP15+HQ14 -> 3 | HR15: =IF(HD15=0,1,0) -> 0 | HS15: =HR15+HS14 -> 0 | HT15: =IF(HD15=1,1,0) -> 0 | HU15: =HT15+HU14 -> 2 | HV15: =IF(HD15=2,1,0) -> 1 | HW15: =HV15+HW14 -> 7 | HX15: =IF(HD15>=3,1,0) -> 0 | HY15: =HX15+HY14 -> 3 | IA15: =IF($E15=4,HB15-4,NA()) -> 1 | IC15: =HB15-'Zusammenfassung Tag1-4'!$I$2/18 -> 4 | ID15: =IC15+ID14 -> 50 | IF15: =IE15+IF14 -> 0 | IH15: =IG15+IH14 -> 0 | II15: =IF(IE15-IG15<=$E15-2,1,0) -> 1 | IJ15: =II15+IJ14 -> 12 | IK15: =IF(II15=0,IF(IE15=$E15,1,0),0) -> 0 | IL15: =IK15+IL14 -> 0 | IM15: =IF($E15-IE15=1,1,0) -> 0 | IN15: =IM15+IN14 -> 0 | IO15: =IF(IE15=$E15,1,0) -> 0 | IP15: =IO15+IP14 -> 0 | IQ15: =IF(IE15-$E15=1,1,0) -> 0 | IR15: =IQ15+IR14 -> 0 | IS15: =IF(IE15-$E15>=2,1,0) -> 0 | IT15: =IS15+IT14 -> 0 | IU15: =IF(IG15=0,1,0) -> 1 | IV15: =IU15+IV14 -> 12 | IW15: =IF(IG15=1,1,0) -> 0 | IX15: =IW15+IX14 -> 0 | IY15: =IF(IG15=2,1,0) -> 0 | IZ15: =IY15+IZ14 -> 0 | JA15: =IF(IG15>=3,1,0) -> 0 | JB15: =JA15+JB14 -> 0 | JD15: =IF($E15=4,IE15-4,NA()) -> -4 | JF15: =IE15-'Zusammenfassung Tag1-4'!$J$2/18 -> -3 | JG15: =JF15+JG14 -> -36 | JI15: =JH15+JI14 -> 0 | JK15: =JJ15+JK14 -> 0 | JL15: =IF(JH15-JJ15<=$E15-2,1,0) -> 1 | JM15: =JL15+JM14 -> 12 | JN15: =IF(JL15=0,IF(JH15=$E15,1,0),0) -> 0 | JO15: =JN15+JO14 -> 0 | JP15: =IF($E15-JH15=1,1,0) -> 0 | JQ15: =JP15+JQ14 -> 0 | JR15: =IF(JH15=$E15,1,0) -> 0 | JS15: =JR15+JS14 -> 0 | JT15: =IF(JH15-$E15=1,1,0) -> 0 | JU15: =JT15+JU14 -> 0 | JV15: =IF(JH15-$E15>=2,1,0) -> 0 | JW15: =JV15+JW14 -> 0 | JX15: =IF(JJ15=0,1,0) -> 1 | JY15: =JX15+JY14 -> 12 | JZ15: =IF(JJ15=1,1,0) -> 0 | KA15: =JZ15+KA14 -> 0 | KB15: =IF(JJ15=2,1,0) -> 0 | KC15: =KB15+KC14 -> 0 | KD15: =IF(JJ15>=3,1,0) -> 0 | KE15: =KD15+KE14 -> 0 | KG15: =IF($E15=4,JH15-4,NA()) -> -4 | KI15: =JH15-'Zusammenfassung Tag1-4'!$K$2/18 -> -0.77777778 | KJ15: =KI15+KJ14 -> -9.3333333
C16: 13 | D16: =D15+1 -> 13 | E16: 5 | F16: =E16+F15 -> 53 | G16: 6 | H16: =G16+H15 -> 62 | I16: 2 | J16: =I16+J15 -> 25 | K16: =IF(G16-I16<=$E16-2,1,0) -> 0 | L16: =K16+L15 -> 6 | M16: =IF(K16=0,IF(G16=$E16,1,0),0) -> 0 | N16: =M16+N15 -> 1 | O16: =IF($E16-G16=1,1,0) -> 0 | P16: =O16+P15 -> 1 | Q16: =IF(G16=$E16,1,0) -> 0 | R16: =Q16+R15 -> 5 | S16: =IF(G16-$E16=1,1,0) -> 1 | T16: =S16+T15 -> 4 | U16: =IF(G16-$E16>=2,1,0) -> 0 | V16: =U16+V15 -> 3 | W16: =IF(I16=0,1,0) -> 0 | X16: =W16+X15 -> 0 | Y16: =IF(I16=1,1,0) -> 0 | Z16: =Y16+Z15 -> 4 | AA16: =IF(I16=2,1,0) -> 1 | AB16: =AA16+AB15 -> 7 | AC16: =IF(I16>=3,1,0) -> 0 | AD16: =AC16+AD15 -> 2 | AG16: =IF($E16=5,G16-5,NA()) -> 1 | AH16: =G16-'Zusammenfassung Tag1-4'!$B$2/18 -> 4.8888889 | AI16: =AH16+AI15 -> 47.555556 | AJ16: 5 | AK16: =AJ16+AK15 -> 58 | AL16: 1 | AM16: =AL16+AM15 -> 27 | AN16: =IF(AJ16-AL16<=$E16-2,1,0) -> 0 | AO16: =AN16+AO15 -> 10 | AP16: =IF(AN16=0,IF(AJ16=$E16,1,0),0) -> 1 | AQ16: =AP16+AQ15 -> 2 | AR16: =IF($E16-AJ16=1,1,0) -> 0 | AS16: =AR16+AS15 -> 0 | AT16: =IF(AJ16=$E16,1,0) -> 1 | AU16: =AT16+AU15 -> 9 | AV16: =IF(AJ16-$E16=1,1,0) -> 0 | AW16: =AV16+AW15 -> 3 | AX16: =IF(AJ16-$E16>=2,1,0) -> 0 | AY16: =AX16+AY15 -> 1 | AZ16: =IF(AL16=0,1,0) -> 0 | BA16: =AZ16+BA15 -> 0 | BB16: =IF(AL16=1,1,0) -> 1 | BC16: =BB16+BC15 -> 2 | BD16: =IF(AL16=2,1,0) -> 0 | BE16: =BD16+BE15 -> 8 | BF16: =IF(AL16>=3,1,0) -> 0 | BG16: =BF16+BG15 -> 3 | BJ16: =IF($E16=5,AJ16-5,NA()) -> 0 | BK16: =AJ16-'Zusammenfassung Tag1-4'!$C$2/18 -> 4.3333333 | BL16: =BK16+BL15 -> 49.333333 | BM16: 5 | BN16: =BM16+BN15 -> 69 | BO16: 2 | BP16: =BO16+BP15 -> 26 | BQ16: =IF(BM16-BO16<=$E16-2,1,0) -> 1 | BR16: =BQ16+BR15 -> 4 | BS16: =IF(BQ16=0,IF(BM16=$E16,1,0),0) -> 0 | BT16: =BS16+BT15 -> 1 | BU16: =IF($E16-BM16=1,1,0) -> 0 | BV16: =BU16+BV15 -> 0 | BW16: =IF(BM16=$E16,1,0) -> 1 | BX16: =BW16+BX15 -> 5 | BY16: =IF(BM16-$E16=1,1,0) -> 0 | BZ16: =BY16+BZ15 -> 4 | CA16: =IF(BM16-$E16>=2,1,0) -> 0 | CB16: =CA16+CB15 -> 4 | CC16: =IF(BO16=0,1,0) -> 0 | CD16: =CC16+CD15 -> 0 | CE16: =IF(BO16=1,1,0) -> 0 | CF16: =CE16+CF15 -> 2 | CG16: =IF(BO16=2,1,0) -> 1 | CH16: =CG16+CH15 -> 9 | CI16: =IF(BO16>=3,1,0) -> 0 | CJ16: =CI16+CJ15 -> 2 | CM16: =IF($E16=5,BM16-5,NA()) -> 0 | CN16: =BM16-'Zusammenfassung Tag1-4'!$D$2/18 -> 3.6666667 | CO16: =CN16+CO15 -> 51.666667 | CP16: 7 | CQ16: =CP16+CQ15 -> 69 | CR16: 2 | CS16: =CR16+CS15 -> 27 | CT16: =IF(CP16-CR16<=$E16-2,1,0) -> 0 | CU16: =CT16+CU15 -> 4 | CV16: =IF(CT16=0,IF(CP16=$E16,1,0),0) -> 0 | CW16: =CV16+CW15 -> 1 | CX16: =IF($E16-CP16=1,1,0) -> 0 | CY16: =CX16+CY15 -> 0 | CZ16: =IF(CP16=$E16,1,0) -> 0 | DA16: =CZ16+DA15 -> 3 | DB16: =IF(CP16-$E16=1,1,0) -> 0 | DC16: =DB16+DC15 -> 5 | DD16: =IF(CP16-$E16>=2,1,0) -> 1 | DE16: =DD16+DE15 -> 5 | DF16: =IF(CR16=0,1,0) -> 0 | DG16: =DF16+DG15 -> 0 | DH16: =IF(CR16=1,1,0) -> 0 | DI16: =DH16+DI15 -> 2 | DJ16: =IF(CR16=2,1,0) -> 1 | DK16: =DJ16+DK15 -> 8 | DL16: =IF(CR16>=3,1,0) -> 0 | DM16: =DL16+DM15 -> 3 | DP16: =IF($E16=5,CP16-5,NA()) -> 2 | DQ16: =CP16-'Zusammenfassung Tag1-4'!$E$2/18 -> 5.7222222 | DR16: =DQ16+DR15 -> 52.388889 | DS16: 10 | DT16: =DS16+DT15 -> 102 | DU16: 2 | DV16: =DU16+DV15 -> 31 | DW16: =IF(DS16-DU16<=$E16-2,1,0) -> 0 | DX16: =DW16+DX15 -> 1 | DY16: =IF(DW16=0,IF(DS16=$E16,1,0),0) -> 0 | DZ16: =DY16+DZ15 -> 0 | EA16: =IF($E16-DS16=1,1,0) -> 0 | EB16: =EA16+EB15 -> 0 | EC16: =IF(DS16=$E16,1,0) -> 0 | ED16: =EC16+ED15 -> 1 | EE16: =IF(DS16-$E16=1,1,0) -> 0 | EF16: =EE16+EF15 -> 0 | EG16: =IF(DS16-$E16>=2,1,0) -> 1 | EH16: =EG16+EH15 -> 12 | EI16: =IF(DU16=0,1,0) -> 0 | EJ16: =EI16+EJ15 -> 0 | EK16: =IF(DU16=1,1,0) -> 0 | EL16: =EK16+EL15 -> 0 | EM16: =IF(DU16=2,1,0) -> 1 | EN16: =EM16+EN15 -> 9 | EO16: =IF(DU16>=3,1,0) -> 0 | EP16: =EO16+EP15 -> 4 | ES16: =IF($E16=5,DS16-5,NA()) -> 5 | ET16: =DS16-'Zusammenfassung Tag1-4'!$F$2/18 -> 7 | EU16: =ET16+EU15 -> 63 | EV16: 7 | EW16: =EV16+EW15 -> 76 | EX16: 2 | EY16: =EX16+EY15 -> 30 | EZ16: =IF(EV16-EX16<=$E16-2,1,0) -> 0 | FA16: =EZ16+FA15 -> 2 | FB16: =IF(EZ16=0,IF(EV16=$E16,1,0),0) -> 0 | FC16: =FB16+FC15 -> 0 | FD16: =IF($E16-EV16=1,1,0) -> 0 | FE16: =FD16+FE15 -> 0 | FF16: =IF(EV16=$E16,1,0) -> 0 | FG16: =FF16+FG15 -> 1 | FH16: =IF(EV16-$E16=1,1,0) -> 0 | FI16: =FH16+FI15 -> 3 | FJ16: =IF(EV16-$E16>=2,1,0) -> 1 | FK16: =FJ16+FK15 -> 9 | FL16: =IF(EX16=0,1,0) -> 0 | FM16: =FL16+FM15 -> 0 | FN16: =IF(EX16=1,1,0) -> 0 | FO16: =FN16+FO15 -> 1 | FP16: =IF(EX16=2,1,0) -> 1 | FQ16: =FP16+FQ15 -> 7 | FR16: =IF(EX16>=3,1,0) -> 0 | FS16: =FR16+FS15 -> 5 | FV16: =IF($E16=5,EV16-5,NA()) -> 2 | FW16: =EV16-'Zusammenfassung Tag1-4'!$G$2/18 -> 5.5 | FX16: =FW16+FX15 -> 56.5 | FY16: 7 | FZ16: =FY16+FZ15 -> 98 | GA16: 1 | GB16: =GA16+GB15 -> 31 | GC16: =IF(FY16-GA16<=$E16-2,1,0) -> 0 | GD16: =GC16+GD15 -> 1 | GE16: =IF(GC16=0,IF(FY16=$E16,1,0),0) -> 0 | GF16: =GE16+GF15 -> 0 | GG16: =IF($E16-FY16=1,1,0) -> 0 | GH16: =GG16+GH15 -> 0 | GI16: =IF(FY16=$E16,1,0) -> 0 | GJ16: =GI16+GJ15 -> 0 | GK16: =IF(FY16-$E16=1,1,0) -> 0 | GL16: =GK16+GL15 -> 1 | GM16: =IF(FY16-$E16>=2,1,0) -> 1 | GN16: =GM16+GN15 -> 12 | GO16: =IF(GA16=0,1,0) -> 0 | GP16: =GO16+GP15 -> 0 | GQ16: =IF(GA16=1,1,0) -> 1 | GR16: =GQ16+GR15 -> 1 | GS16: =IF(GA16=2,1,0) -> 0 | GT16: =GS16+GT15 -> 6 | GU16: =IF(GA16>=3,1,0) -> 0 | GV16: =GU16+GV15 -> 6 | GY16: =IF($E16=5,FY16-5,NA()) -> 2 | GZ16: =FY16-'Zusammenfassung Tag1-4'!$H$2/18 -> 4 | HA16: =GZ16+HA15 -> 59 | HB16: 6 | HC16: =HB16+HC15 -> 68 | HD16: 3 | HE16: =HD16+HE15 -> 28 | HF16: =IF(HB16-HD16<=$E16-2,1,0) -> 1 | HG16: =HF16+HG15 -> 4 | HH16: =IF(HF16=0,IF(HB16=$E16,1,0),0) -> 0 | HI16: =HH16+HI15 -> 2 | HJ16: =IF($E16-HB16=1,1,0) -> 0 | HK16: =HJ16+HK15 -> 0 | HL16: =IF(HB16=$E16,1,0) -> 0 | HM16: =HL16+HM15 -> 3 | HN16: =IF(HB16-$E16=1,1,0) -> 1 | HO16: =HN16+HO15 -> 7 | HP16: =IF(HB16-$E16>=2,1,0) -> 0 | HQ16: =HP16+HQ15 -> 3 | HR16: =IF(HD16=0,1,0) -> 0 | HS16: =HR16+HS15 -> 0 | HT16: =IF(HD16=1,1,0) -> 0 | HU16: =HT16+HU15 -> 2 | HV16: =IF(HD16=2,1,0) -> 0 | HW16: =HV16+HW15 -> 7 | HX16: =IF(HD16>=3,1,0) -> 1 | HY16: =HX16+HY15 -> 4 | IB16: =IF($E16=5,HB16-5,NA()) -> 1 | IC16: =HB16-'Zusammenfassung Tag1-4'!$I$2/18 -> 5 | ID16: =IC16+ID15 -> 55 | IF16: =IE16+IF15 -> 0 | IH16: =IG16+IH15 -> 0 | II16: =IF(IE16-IG16<=$E16-2,1,0) -> 1 | IJ16: =II16+IJ15 -> 13 | IK16: =IF(II16=0,IF(IE16=$E16,1,0),0) -> 0 | IL16: =IK16+IL15 -> 0 | IM16: =IF($E16-IE16=1,1,0) -> 0 | IN16: =IM16+IN15 -> 0 | IO16: =IF(IE16=$E16,1,0) -> 0 | IP16: =IO16+IP15 -> 0 | IQ16: =IF(IE16-$E16=1,1,0) -> 0 | IR16: =IQ16+IR15 -> 0 | IS16: =IF(IE16-$E16>=2,1,0) -> 0 | IT16: =IS16+IT15 -> 0 | IU16: =IF(IG16=0,1,0) -> 1 | IV16: =IU16+IV15 -> 13 | IW16: =IF(IG16=1,1,0) -> 0 | IX16: =IW16+IX15 -> 0 | IY16: =IF(IG16=2,1,0) -> 0 | IZ16: =IY16+IZ15 -> 0 | JA16: =IF(IG16>=3,1,0) -> 0 | JB16: =JA16+JB15 -> 0 | JE16: =IF($E16=5,IE16-5,NA()) -> -5 | JF16: =IE16-'Zusammenfassung Tag1-4'!$J$2/18 -> -3 | JG16: =JF16+JG15 -> -39 | JI16: =JH16+JI15 -> 0 | JK16: =JJ16+JK15 -> 0 | JL16: =IF(JH16-JJ16<=$E16-2,1,0) -> 1 | JM16: =JL16+JM15 -> 13 | JN16: =IF(JL16=0,IF(JH16=$E16,1,0),0) -> 0 | JO16: =JN16+JO15 -> 0 | JP16: =IF($E16-JH16=1,1,0) -> 0 | JQ16: =JP16+JQ15 -> 0 | JR16: =IF(JH16=$E16,1,0) -> 0 | JS16: =JR16+JS15 -> 0 | JT16: =IF(JH16-$E16=1,1,0) -> 0 | JU16: =JT16+JU15 -> 0 | JV16: =IF(JH16-$E16>=2,1,0) -> 0 | JW16: =JV16+JW15 -> 0 | JX16: =IF(JJ16=0,1,0) -> 1 | JY16: =JX16+JY15 -> 13 | JZ16: =IF(JJ16=1,1,0) -> 0 | KA16: =JZ16+KA15 -> 0 | KB16: =IF(JJ16=2,1,0) -> 0 | KC16: =KB16+KC15 -> 0 | KD16: =IF(JJ16>=3,1,0) -> 0 | KE16: =KD16+KE15 -> 0 | KH16: =IF($E16=5,JH16-5,NA()) -> -5 | KI16: =JH16-'Zusammenfassung Tag1-4'!$K$2/18 -> -0.77777778 | KJ16: =KI16+KJ15 -> -10.111111
C17: 14 | D17: =D16+1 -> 14 | E17: 3 | F17: =E17+F16 -> 56 | G17: 4 | H17: =G17+H16 -> 66 | I17: 3 | J17: =I17+J16 -> 28 | K17: =IF(G17-I17<=$E17-2,1,0) -> 1 | L17: =K17+L16 -> 7 | M17: =IF(K17=0,IF(G17=$E17,1,0),0) -> 0 | N17: =M17+N16 -> 1 | O17: =IF($E17-G17=1,1,0) -> 0 | P17: =O17+P16 -> 1 | Q17: =IF(G17=$E17,1,0) -> 0 | R17: =Q17+R16 -> 5 | S17: =IF(G17-$E17=1,1,0) -> 1 | T17: =S17+T16 -> 5 | U17: =IF(G17-$E17>=2,1,0) -> 0 | V17: =U17+V16 -> 3 | W17: =IF(I17=0,1,0) -> 0 | X17: =W17+X16 -> 0 | Y17: =IF(I17=1,1,0) -> 0 | Z17: =Y17+Z16 -> 4 | AA17: =IF(I17=2,1,0) -> 0 | AB17: =AA17+AB16 -> 7 | AC17: =IF(I17>=3,1,0) -> 1 | AD17: =AC17+AD16 -> 3 | AE17: =IF($E17=3,G17-3,NA()) -> 1 | AH17: =G17-'Zusammenfassung Tag1-4'!$B$2/18 -> 2.8888889 | AI17: =AH17+AI16 -> 50.444444 | AJ17: 4 | AK17: =AJ17+AK16 -> 62 | AL17: 2 | AM17: =AL17+AM16 -> 29 | AN17: =IF(AJ17-AL17<=$E17-2,1,0) -> 0 | AO17: =AN17+AO16 -> 10 | AP17: =IF(AN17=0,IF(AJ17=$E17,1,0),0) -> 0 | AQ17: =AP17+AQ16 -> 2 | AR17: =IF($E17-AJ17=1,1,0) -> 0 | AS17: =AR17+AS16 -> 0 | AT17: =IF(AJ17=$E17,1,0) -> 0 | AU17: =AT17+AU16 -> 9 | AV17: =IF(AJ17-$E17=1,1,0) -> 1 | AW17: =AV17+AW16 -> 4 | AX17: =IF(AJ17-$E17>=2,1,0) -> 0 | AY17: =AX17+AY16 -> 1 | AZ17: =IF(AL17=0,1,0) -> 0 | BA17: =AZ17+BA16 -> 0 | BB17: =IF(AL17=1,1,0) -> 0 | BC17: =BB17+BC16 -> 2 | BD17: =IF(AL17=2,1,0) -> 1 | BE17: =BD17+BE16 -> 9 | BF17: =IF(AL17>=3,1,0) -> 0 | BG17: =BF17+BG16 -> 3 | BH17: =IF($E17=3,AJ17-3,NA()) -> 1 | BK17: =AJ17-'Zusammenfassung Tag1-4'!$C$2/18 -> 3.3333333 | BL17: =BK17+BL16 -> 52.666667 | BM17: 5 | BN17: =BM17+BN16 -> 74 | BO17: 2 | BP17: =BO17+BP16 -> 28 | BQ17: =IF(BM17-BO17<=$E17-2,1,0) -> 0 | BR17: =BQ17+BR16 -> 4 | BS17: =IF(BQ17=0,IF(BM17=$E17,1,0),0) -> 0 | BT17: =BS17+BT16 -> 1 | BU17: =IF($E17-BM17=1,1,0) -> 0 | BV17: =BU17+BV16 -> 0 | BW17: =IF(BM17=$E17,1,0) -> 0 | BX17: =BW17+BX16 -> 5 | BY17: =IF(BM17-$E17=1,1,0) -> 0 | BZ17: =BY17+BZ16 -> 4 | CA17: =IF(BM17-$E17>=2,1,0) -> 1 | CB17: =CA17+CB16 -> 5 | CC17: =IF(BO17=0,1,0) -> 0 | CD17: =CC17+CD16 -> 0 | CE17: =IF(BO17=1,1,0) -> 0 | CF17: =CE17+CF16 -> 2 | CG17: =IF(BO17=2,1,0) -> 1 | CH17: =CG17+CH16 -> 10 | CI17: =IF(BO17>=3,1,0) -> 0 | CJ17: =CI17+CJ16 -> 2 | CK17: =IF($E17=3,BM17-3,NA()) -> 2 | CN17: =BM17-'Zusammenfassung Tag1-4'!$D$2/18 -> 3.6666667 | CO17: =CN17+CO16 -> 55.333333 | CP17: 5 | CQ17: =CP17+CQ16 -> 74 | CR17: 3 | CS17: =CR17+CS16 -> 30 | CT17: =IF(CP17-CR17<=$E17-2,1,0) -> 0 | CU17: =CT17+CU16 -> 4 | CV17: =IF(CT17=0,IF(CP17=$E17,1,0),0) -> 0 | CW17: =CV17+CW16 -> 1 | CX17: =IF($E17-CP17=1,1,0) -> 0 | CY17: =CX17+CY16 -> 0 | CZ17: =IF(CP17=$E17,1,0) -> 0 | DA17: =CZ17+DA16 -> 3 | DB17: =IF(CP17-$E17=1,1,0) -> 0 | DC17: =DB17+DC16 -> 5 | DD17: =IF(CP17-$E17>=2,1,0) -> 1 | DE17: =DD17+DE16 -> 6 | DF17: =IF(CR17=0,1,0) -> 0 | DG17: =DF17+DG16 -> 0 | DH17: =IF(CR17=1,1,0) -> 0 | DI17: =DH17+DI16 -> 2 | DJ17: =IF(CR17=2,1,0) -> 0 | DK17: =DJ17+DK16 -> 8 | DL17: =IF(CR17>=3,1,0) -> 1 | DM17: =DL17+DM16 -> 4 | DN17: =IF($E17=3,CP17-3,NA()) -> 2 | DQ17: =CP17-'Zusammenfassung Tag1-4'!$E$2/18 -> 3.7222222 | DR17: =DQ17+DR16 -> 56.111111 | DS17: 4 | DT17: =DS17+DT16 -> 106 | DU17: 2 | DV17: =DU17+DV16 -> 33 | DW17: =IF(DS17-DU17<=$E17-2,1,0) -> 0 | DX17: =DW17+DX16 -> 1 | DY17: =IF(DW17=0,IF(DS17=$E17,1,0),0) -> 0 | DZ17: =DY17+DZ16 -> 0 | EA17: =IF($E17-DS17=1,1,0) -> 0 | EB17: =EA17+EB16 -> 0 | EC17: =IF(DS17=$E17,1,0) -> 0 | ED17: =EC17+ED16 -> 1 | EE17: =IF(DS17-$E17=1,1,0) -> 1 | EF17: =EE17+EF16 -> 1 | EG17: =IF(DS17-$E17>=2,1,0) -> 0 | EH17: =EG17+EH16 -> 12 | EI17: =IF(DU17=0,1,0) -> 0 | EJ17: =EI17+EJ16 -> 0 | EK17: =IF(DU17=1,1,0) -> 0 | EL17: =EK17+EL16 -> 0 | EM17: =IF(DU17=2,1,0) -> 1 | EN17: =EM17+EN16 -> 10 | EO17: =IF(DU17>=3,1,0) -> 0 | EP17: =EO17+EP16 -> 4 | EQ17: =IF($E17=3,DS17-3,NA()) -> 1 | ET17: =DS17-'Zusammenfassung Tag1-4'!$F$2/18 -> 1 | EU17: =ET17+EU16 -> 64 | EV17: 4 | EW17: =EV17+EW16 -> 80 | EX17: 2 | EY17: =EX17+EY16 -> 32 | EZ17: =IF(EV17-EX17<=$E17-2,1,0) -> 0 | FA17: =EZ17+FA16 -> 2 | FB17: =IF(EZ17=0,IF(EV17=$E17,1,0),0) -> 0 | FC17: =FB17+FC16 -> 0 | FD17: =IF($E17-EV17=1,1,0) -> 0 | FE17: =FD17+FE16 -> 0 | FF17: =IF(EV17=$E17,1,0) -> 0 | FG17: =FF17+FG16 -> 1 | FH17: =IF(EV17-$E17=1,1,0) -> 1 | FI17: =FH17+FI16 -> 4 | FJ17: =IF(EV17-$E17>=2,1,0) -> 0 | FK17: =FJ17+FK16 -> 9 | FL17: =IF(EX17=0,1,0) -> 0 | FM17: =FL17+FM16 -> 0 | FN17: =IF(EX17=1,1,0) -> 0 | FO17: =FN17+FO16 -> 1 | FP17: =IF(EX17=2,1,0) -> 1 | FQ17: =FP17+FQ16 -> 8 | FR17: =IF(EX17>=3,1,0) -> 0 | FS17: =FR17+FS16 -> 5 | FT17: =IF($E17=3,EV17-3,NA()) -> 1 | FW17: =EV17-'Zusammenfassung Tag1-4'!$G$2/18 -> 2.5 | FX17: =FW17+FX16 -> 59 | FY17: 4 | FZ17: =FY17+FZ16 -> 102 | GA17: 1 | GB17: =GA17+GB16 -> 32 | GC17: =IF(FY17-GA17<=$E17-2,1,0) -> 0 | GD17: =GC17+GD16 -> 1 | GE17: =IF(GC17=0,IF(FY17=$E17,1,0),0) -> 0 | GF17: =GE17+GF16 -> 0 | GG17: =IF($E17-FY17=1,1,0) -> 0 | GH17: =GG17+GH16 -> 0 | GI17: =IF(FY17=$E17,1,0) -> 0 | GJ17: =GI17+GJ16 -> 0 | GK17: =IF(FY17-$E17=1,1,0) -> 1 | GL17: =GK17+GL16 -> 2 | GM17: =IF(FY17-$E17>=2,1,0) -> 0 | GN17: =GM17+GN16 -> 12 | GO17: =IF(GA17=0,1,0) -> 0 | GP17: =GO17+GP16 -> 0 | GQ17: =IF(GA17=1,1,0) -> 1 | GR17: =GQ17+GR16 -> 2 | GS17: =IF(GA17=2,1,0) -> 0 | GT17: =GS17+GT16 -> 6 | GU17: =IF(GA17>=3,1,0) -> 0 | GV17: =GU17+GV16 -> 6 | GW17: =IF($E17=3,FY17-3,NA()) -> 1 | GZ17: =FY17-'Zusammenfassung Tag1-4'!$H$2/18 -> 1 | HA17: =GZ17+HA16 -> 60 | HB17: 4 | HC17: =HB17+HC16 -> 72 | HD17: 3 | HE17: =HD17+HE16 -> 31 | HF17: =IF(HB17-HD17<=$E17-2,1,0) -> 1 | HG17: =HF17+HG16 -> 5 | HH17: =IF(HF17=0,IF(HB17=$E17,1,0),0) -> 0 | HI17: =HH17+HI16 -> 2 | HJ17: =IF($E17-HB17=1,1,0) -> 0 | HK17: =HJ17+HK16 -> 0 | HL17: =IF(HB17=$E17,1,0) -> 0 | HM17: =HL17+HM16 -> 3 | HN17: =IF(HB17-$E17=1,1,0) -> 1 | HO17: =HN17+HO16 -> 8 | HP17: =IF(HB17-$E17>=2,1,0) -> 0 | HQ17: =HP17+HQ16 -> 3 | HR17: =IF(HD17=0,1,0) -> 0 | HS17: =HR17+HS16 -> 0 | HT17: =IF(HD17=1,1,0) -> 0 | HU17: =HT17+HU16 -> 2 | HV17: =IF(HD17=2,1,0) -> 0 | HW17: =HV17+HW16 -> 7 | HX17: =IF(HD17>=3,1,0) -> 1 | HY17: =HX17+HY16 -> 5 | HZ17: =IF($E17=3,HB17-3,NA()) -> 1 | IC17: =HB17-'Zusammenfassung Tag1-4'!$I$2/18 -> 3 | ID17: =IC17+ID16 -> 58 | IF17: =IE17+IF16 -> 0 | IH17: =IG17+IH16 -> 0 | II17: =IF(IE17-IG17<=$E17-2,1,0) -> 1 | IJ17: =II17+IJ16 -> 14 | IK17: =IF(II17=0,IF(IE17=$E17,1,0),0) -> 0 | IL17: =IK17+IL16 -> 0 | IM17: =IF($E17-IE17=1,1,0) -> 0 | IN17: =IM17+IN16 -> 0 | IO17: =IF(IE17=$E17,1,0) -> 0 | IP17: =IO17+IP16 -> 0 | IQ17: =IF(IE17-$E17=1,1,0) -> 0 | IR17: =IQ17+IR16 -> 0 | IS17: =IF(IE17-$E17>=2,1,0) -> 0 | IT17: =IS17+IT16 -> 0 | IU17: =IF(IG17=0,1,0) -> 1 | IV17: =IU17+IV16 -> 14 | IW17: =IF(IG17=1,1,0) -> 0 | IX17: =IW17+IX16 -> 0 | IY17: =IF(IG17=2,1,0) -> 0 | IZ17: =IY17+IZ16 -> 0 | JA17: =IF(IG17>=3,1,0) -> 0 | JB17: =JA17+JB16 -> 0 | JC17: =IF($E17=3,IE17-3,NA()) -> -3 | JF17: =IE17-'Zusammenfassung Tag1-4'!$J$2/18 -> -3 | JG17: =JF17+JG16 -> -42 | JI17: =JH17+JI16 -> 0 | JK17: =JJ17+JK16 -> 0 | JL17: =IF(JH17-JJ17<=$E17-2,1,0) -> 1 | JM17: =JL17+JM16 -> 14 | JN17: =IF(JL17=0,IF(JH17=$E17,1,0),0) -> 0 | JO17: =JN17+JO16 -> 0 | JP17: =IF($E17-JH17=1,1,0) -> 0 | JQ17: =JP17+JQ16 -> 0 | JR17: =IF(JH17=$E17,1,0) -> 0 | JS17: =JR17+JS16 -> 0 | JT17: =IF(JH17-$E17=1,1,0) -> 0 | JU17: =JT17+JU16 -> 0 | JV17: =IF(JH17-$E17>=2,1,0) -> 0 | JW17: =JV17+JW16 -> 0 | JX17: =IF(JJ17=0,1,0) -> 1 | JY17: =JX17+JY16 -> 14 | JZ17: =IF(JJ17=1,1,0) -> 0 | KA17: =JZ17+KA16 -> 0 | KB17: =IF(JJ17=2,1,0) -> 0 | KC17: =KB17+KC16 -> 0 | KD17: =IF(JJ17>=3,1,0) -> 0 | KE17: =KD17+KE16 -> 0 | KF17: =IF($E17=3,JH17-3,NA()) -> -3 | KI17: =JH17-'Zusammenfassung Tag1-4'!$K$2/18 -> -0.77777778 | KJ17: =KI17+KJ16 -> -10.888889
C18: 15 | D18: =D17+1 -> 15 | E18: 4 | F18: =E18+F17 -> 60 | G18: 5 | H18: =G18+H17 -> 71 | I18: 2 | J18: =I18+J17 -> 30 | K18: =IF(G18-I18<=$E18-2,1,0) -> 0 | L18: =K18+L17 -> 7 | M18: =IF(K18=0,IF(G18=$E18,1,0),0) -> 0 | N18: =M18+N17 -> 1 | O18: =IF($E18-G18=1,1,0) -> 0 | P18: =O18+P17 -> 1 | Q18: =IF(G18=$E18,1,0) -> 0 | R18: =Q18+R17 -> 5 | S18: =IF(G18-$E18=1,1,0) -> 1 | T18: =S18+T17 -> 6 | U18: =IF(G18-$E18>=2,1,0) -> 0 | V18: =U18+V17 -> 3 | W18: =IF(I18=0,1,0) -> 0 | X18: =W18+X17 -> 0 | Y18: =IF(I18=1,1,0) -> 0 | Z18: =Y18+Z17 -> 4 | AA18: =IF(I18=2,1,0) -> 1 | AB18: =AA18+AB17 -> 8 | AC18: =IF(I18>=3,1,0) -> 0 | AD18: =AC18+AD17 -> 3 | AF18: =IF($E18=4,G18-4,NA()) -> 1 | AH18: =G18-'Zusammenfassung Tag1-4'!$B$2/18 -> 3.8888889 | AI18: =AH18+AI17 -> 54.333333 | AJ18: 6 | AK18: =AJ18+AK17 -> 68 | AL18: 1 | AM18: =AL18+AM17 -> 30 | AN18: =IF(AJ18-AL18<=$E18-2,1,0) -> 0 | AO18: =AN18+AO17 -> 10 | AP18: =IF(AN18=0,IF(AJ18=$E18,1,0),0) -> 0 | AQ18: =AP18+AQ17 -> 2 | AR18: =IF($E18-AJ18=1,1,0) -> 0 | AS18: =AR18+AS17 -> 0 | AT18: =IF(AJ18=$E18,1,0) -> 0 | AU18: =AT18+AU17 -> 9 | AV18: =IF(AJ18-$E18=1,1,0) -> 0 | AW18: =AV18+AW17 -> 4 | AX18: =IF(AJ18-$E18>=2,1,0) -> 1 | AY18: =AX18+AY17 -> 2 | AZ18: =IF(AL18=0,1,0) -> 0 | BA18: =AZ18+BA17 -> 0 | BB18: =IF(AL18=1,1,0) -> 1 | BC18: =BB18+BC17 -> 3 | BD18: =IF(AL18=2,1,0) -> 0 | BE18: =BD18+BE17 -> 9 | BF18: =IF(AL18>=3,1,0) -> 0 | BG18: =BF18+BG17 -> 3 | BI18: =IF($E18=4,AJ18-4,NA()) -> 2 | BK18: =AJ18-'Zusammenfassung Tag1-4'!$C$2/18 -> 5.3333333 | BL18: =BK18+BL17 -> 58 | BM18: 5 | BN18: =BM18+BN17 -> 79 | BO18: 2 | BP18: =BO18+BP17 -> 30 | BQ18: =IF(BM18-BO18<=$E18-2,1,0) -> 0 | BR18: =BQ18+BR17 -> 4 | BS18: =IF(BQ18=0,IF(BM18=$E18,1,0),0) -> 0 | BT18: =BS18+BT17 -> 1 | BU18: =IF($E18-BM18=1,1,0) -> 0 | BV18: =BU18+BV17 -> 0 | BW18: =IF(BM18=$E18,1,0) -> 0 | BX18: =BW18+BX17 -> 5 | BY18: =IF(BM18-$E18=1,1,0) -> 1 | BZ18: =BY18+BZ17 -> 5 | CA18: =IF(BM18-$E18>=2,1,0) -> 0 | CB18: =CA18+CB17 -> 5 | CC18: =IF(BO18=0,1,0) -> 0 | CD18: =CC18+CD17 -> 0 | CE18: =IF(BO18=1,1,0) -> 0 | CF18: =CE18+CF17 -> 2 | CG18: =IF(BO18=2,1,0) -> 1 | CH18: =CG18+CH17 -> 11 | CI18: =IF(BO18>=3,1,0) -> 0 | CJ18: =CI18+CJ17 -> 2 | CL18: =IF($E18=4,BM18-4,NA()) -> 1 | CN18: =BM18-'Zusammenfassung Tag1-4'!$D$2/18 -> 3.6666667 | CO18: =CN18+CO17 -> 59 | CP18: 4 | CQ18: =CP18+CQ17 -> 78 | CR18: 1 | CS18: =CR18+CS17 -> 31 | CT18: =IF(CP18-CR18<=$E18-2,1,0) -> 0 | CU18: =CT18+CU17 -> 4 | CV18: =IF(CT18=0,IF(CP18=$E18,1,0),0) -> 1 | CW18: =CV18+CW17 -> 2 | CX18: =IF($E18-CP18=1,1,0) -> 0 | CY18: =CX18+CY17 -> 0 | CZ18: =IF(CP18=$E18,1,0) -> 1 | DA18: =CZ18+DA17 -> 4 | DB18: =IF(CP18-$E18=1,1,0) -> 0 | DC18: =DB18+DC17 -> 5 | DD18: =IF(CP18-$E18>=2,1,0) -> 0 | DE18: =DD18+DE17 -> 6 | DF18: =IF(CR18=0,1,0) -> 0 | DG18: =DF18+DG17 -> 0 | DH18: =IF(CR18=1,1,0) -> 1 | DI18: =DH18+DI17 -> 3 | DJ18: =IF(CR18=2,1,0) -> 0 | DK18: =DJ18+DK17 -> 8 | DL18: =IF(CR18>=3,1,0) -> 0 | DM18: =DL18+DM17 -> 4 | DO18: =IF($E18=4,CP18-4,NA()) -> 0 | DQ18: =CP18-'Zusammenfassung Tag1-4'!$E$2/18 -> 2.7222222 | DR18: =DQ18+DR17 -> 58.833333 | DS18: 7 | DT18: =DS18+DT17 -> 113 | DU18: 2 | DV18: =DU18+DV17 -> 35 | DW18: =IF(DS18-DU18<=$E18-2,1,0) -> 0 | DX18: =DW18+DX17 -> 1 | DY18: =IF(DW18=0,IF(DS18=$E18,1,0),0) -> 0 | DZ18: =DY18+DZ17 -> 0 | EA18: =IF($E18-DS18=1,1,0) -> 0 | EB18: =EA18+EB17 -> 0 | EC18: =IF(DS18=$E18,1,0) -> 0 | ED18: =EC18+ED17 -> 1 | EE18: =IF(DS18-$E18=1,1,0) -> 0 | EF18: =EE18+EF17 -> 1 | EG18: =IF(DS18-$E18>=2,1,0) -> 1 | EH18: =EG18+EH17 -> 13 | EI18: =IF(DU18=0,1,0) -> 0 | EJ18: =EI18+EJ17 -> 0 | EK18: =IF(DU18=1,1,0) -> 0 | EL18: =EK18+EL17 -> 0 | EM18: =IF(DU18=2,1,0) -> 1 | EN18: =EM18+EN17 -> 11 | EO18: =IF(DU18>=3,1,0) -> 0 | EP18: =EO18+EP17 -> 4 | ER18: =IF($E18=4,DS18-4,NA()) -> 3 | ET18: =DS18-'Zusammenfassung Tag1-4'!$F$2/18 -> 4 | EU18: =ET18+EU17 -> 68 | EV18: 5 | EW18: =EV18+EW17 -> 85 | EX18: 3 | EY18: =EX18+EY17 -> 35 | EZ18: =IF(EV18-EX18<=$E18-2,1,0) -> 1 | FA18: =EZ18+FA17 -> 3 | FB18: =IF(EZ18=0,IF(EV18=$E18,1,0),0) -> 0 | FC18: =FB18+FC17 -> 0 | FD18: =IF($E18-EV18=1,1,0) -> 0 | FE18: =FD18+FE17 -> 0 | FF18: =IF(EV18=$E18,1,0) -> 0 | FG18: =FF18+FG17 -> 1 | FH18: =IF(EV18-$E18=1,1,0) -> 1 | FI18: =FH18+FI17 -> 5 | FJ18: =IF(EV18-$E18>=2,1,0) -> 0 | FK18: =FJ18+FK17 -> 9 | FL18: =IF(EX18=0,1,0) -> 0 | FM18: =FL18+FM17 -> 0 | FN18: =IF(EX18=1,1,0) -> 0 | FO18: =FN18+FO17 -> 1 | FP18: =IF(EX18=2,1,0) -> 0 | FQ18: =FP18+FQ17 -> 8 | FR18: =IF(EX18>=3,1,0) -> 1 | FS18: =FR18+FS17 -> 6 | FU18: =IF($E18=4,EV18-4,NA()) -> 1 | FW18: =EV18-'Zusammenfassung Tag1-4'!$G$2/18 -> 3.5 | FX18: =FW18+FX17 -> 62.5 | FY18: 6 | FZ18: =FY18+FZ17 -> 108 | GA18: 2 | GB18: =GA18+GB17 -> 34 | GC18: =IF(FY18-GA18<=$E18-2,1,0) -> 0 | GD18: =GC18+GD17 -> 1 | GE18: =IF(GC18=0,IF(FY18=$E18,1,0),0) -> 0 | GF18: =GE18+GF17 -> 0 | GG18: =IF($E18-FY18=1,1,0) -> 0 | GH18: =GG18+GH17 -> 0 | GI18: =IF(FY18=$E18,1,0) -> 0 | GJ18: =GI18+GJ17 -> 0 | GK18: =IF(FY18-$E18=1,1,0) -> 0 | GL18: =GK18+GL17 -> 2 | GM18: =IF(FY18-$E18>=2,1,0) -> 1 | GN18: =GM18+GN17 -> 13 | GO18: =IF(GA18=0,1,0) -> 0 | GP18: =GO18+GP17 -> 0 | GQ18: =IF(GA18=1,1,0) -> 0 | GR18: =GQ18+GR17 -> 2 | GS18: =IF(GA18=2,1,0) -> 1 | GT18: =GS18+GT17 -> 7 | GU18: =IF(GA18>=3,1,0) -> 0 | GV18: =GU18+GV17 -> 6 | GX18: =IF($E18=4,FY18-4,NA()) -> 2 | GZ18: =FY18-'Zusammenfassung Tag1-4'!$H$2/18 -> 3 | HA18: =GZ18+HA17 -> 63 | HB18: 6 | HC18: =HB18+HC17 -> 78 | HD18: 2 | HE18: =HD18+HE17 -> 33 | HF18: =IF(HB18-HD18<=$E18-2,1,0) -> 0 | HG18: =HF18+HG17 -> 5 | HH18: =IF(HF18=0,IF(HB18=$E18,1,0),0) -> 0 | HI18: =HH18+HI17 -> 2 | HJ18: =IF($E18-HB18=1,1,0) -> 0 | HK18: =HJ18+HK17 -> 0 | HL18: =IF(HB18=$E18,1,0) -> 0 | HM18: =HL18+HM17 -> 3 | HN18: =IF(HB18-$E18=1,1,0) -> 0 | HO18: =HN18+HO17 -> 8 | HP18: =IF(HB18-$E18>=2,1,0) -> 1 | HQ18: =HP18+HQ17 -> 4 | HR18: =IF(HD18=0,1,0) -> 0 | HS18: =HR18+HS17 -> 0 | HT18: =IF(HD18=1,1,0) -> 0 | HU18: =HT18+HU17 -> 2 | HV18: =IF(HD18=2,1,0) -> 1 | HW18: =HV18+HW17 -> 8 | HX18: =IF(HD18>=3,1,0) -> 0 | HY18: =HX18+HY17 -> 5 | IA18: =IF($E18=4,HB18-4,NA()) -> 2 | IC18: =HB18-'Zusammenfassung Tag1-4'!$I$2/18 -> 5 | ID18: =IC18+ID17 -> 63 | IF18: =IE18+IF17 -> 0 | IH18: =IG18+IH17 -> 0 | II18: =IF(IE18-IG18<=$E18-2,1,0) -> 1 | IJ18: =II18+IJ17 -> 15 | IK18: =IF(II18=0,IF(IE18=$E18,1,0),0) -> 0 | IL18: =IK18+IL17 -> 0 | IM18: =IF($E18-IE18=1,1,0) -> 0 | IN18: =IM18+IN17 -> 0 | IO18: =IF(IE18=$E18,1,0) -> 0 | IP18: =IO18+IP17 -> 0 | IQ18: =IF(IE18-$E18=1,1,0) -> 0 | IR18: =IQ18+IR17 -> 0 | IS18: =IF(IE18-$E18>=2,1,0) -> 0 | IT18: =IS18+IT17 -> 0 | IU18: =IF(IG18=0,1,0) -> 1 | IV18: =IU18+IV17 -> 15 | IW18: =IF(IG18=1,1,0) -> 0 | IX18: =IW18+IX17 -> 0 | IY18: =IF(IG18=2,1,0) -> 0 | IZ18: =IY18+IZ17 -> 0 | JA18: =IF(IG18>=3,1,0) -> 0 | JB18: =JA18+JB17 -> 0 | JD18: =IF($E18=4,IE18-4,NA()) -> -4 | JF18: =IE18-'Zusammenfassung Tag1-4'!$J$2/18 -> -3 | JG18: =JF18+JG17 -> -45 | JI18: =JH18+JI17 -> 0 | JK18: =JJ18+JK17 -> 0 | JL18: =IF(JH18-JJ18<=$E18-2,1,0) -> 1 | JM18: =JL18+JM17 -> 15 | JN18: =IF(JL18=0,IF(JH18=$E18,1,0),0) -> 0 | JO18: =JN18+JO17 -> 0 | JP18: =IF($E18-JH18=1,1,0) -> 0 | JQ18: =JP18+JQ17 -> 0 | JR18: =IF(JH18=$E18,1,0) -> 0 | JS18: =JR18+JS17 -> 0 | JT18: =IF(JH18-$E18=1,1,0) -> 0 | JU18: =JT18+JU17 -> 0 | JV18: =IF(JH18-$E18>=2,1,0) -> 0 | JW18: =JV18+JW17 -> 0 | JX18: =IF(JJ18=0,1,0) -> 1 | JY18: =JX18+JY17 -> 15 | JZ18: =IF(JJ18=1,1,0) -> 0 | KA18: =JZ18+KA17 -> 0 | KB18: =IF(JJ18=2,1,0) -> 0 | KC18: =KB18+KC17 -> 0 | KD18: =IF(JJ18>=3,1,0) -> 0 | KE18: =KD18+KE17 -> 0 | KG18: =IF($E18=4,JH18-4,NA()) -> -4 | KI18: =JH18-'Zusammenfassung Tag1-4'!$K$2/18 -> -0.77777778 | KJ18: =KI18+KJ17 -> -11.666667
C19: 16 | D19: =D18+1 -> 16 | E19: 3 | F19: =E19+F18 -> 63 | G19: 3 | H19: =G19+H18 -> 74 | I19: 2 | J19: =I19+J18 -> 32 | K19: =IF(G19-I19<=$E19-2,1,0) -> 1 | L19: =K19+L18 -> 8 | M19: =IF(K19=0,IF(G19=$E19,1,0),0) -> 0 | N19: =M19+N18 -> 1 | O19: =IF($E19-G19=1,1,0) -> 0 | P19: =O19+P18 -> 1 | Q19: =IF(G19=$E19,1,0) -> 1 | R19: =Q19+R18 -> 6 | S19: =IF(G19-$E19=1,1,0) -> 0 | T19: =S19+T18 -> 6 | U19: =IF(G19-$E19>=2,1,0) -> 0 | V19: =U19+V18 -> 3 | W19: =IF(I19=0,1,0) -> 0 | X19: =W19+X18 -> 0 | Y19: =IF(I19=1,1,0) -> 0 | Z19: =Y19+Z18 -> 4 | AA19: =IF(I19=2,1,0) -> 1 | AB19: =AA19+AB18 -> 9 | AC19: =IF(I19>=3,1,0) -> 0 | AD19: =AC19+AD18 -> 3 | AE19: =IF($E19=3,G19-3,NA()) -> 0 | AH19: =G19-'Zusammenfassung Tag1-4'!$B$2/18 -> 1.8888889 | AI19: =AH19+AI18 -> 56.222222 | AJ19: 4 | AK19: =AJ19+AK18 -> 72 | AL19: 2 | AM19: =AL19+AM18 -> 32 | AN19: =IF(AJ19-AL19<=$E19-2,1,0) -> 0 | AO19: =AN19+AO18 -> 10 | AP19: =IF(AN19=0,IF(AJ19=$E19,1,0),0) -> 0 | AQ19: =AP19+AQ18 -> 2 | AR19: =IF($E19-AJ19=1,1,0) -> 0 | AS19: =AR19+AS18 -> 0 | AT19: =IF(AJ19=$E19,1,0) -> 0 | AU19: =AT19+AU18 -> 9 | AV19: =IF(AJ19-$E19=1,1,0) -> 1 | AW19: =AV19+AW18 -> 5 | AX19: =IF(AJ19-$E19>=2,1,0) -> 0 | AY19: =AX19+AY18 -> 2 | AZ19: =IF(AL19=0,1,0) -> 0 | BA19: =AZ19+BA18 -> 0 | BB19: =IF(AL19=1,1,0) -> 0 | BC19: =BB19+BC18 -> 3 | BD19: =IF(AL19=2,1,0) -> 1 | BE19: =BD19+BE18 -> 10 | BF19: =IF(AL19>=3,1,0) -> 0 | BG19: =BF19+BG18 -> 3 | BH19: =IF($E19=3,AJ19-3,NA()) -> 1 | BK19: =AJ19-'Zusammenfassung Tag1-4'!$C$2/18 -> 3.3333333 | BL19: =BK19+BL18 -> 61.333333 | BM19: 5 | BN19: =BM19+BN18 -> 84 | BO19: 3 | BP19: =BO19+BP18 -> 33 | BQ19: =IF(BM19-BO19<=$E19-2,1,0) -> 0 | BR19: =BQ19+BR18 -> 4 | BS19: =IF(BQ19=0,IF(BM19=$E19,1,0),0) -> 0 | BT19: =BS19+BT18 -> 1 | BU19: =IF($E19-BM19=1,1,0) -> 0 | BV19: =BU19+BV18 -> 0 | BW19: =IF(BM19=$E19,1,0) -> 0 | BX19: =BW19+BX18 -> 5 | BY19: =IF(BM19-$E19=1,1,0) -> 0 | BZ19: =BY19+BZ18 -> 5 | CA19: =IF(BM19-$E19>=2,1,0) -> 1 | CB19: =CA19+CB18 -> 6 | CC19: =IF(BO19=0,1,0) -> 0 | CD19: =CC19+CD18 -> 0 | CE19: =IF(BO19=1,1,0) -> 0 | CF19: =CE19+CF18 -> 2 | CG19: =IF(BO19=2,1,0) -> 0 | CH19: =CG19+CH18 -> 11 | CI19: =IF(BO19>=3,1,0) -> 1 | CJ19: =CI19+CJ18 -> 3 | CK19: =IF($E19=3,BM19-3,NA()) -> 2 | CN19: =BM19-'Zusammenfassung Tag1-4'!$D$2/18 -> 3.6666667 | CO19: =CN19+CO18 -> 62.666667 | CP19: 5 | CQ19: =CP19+CQ18 -> 83 | CR19: 2 | CS19: =CR19+CS18 -> 33 | CT19: =IF(CP19-CR19<=$E19-2,1,0) -> 0 | CU19: =CT19+CU18 -> 4 | CV19: =IF(CT19=0,IF(CP19=$E19,1,0),0) -> 0 | CW19: =CV19+CW18 -> 2 | CX19: =IF($E19-CP19=1,1,0) -> 0 | CY19: =CX19+CY18 -> 0 | CZ19: =IF(CP19=$E19,1,0) -> 0 | DA19: =CZ19+DA18 -> 4 | DB19: =IF(CP19-$E19=1,1,0) -> 0 | DC19: =DB19+DC18 -> 5 | DD19: =IF(CP19-$E19>=2,1,0) -> 1 | DE19: =DD19+DE18 -> 7 | DF19: =IF(CR19=0,1,0) -> 0 | DG19: =DF19+DG18 -> 0 | DH19: =IF(CR19=1,1,0) -> 0 | DI19: =DH19+DI18 -> 3 | DJ19: =IF(CR19=2,1,0) -> 1 | DK19: =DJ19+DK18 -> 9 | DL19: =IF(CR19>=3,1,0) -> 0 | DM19: =DL19+DM18 -> 4 | DN19: =IF($E19=3,CP19-3,NA()) -> 2 | DQ19: =CP19-'Zusammenfassung Tag1-4'!$E$2/18 -> 3.7222222 | DR19: =DQ19+DR18 -> 62.555556 | DS19: 10 | DT19: =DS19+DT18 -> 123 | DU19: 2 | DV19: =DU19+DV18 -> 37 | DW19: =IF(DS19-DU19<=$E19-2,1,0) -> 0 | DX19: =DW19+DX18 -> 1 | DY19: =IF(DW19=0,IF(DS19=$E19,1,0),0) -> 0 | DZ19: =DY19+DZ18 -> 0 | EA19: =IF($E19-DS19=1,1,0) -> 0 | EB19: =EA19+EB18 -> 0 | EC19: =IF(DS19=$E19,1,0) -> 0 | ED19: =EC19+ED18 -> 1 | EE19: =IF(DS19-$E19=1,1,0) -> 0 | EF19: =EE19+EF18 -> 1 | EG19: =IF(DS19-$E19>=2,1,0) -> 1 | EH19: =EG19+EH18 -> 14 | EI19: =IF(DU19=0,1,0) -> 0 | EJ19: =EI19+EJ18 -> 0 | EK19: =IF(DU19=1,1,0) -> 0 | EL19: =EK19+EL18 -> 0 | EM19: =IF(DU19=2,1,0) -> 1 | EN19: =EM19+EN18 -> 12 | EO19: =IF(DU19>=3,1,0) -> 0 | EP19: =EO19+EP18 -> 4 | EQ19: =IF($E19=3,DS19-3,NA()) -> 7 | ET19: =DS19-'Zusammenfassung Tag1-4'!$F$2/18 -> 7 | EU19: =ET19+EU18 -> 75 | EV19: 5 | EW19: =EV19+EW18 -> 90 | EX19: 2 | EY19: =EX19+EY18 -> 37 | EZ19: =IF(EV19-EX19<=$E19-2,1,0) -> 0 | FA19: =EZ19+FA18 -> 3 | FB19: =IF(EZ19=0,IF(EV19=$E19,1,0),0) -> 0 | FC19: =FB19+FC18 -> 0 | FD19: =IF($E19-EV19=1,1,0) -> 0 | FE19: =FD19+FE18 -> 0 | FF19: =IF(EV19=$E19,1,0) -> 0 | FG19: =FF19+FG18 -> 1 | FH19: =IF(EV19-$E19=1,1,0) -> 0 | FI19: =FH19+FI18 -> 5 | FJ19: =IF(EV19-$E19>=2,1,0) -> 1 | FK19: =FJ19+FK18 -> 10 | FL19: =IF(EX19=0,1,0) -> 0 | FM19: =FL19+FM18 -> 0 | FN19: =IF(EX19=1,1,0) -> 0 | FO19: =FN19+FO18 -> 1 | FP19: =IF(EX19=2,1,0) -> 1 | FQ19: =FP19+FQ18 -> 9 | FR19: =IF(EX19>=3,1,0) -> 0 | FS19: =FR19+FS18 -> 6 | FT19: =IF($E19=3,EV19-3,NA()) -> 2 | FW19: =EV19-'Zusammenfassung Tag1-4'!$G$2/18 -> 3.5 | FX19: =FW19+FX18 -> 66 | FY19: 5 | FZ19: =FY19+FZ18 -> 113 | GA19: 3 | GB19: =GA19+GB18 -> 37 | GC19: =IF(FY19-GA19<=$E19-2,1,0) -> 0 | GD19: =GC19+GD18 -> 1 | GE19: =IF(GC19=0,IF(FY19=$E19,1,0),0) -> 0 | GF19: =GE19+GF18 -> 0 | GG19: =IF($E19-FY19=1,1,0) -> 0 | GH19: =GG19+GH18 -> 0 | GI19: =IF(FY19=$E19,1,0) -> 0 | GJ19: =GI19+GJ18 -> 0 | GK19: =IF(FY19-$E19=1,1,0) -> 0 | GL19: =GK19+GL18 -> 2 | GM19: =IF(FY19-$E19>=2,1,0) -> 1 | GN19: =GM19+GN18 -> 14 | GO19: =IF(GA19=0,1,0) -> 0 | GP19: =GO19+GP18 -> 0 | GQ19: =IF(GA19=1,1,0) -> 0 | GR19: =GQ19+GR18 -> 2 | GS19: =IF(GA19=2,1,0) -> 0 | GT19: =GS19+GT18 -> 7 | GU19: =IF(GA19>=3,1,0) -> 1 | GV19: =GU19+GV18 -> 7 | GW19: =IF($E19=3,FY19-3,NA()) -> 2 | GZ19: =FY19-'Zusammenfassung Tag1-4'!$H$2/18 -> 2 | HA19: =GZ19+HA18 -> 65 | HB19: 3 | HC19: =HB19+HC18 -> 81 | HD19: 2 | HE19: =HD19+HE18 -> 35 | HF19: =IF(HB19-HD19<=$E19-2,1,0) -> 1 | HG19: =HF19+HG18 -> 6 | HH19: =IF(HF19=0,IF(HB19=$E19,1,0),0) -> 0 | HI19: =HH19+HI18 -> 2 | HJ19: =IF($E19-HB19=1,1,0) -> 0 | HK19: =HJ19+HK18 -> 0 | HL19: =IF(HB19=$E19,1,0) -> 1 | HM19: =HL19+HM18 -> 4 | HN19: =IF(HB19-$E19=1,1,0) -> 0 | HO19: =HN19+HO18 -> 8 | HP19: =IF(HB19-$E19>=2,1,0) -> 0 | HQ19: =HP19+HQ18 -> 4 | HR19: =IF(HD19=0,1,0) -> 0 | HS19: =HR19+HS18 -> 0 | HT19: =IF(HD19=1,1,0) -> 0 | HU19: =HT19+HU18 -> 2 | HV19: =IF(HD19=2,1,0) -> 1 | HW19: =HV19+HW18 -> 9 | HX19: =IF(HD19>=3,1,0) -> 0 | HY19: =HX19+HY18 -> 5 | HZ19: =IF($E19=3,HB19-3,NA()) -> 0 | IC19: =HB19-'Zusammenfassung Tag1-4'!$I$2/18 -> 2 | ID19: =IC19+ID18 -> 65 | IF19: =IE19+IF18 -> 0 | IH19: =IG19+IH18 -> 0 | II19: =IF(IE19-IG19<=$E19-2,1,0) -> 1 | IJ19: =II19+IJ18 -> 16 | IK19: =IF(II19=0,IF(IE19=$E19,1,0),0) -> 0 | IL19: =IK19+IL18 -> 0 | IM19: =IF($E19-IE19=1,1,0) -> 0 | IN19: =IM19+IN18 -> 0 | IO19: =IF(IE19=$E19,1,0) -> 0 | IP19: =IO19+IP18 -> 0 | IQ19: =IF(IE19-$E19=1,1,0) -> 0 | IR19: =IQ19+IR18 -> 0 | IS19: =IF(IE19-$E19>=2,1,0) -> 0 | IT19: =IS19+IT18 -> 0 | IU19: =IF(IG19=0,1,0) -> 1 | IV19: =IU19+IV18 -> 16 | IW19: =IF(IG19=1,1,0) -> 0 | IX19: =IW19+IX18 -> 0 | IY19: =IF(IG19=2,1,0) -> 0 | IZ19: =IY19+IZ18 -> 0 | JA19: =IF(IG19>=3,1,0) -> 0 | JB19: =JA19+JB18 -> 0 | JC19: =IF($E19=3,IE19-3,NA()) -> -3 | JF19: =IE19-'Zusammenfassung Tag1-4'!$J$2/18 -> -3 | JG19: =JF19+JG18 -> -48 | JI19: =JH19+JI18 -> 0 | JK19: =JJ19+JK18 -> 0 | JL19: =IF(JH19-JJ19<=$E19-2,1,0) -> 1 | JM19: =JL19+JM18 -> 16 | JN19: =IF(JL19=0,IF(JH19=$E19,1,0),0) -> 0 | JO19: =JN19+JO18 -> 0 | JP19: =IF($E19-JH19=1,1,0) -> 0 | JQ19: =JP19+JQ18 -> 0 | JR19: =IF(JH19=$E19,1,0) -> 0 | JS19: =JR19+JS18 -> 0 | JT19: =IF(JH19-$E19=1,1,0) -> 0 | JU19: =JT19+JU18 -> 0 | JV19: =IF(JH19-$E19>=2,1,0) -> 0 | JW19: =JV19+JW18 -> 0 | JX19: =IF(JJ19=0,1,0) -> 1 | JY19: =JX19+JY18 -> 16 | JZ19: =IF(JJ19=1,1,0) -> 0 | KA19: =JZ19+KA18 -> 0 | KB19: =IF(JJ19=2,1,0) -> 0 | KC19: =KB19+KC18 -> 0 | KD19: =IF(JJ19>=3,1,0) -> 0 | KE19: =KD19+KE18 -> 0 | KF19: =IF($E19=3,JH19-3,NA()) -> -3 | KI19: =JH19-'Zusammenfassung Tag1-4'!$K$2/18 -> -0.77777778 | KJ19: =KI19+KJ18 -> -12.444444
C20: 17 | D20: =D19+1 -> 17 | E20: 5 | F20: =E20+F19 -> 68 | G20: 6 | H20: =G20+H19 -> 80 | I20: 2 | J20: =I20+J19 -> 34 | K20: =IF(G20-I20<=$E20-2,1,0) -> 0 | L20: =K20+L19 -> 8 | M20: =IF(K20=0,IF(G20=$E20,1,0),0) -> 0 | N20: =M20+N19 -> 1 | O20: =IF($E20-G20=1,1,0) -> 0 | P20: =O20+P19 -> 1 | Q20: =IF(G20=$E20,1,0) -> 0 | R20: =Q20+R19 -> 6 | S20: =IF(G20-$E20=1,1,0) -> 1 | T20: =S20+T19 -> 7 | U20: =IF(G20-$E20>=2,1,0) -> 0 | V20: =U20+V19 -> 3 | W20: =IF(I20=0,1,0) -> 0 | X20: =W20+X19 -> 0 | Y20: =IF(I20=1,1,0) -> 0 | Z20: =Y20+Z19 -> 4 | AA20: =IF(I20=2,1,0) -> 1 | AB20: =AA20+AB19 -> 10 | AC20: =IF(I20>=3,1,0) -> 0 | AD20: =AC20+AD19 -> 3 | AG20: =IF($E20=5,G20-5,NA()) -> 1 | AH20: =G20-'Zusammenfassung Tag1-4'!$B$2/18 -> 4.8888889 | AI20: =AH20+AI19 -> 61.111111 | AJ20: 5 | AK20: =AJ20+AK19 -> 77 | AL20: 1 | AM20: =AL20+AM19 -> 33 | AN20: =IF(AJ20-AL20<=$E20-2,1,0) -> 0 | AO20: =AN20+AO19 -> 10 | AP20: =IF(AN20=0,IF(AJ20=$E20,1,0),0) -> 1 | AQ20: =AP20+AQ19 -> 3 | AR20: =IF($E20-AJ20=1,1,0) -> 0 | AS20: =AR20+AS19 -> 0 | AT20: =IF(AJ20=$E20,1,0) -> 1 | AU20: =AT20+AU19 -> 10 | AV20: =IF(AJ20-$E20=1,1,0) -> 0 | AW20: =AV20+AW19 -> 5 | AX20: =IF(AJ20-$E20>=2,1,0) -> 0 | AY20: =AX20+AY19 -> 2 | AZ20: =IF(AL20=0,1,0) -> 0 | BA20: =AZ20+BA19 -> 0 | BB20: =IF(AL20=1,1,0) -> 1 | BC20: =BB20+BC19 -> 4 | BD20: =IF(AL20=2,1,0) -> 0 | BE20: =BD20+BE19 -> 10 | BF20: =IF(AL20>=3,1,0) -> 0 | BG20: =BF20+BG19 -> 3 | BJ20: =IF($E20=5,AJ20-5,NA()) -> 0 | BK20: =AJ20-'Zusammenfassung Tag1-4'!$C$2/18 -> 4.3333333 | BL20: =BK20+BL19 -> 65.666667 | BM20: 7 | BN20: =BM20+BN19 -> 91 | BO20: 2 | BP20: =BO20+BP19 -> 35 | BQ20: =IF(BM20-BO20<=$E20-2,1,0) -> 0 | BR20: =BQ20+BR19 -> 4 | BS20: =IF(BQ20=0,IF(BM20=$E20,1,0),0) -> 0 | BT20: =BS20+BT19 -> 1 | BU20: =IF($E20-BM20=1,1,0) -> 0 | BV20: =BU20+BV19 -> 0 | BW20: =IF(BM20=$E20,1,0) -> 0 | BX20: =BW20+BX19 -> 5 | BY20: =IF(BM20-$E20=1,1,0) -> 0 | BZ20: =BY20+BZ19 -> 5 | CA20: =IF(BM20-$E20>=2,1,0) -> 1 | CB20: =CA20+CB19 -> 7 | CC20: =IF(BO20=0,1,0) -> 0 | CD20: =CC20+CD19 -> 0 | CE20: =IF(BO20=1,1,0) -> 0 | CF20: =CE20+CF19 -> 2 | CG20: =IF(BO20=2,1,0) -> 1 | CH20: =CG20+CH19 -> 12 | CI20: =IF(BO20>=3,1,0) -> 0 | CJ20: =CI20+CJ19 -> 3 | CM20: =IF($E20=5,BM20-5,NA()) -> 2 | CN20: =BM20-'Zusammenfassung Tag1-4'!$D$2/18 -> 5.6666667 | CO20: =CN20+CO19 -> 68.333333 | CP20: 8 | CQ20: =CP20+CQ19 -> 91 | CR20: 2 | CS20: =CR20+CS19 -> 35 | CT20: =IF(CP20-CR20<=$E20-2,1,0) -> 0 | CU20: =CT20+CU19 -> 4 | CV20: =IF(CT20=0,IF(CP20=$E20,1,0),0) -> 0 | CW20: =CV20+CW19 -> 2 | CX20: =IF($E20-CP20=1,1,0) -> 0 | CY20: =CX20+CY19 -> 0 | CZ20: =IF(CP20=$E20,1,0) -> 0 | DA20: =CZ20+DA19 -> 4 | DB20: =IF(CP20-$E20=1,1,0) -> 0 | DC20: =DB20+DC19 -> 5 | DD20: =IF(CP20-$E20>=2,1,0) -> 1 | DE20: =DD20+DE19 -> 8 | DF20: =IF(CR20=0,1,0) -> 0 | DG20: =DF20+DG19 -> 0 | DH20: =IF(CR20=1,1,0) -> 0 | DI20: =DH20+DI19 -> 3 | DJ20: =IF(CR20=2,1,0) -> 1 | DK20: =DJ20+DK19 -> 10 | DL20: =IF(CR20>=3,1,0) -> 0 | DM20: =DL20+DM19 -> 4 | DP20: =IF($E20=5,CP20-5,NA()) -> 3 | DQ20: =CP20-'Zusammenfassung Tag1-4'!$E$2/18 -> 6.7222222 | DR20: =DQ20+DR19 -> 69.277778 | DS20: 7 | DT20: =DS20+DT19 -> 130 | DU20: 2 | DV20: =DU20+DV19 -> 39 | DW20: =IF(DS20-DU20<=$E20-2,1,0) -> 0 | DX20: =DW20+DX19 -> 1 | DY20: =IF(DW20=0,IF(DS20=$E20,1,0),0) -> 0 | DZ20: =DY20+DZ19 -> 0 | EA20: =IF($E20-DS20=1,1,0) -> 0 | EB20: =EA20+EB19 -> 0 | EC20: =IF(DS20=$E20,1,0) -> 0 | ED20: =EC20+ED19 -> 1 | EE20: =IF(DS20-$E20=1,1,0) -> 0 | EF20: =EE20+EF19 -> 1 | EG20: =IF(DS20-$E20>=2,1,0) -> 1 | EH20: =EG20+EH19 -> 15 | EI20: =IF(DU20=0,1,0) -> 0 | EJ20: =EI20+EJ19 -> 0 | EK20: =IF(DU20=1,1,0) -> 0 | EL20: =EK20+EL19 -> 0 | EM20: =IF(DU20=2,1,0) -> 1 | EN20: =EM20+EN19 -> 13 | EO20: =IF(DU20>=3,1,0) -> 0 | EP20: =EO20+EP19 -> 4 | ES20: =IF($E20=5,DS20-5,NA()) -> 2 | ET20: =DS20-'Zusammenfassung Tag1-4'!$F$2/18 -> 4 | EU20: =ET20+EU19 -> 79 | EV20: 5 | EW20: =EV20+EW19 -> 95 | EX20: 2 | EY20: =EX20+EY19 -> 39 | EZ20: =IF(EV20-EX20<=$E20-2,1,0) -> 1 | FA20: =EZ20+FA19 -> 4 | FB20: =IF(EZ20=0,IF(EV20=$E20,1,0),0) -> 0 | FC20: =FB20+FC19 -> 0 | FD20: =IF($E20-EV20=1,1,0) -> 0 | FE20: =FD20+FE19 -> 0 | FF20: =IF(EV20=$E20,1,0) -> 1 | FG20: =FF20+FG19 -> 2 | FH20: =IF(EV20-$E20=1,1,0) -> 0 | FI20: =FH20+FI19 -> 5 | FJ20: =IF(EV20-$E20>=2,1,0) -> 0 | FK20: =FJ20+FK19 -> 10 | FL20: =IF(EX20=0,1,0) -> 0 | FM20: =FL20+FM19 -> 0 | FN20: =IF(EX20=1,1,0) -> 0 | FO20: =FN20+FO19 -> 1 | FP20: =IF(EX20=2,1,0) -> 1 | FQ20: =FP20+FQ19 -> 10 | FR20: =IF(EX20>=3,1,0) -> 0 | FS20: =FR20+FS19 -> 6 | FV20: =IF($E20=5,EV20-5,NA()) -> 0 | FW20: =EV20-'Zusammenfassung Tag1-4'!$G$2/18 -> 3.5 | FX20: =FW20+FX19 -> 69.5 | FY20: 8 | FZ20: =FY20+FZ19 -> 121 | GA20: 3 | GB20: =GA20+GB19 -> 40 | GC20: =IF(FY20-GA20<=$E20-2,1,0) -> 0 | GD20: =GC20+GD19 -> 1 | GE20: =IF(GC20=0,IF(FY20=$E20,1,0),0) -> 0 | GF20: =GE20+GF19 -> 0 | GG20: =IF($E20-FY20=1,1,0) -> 0 | GH20: =GG20+GH19 -> 0 | GI20: =IF(FY20=$E20,1,0) -> 0 | GJ20: =GI20+GJ19 -> 0 | GK20: =IF(FY20-$E20=1,1,0) -> 0 | GL20: =GK20+GL19 -> 2 | GM20: =IF(FY20-$E20>=2,1,0) -> 1 | GN20: =GM20+GN19 -> 15 | GO20: =IF(GA20=0,1,0) -> 0 | GP20: =GO20+GP19 -> 0 | GQ20: =IF(GA20=1,1,0) -> 0 | GR20: =GQ20+GR19 -> 2 | GS20: =IF(GA20=2,1,0) -> 0 | GT20: =GS20+GT19 -> 7 | GU20: =IF(GA20>=3,1,0) -> 1 | GV20: =GU20+GV19 -> 8 | GY20: =IF($E20=5,FY20-5,NA()) -> 3 | GZ20: =FY20-'Zusammenfassung Tag1-4'!$H$2/18 -> 5 | HA20: =GZ20+HA19 -> 70 | HB20: 10 | HC20: =HB20+HC19 -> 91 | HD20: 2 | HE20: =HD20+HE19 -> 37 | HF20: =IF(HB20-HD20<=$E20-2,1,0) -> 0 | HG20: =HF20+HG19 -> 6 | HH20: =IF(HF20=0,IF(HB20=$E20,1,0),0) -> 0 | HI20: =HH20+HI19 -> 2 | HJ20: =IF($E20-HB20=1,1,0) -> 0 | HK20: =HJ20+HK19 -> 0 | HL20: =IF(HB20=$E20,1,0) -> 0 | HM20: =HL20+HM19 -> 4 | HN20: =IF(HB20-$E20=1,1,0) -> 0 | HO20: =HN20+HO19 -> 8 | HP20: =IF(HB20-$E20>=2,1,0) -> 1 | HQ20: =HP20+HQ19 -> 5 | HR20: =IF(HD20=0,1,0) -> 0 | HS20: =HR20+HS19 -> 0 | HT20: =IF(HD20=1,1,0) -> 0 | HU20: =HT20+HU19 -> 2 | HV20: =IF(HD20=2,1,0) -> 1 | HW20: =HV20+HW19 -> 10 | HX20: =IF(HD20>=3,1,0) -> 0 | HY20: =HX20+HY19 -> 5 | IB20: =IF($E20=5,HB20-5,NA()) -> 5 | IC20: =HB20-'Zusammenfassung Tag1-4'!$I$2/18 -> 9 | ID20: =IC20+ID19 -> 74 | IF20: =IE20+IF19 -> 0 | IH20: =IG20+IH19 -> 0 | II20: =IF(IE20-IG20<=$E20-2,1,0) -> 1 | IJ20: =II20+IJ19 -> 17 | IK20: =IF(II20=0,IF(IE20=$E20,1,0),0) -> 0 | IL20: =IK20+IL19 -> 0 | IM20: =IF($E20-IE20=1,1,0) -> 0 | IN20: =IM20+IN19 -> 0 | IO20: =IF(IE20=$E20,1,0) -> 0 | IP20: =IO20+IP19 -> 0 | IQ20: =IF(IE20-$E20=1,1,0) -> 0 | IR20: =IQ20+IR19 -> 0 | IS20: =IF(IE20-$E20>=2,1,0) -> 0 | IT20: =IS20+IT19 -> 0 | IU20: =IF(IG20=0,1,0) -> 1 | IV20: =IU20+IV19 -> 17 | IW20: =IF(IG20=1,1,0) -> 0 | IX20: =IW20+IX19 -> 0 | IY20: =IF(IG20=2,1,0) -> 0 | IZ20: =IY20+IZ19 -> 0 | JA20: =IF(IG20>=3,1,0) -> 0 | JB20: =JA20+JB19 -> 0 | JE20: =IF($E20=5,IE20-5,NA()) -> -5 | JF20: =IE20-'Zusammenfassung Tag1-4'!$J$2/18 -> -3 | JG20: =JF20+JG19 -> -51 | JI20: =JH20+JI19 -> 0 | JK20: =JJ20+JK19 -> 0 | JL20: =IF(JH20-JJ20<=$E20-2,1,0) -> 1 | JM20: =JL20+JM19 -> 17 | JN20: =IF(JL20=0,IF(JH20=$E20,1,0),0) -> 0 | JO20: =JN20+JO19 -> 0 | JP20: =IF($E20-JH20=1,1,0) -> 0 | JQ20: =JP20+JQ19 -> 0 | JR20: =IF(JH20=$E20,1,0) -> 0 | JS20: =JR20+JS19 -> 0 | JT20: =IF(JH20-$E20=1,1,0) -> 0 | JU20: =JT20+JU19 -> 0 | JV20: =IF(JH20-$E20>=2,1,0) -> 0 | JW20: =JV20+JW19 -> 0 | JX20: =IF(JJ20=0,1,0) -> 1 | JY20: =JX20+JY19 -> 17 | JZ20: =IF(JJ20=1,1,0) -> 0 | KA20: =JZ20+KA19 -> 0 | KB20: =IF(JJ20=2,1,0) -> 0 | KC20: =KB20+KC19 -> 0 | KD20: =IF(JJ20>=3,1,0) -> 0 | KE20: =KD20+KE19 -> 0 | KH20: =IF($E20=5,JH20-5,NA()) -> -5 | KI20: =JH20-'Zusammenfassung Tag1-4'!$K$2/18 -> -0.77777778 | KJ20: =KI20+KJ19 -> -13.222222
C21: 18 | D21: =D20+1 -> 18 | E21: 4 | F21: =E21+F20 -> 72 | G21: 7 | H21: =G21+H20 -> 87 | I21: 2 | J21: =I21+J20 -> 36 | K21: =IF(G21-I21<=$E21-2,1,0) -> 0 | L21: =K21+L20 -> 8 | M21: =IF(K21=0,IF(G21=$E21,1,0),0) -> 0 | N21: =M21+N20 -> 1 | O21: =IF($E21-G21=1,1,0) -> 0 | P21: =O21+P20 -> 1 | Q21: =IF(G21=$E21,1,0) -> 0 | R21: =Q21+R20 -> 6 | S21: =IF(G21-$E21=1,1,0) -> 0 | T21: =S21+T20 -> 7 | U21: =IF(G21-$E21>=2,1,0) -> 1 | V21: =U21+V20 -> 4 | W21: =IF(I21=0,1,0) -> 0 | X21: =W21+X20 -> 0 | Y21: =IF(I21=1,1,0) -> 0 | Z21: =Y21+Z20 -> 4 | AA21: =IF(I21=2,1,0) -> 1 | AB21: =AA21+AB20 -> 11 | AC21: =IF(I21>=3,1,0) -> 0 | AD21: =AC21+AD20 -> 3 | AF21: =IF($E21=4,G21-4,NA()) -> 3 | AH21: =G21-'Zusammenfassung Tag1-4'!$B$2/18 -> 5.8888889 | AI21: =AH21+AI20 -> 67 | AJ21: 5 | AK21: =AJ21+AK20 -> 82 | AL21: 2 | AM21: =AL21+AM20 -> 35 | AN21: =IF(AJ21-AL21<=$E21-2,1,0) -> 0 | AO21: =AN21+AO20 -> 10 | AP21: =IF(AN21=0,IF(AJ21=$E21,1,0),0) -> 0 | AQ21: =AP21+AQ20 -> 3 | AR21: =IF($E21-AJ21=1,1,0) -> 0 | AS21: =AR21+AS20 -> 0 | AT21: =IF(AJ21=$E21,1,0) -> 0 | AU21: =AT21+AU20 -> 10 | AV21: =IF(AJ21-$E21=1,1,0) -> 1 | AW21: =AV21+AW20 -> 6 | AX21: =IF(AJ21-$E21>=2,1,0) -> 0 | AY21: =AX21+AY20 -> 2 | AZ21: =IF(AL21=0,1,0) -> 0 | BA21: =AZ21+BA20 -> 0 | BB21: =IF(AL21=1,1,0) -> 0 | BC21: =BB21+BC20 -> 4 | BD21: =IF(AL21=2,1,0) -> 1 | BE21: =BD21+BE20 -> 11 | BF21: =IF(AL21>=3,1,0) -> 0 | BG21: =BF21+BG20 -> 3 | BI21: =IF($E21=4,AJ21-4,NA()) -> 1 | BK21: =AJ21-'Zusammenfassung Tag1-4'!$C$2/18 -> 4.3333333 | BL21: =BK21+BL20 -> 70 | BM21: 9 | BN21: =BM21+BN20 -> 100 | BO21: 1 | BP21: =BO21+BP20 -> 36 | BQ21: =IF(BM21-BO21<=$E21-2,1,0) -> 0 | BR21: =BQ21+BR20 -> 4 | BS21: =IF(BQ21=0,IF(BM21=$E21,1,0),0) -> 0 | BT21: =BS21+BT20 -> 1 | BU21: =IF($E21-BM21=1,1,0) -> 0 | BV21: =BU21+BV20 -> 0 | BW21: =IF(BM21=$E21,1,0) -> 0 | BX21: =BW21+BX20 -> 5 | BY21: =IF(BM21-$E21=1,1,0) -> 0 | BZ21: =BY21+BZ20 -> 5 | CA21: =IF(BM21-$E21>=2,1,0) -> 1 | CB21: =CA21+CB20 -> 8 | CC21: =IF(BO21=0,1,0) -> 0 | CD21: =CC21+CD20 -> 0 | CE21: =IF(BO21=1,1,0) -> 1 | CF21: =CE21+CF20 -> 3 | CG21: =IF(BO21=2,1,0) -> 0 | CH21: =CG21+CH20 -> 12 | CI21: =IF(BO21>=3,1,0) -> 0 | CJ21: =CI21+CJ20 -> 3 | CL21: =IF($E21=4,BM21-4,NA()) -> 5 | CN21: =BM21-'Zusammenfassung Tag1-4'!$D$2/18 -> 7.6666667 | CO21: =CN21+CO20 -> 76 | CP21: 8 | CQ21: =CP21+CQ20 -> 99 | CR21: 3 | CS21: =CR21+CS20 -> 38 | CT21: =IF(CP21-CR21<=$E21-2,1,0) -> 0 | CU21: =CT21+CU20 -> 4 | CV21: =IF(CT21=0,IF(CP21=$E21,1,0),0) -> 0 | CW21: =CV21+CW20 -> 2 | CX21: =IF($E21-CP21=1,1,0) -> 0 | CY21: =CX21+CY20 -> 0 | CZ21: =IF(CP21=$E21,1,0) -> 0 | DA21: =CZ21+DA20 -> 4 | DB21: =IF(CP21-$E21=1,1,0) -> 0 | DC21: =DB21+DC20 -> 5 | DD21: =IF(CP21-$E21>=2,1,0) -> 1 | DE21: =DD21+DE20 -> 9 | DF21: =IF(CR21=0,1,0) -> 0 | DG21: =DF21+DG20 -> 0 | DH21: =IF(CR21=1,1,0) -> 0 | DI21: =DH21+DI20 -> 3 | DJ21: =IF(CR21=2,1,0) -> 0 | DK21: =DJ21+DK20 -> 10 | DL21: =IF(CR21>=3,1,0) -> 1 | DM21: =DL21+DM20 -> 5 | DO21: =IF($E21=4,CP21-4,NA()) -> 4 | DQ21: =CP21-'Zusammenfassung Tag1-4'!$E$2/18 -> 6.7222222 | DR21: =DQ21+DR20 -> 76 | DS21: 7 | DT21: =DS21+DT20 -> 137 | DU21: 3 | DV21: =DU21+DV20 -> 42 | DW21: =IF(DS21-DU21<=$E21-2,1,0) -> 0 | DX21: =DW21+DX20 -> 1 | DY21: =IF(DW21=0,IF(DS21=$E21,1,0),0) -> 0 | DZ21: =DY21+DZ20 -> 0 | EA21: =IF($E21-DS21=1,1,0) -> 0 | EB21: =EA21+EB20 -> 0 | EC21: =IF(DS21=$E21,1,0) -> 0 | ED21: =EC21+ED20 -> 1 | EE21: =IF(DS21-$E21=1,1,0) -> 0 | EF21: =EE21+EF20 -> 1 | EG21: =IF(DS21-$E21>=2,1,0) -> 1 | EH21: =EG21+EH20 -> 16 | EI21: =IF(DU21=0,1,0) -> 0 | EJ21: =EI21+EJ20 -> 0 | EK21: =IF(DU21=1,1,0) -> 0 | EL21: =EK21+EL20 -> 0 | EM21: =IF(DU21=2,1,0) -> 0 | EN21: =EM21+EN20 -> 13 | EO21: =IF(DU21>=3,1,0) -> 1 | EP21: =EO21+EP20 -> 5 | ER21: =IF($E21=4,DS21-4,NA()) -> 3 | ET21: =DS21-'Zusammenfassung Tag1-4'!$F$2/18 -> 4 | EU21: =ET21+EU20 -> 83 | EV21: 7 | EW21: =EV21+EW20 -> 102 | EX21: 3 | EY21: =EX21+EY20 -> 42 | EZ21: =IF(EV21-EX21<=$E21-2,1,0) -> 0 | FA21: =EZ21+FA20 -> 4 | FB21: =IF(EZ21=0,IF(EV21=$E21,1,0),0) -> 0 | FC21: =FB21+FC20 -> 0 | FD21: =IF($E21-EV21=1,1,0) -> 0 | FE21: =FD21+FE20 -> 0 | FF21: =IF(EV21=$E21,1,0) -> 0 | FG21: =FF21+FG20 -> 2 | FH21: =IF(EV21-$E21=1,1,0) -> 0 | FI21: =FH21+FI20 -> 5 | FJ21: =IF(EV21-$E21>=2,1,0) -> 1 | FK21: =FJ21+FK20 -> 11 | FL21: =IF(EX21=0,1,0) -> 0 | FM21: =FL21+FM20 -> 0 | FN21: =IF(EX21=1,1,0) -> 0 | FO21: =FN21+FO20 -> 1 | FP21: =IF(EX21=2,1,0) -> 0 | FQ21: =FP21+FQ20 -> 10 | FR21: =IF(EX21>=3,1,0) -> 1 | FS21: =FR21+FS20 -> 7 | FU21: =IF($E21=4,EV21-4,NA()) -> 3 | FW21: =EV21-'Zusammenfassung Tag1-4'!$G$2/18 -> 5.5 | FX21: =FW21+FX20 -> 75 | FY21: 10 | FZ21: =FY21+FZ20 -> 131 | GA21: 2 | GB21: =GA21+GB20 -> 42 | GC21: =IF(FY21-GA21<=$E21-2,1,0) -> 0 | GD21: =GC21+GD20 -> 1 | GE21: =IF(GC21=0,IF(FY21=$E21,1,0),0) -> 0 | GF21: =GE21+GF20 -> 0 | GG21: =IF($E21-FY21=1,1,0) -> 0 | GH21: =GG21+GH20 -> 0 | GI21: =IF(FY21=$E21,1,0) -> 0 | GJ21: =GI21+GJ20 -> 0 | GK21: =IF(FY21-$E21=1,1,0) -> 0 | GL21: =GK21+GL20 -> 2 | GM21: =IF(FY21-$E21>=2,1,0) -> 1 | GN21: =GM21+GN20 -> 16 | GO21: =IF(GA21=0,1,0) -> 0 | GP21: =GO21+GP20 -> 0 | GQ21: =IF(GA21=1,1,0) -> 0 | GR21: =GQ21+GR20 -> 2 | GS21: =IF(GA21=2,1,0) -> 1 | GT21: =GS21+GT20 -> 8 | GU21: =IF(GA21>=3,1,0) -> 0 | GV21: =GU21+GV20 -> 8 | GX21: =IF($E21=4,FY21-4,NA()) -> 6 | GZ21: =FY21-'Zusammenfassung Tag1-4'!$H$2/18 -> 7 | HA21: =GZ21+HA20 -> 77 | HB21: 4 | HC21: =HB21+HC20 -> 95 | HD21: 2 | HE21: =HD21+HE20 -> 39 | HF21: =IF(HB21-HD21<=$E21-2,1,0) -> 1 | HG21: =HF21+HG20 -> 7 | HH21: =IF(HF21=0,IF(HB21=$E21,1,0),0) -> 0 | HI21: =HH21+HI20 -> 2 | HJ21: =IF($E21-HB21=1,1,0) -> 0 | HK21: =HJ21+HK20 -> 0 | HL21: =IF(HB21=$E21,1,0) -> 1 | HM21: =HL21+HM20 -> 5 | HN21: =IF(HB21-$E21=1,1,0) -> 0 | HO21: =HN21+HO20 -> 8 | HP21: =IF(HB21-$E21>=2,1,0) -> 0 | HQ21: =HP21+HQ20 -> 5 | HR21: =IF(HD21=0,1,0) -> 0 | HS21: =HR21+HS20 -> 0 | HT21: =IF(HD21=1,1,0) -> 0 | HU21: =HT21+HU20 -> 2 | HV21: =IF(HD21=2,1,0) -> 1 | HW21: =HV21+HW20 -> 11 | HX21: =IF(HD21>=3,1,0) -> 0 | HY21: =HX21+HY20 -> 5 | IA21: =IF($E21=4,HB21-4,NA()) -> 0 | IC21: =HB21-'Zusammenfassung Tag1-4'!$I$2/18 -> 3 | ID21: =IC21+ID20 -> 77 | IF21: =IE21+IF20 -> 0 | IH21: =IG21+IH20 -> 0 | II21: =IF(IE21-IG21<=$E21-2,1,0) -> 1 | IJ21: =II21+IJ20 -> 18 | IK21: =IF(II21=0,IF(IE21=$E21,1,0),0) -> 0 | IL21: =IK21+IL20 -> 0 | IM21: =IF($E21-IE21=1,1,0) -> 0 | IN21: =IM21+IN20 -> 0 | IO21: =IF(IE21=$E21,1,0) -> 0 | IP21: =IO21+IP20 -> 0 | IQ21: =IF(IE21-$E21=1,1,0) -> 0 | IR21: =IQ21+IR20 -> 0 | IS21: =IF(IE21-$E21>=2,1,0) -> 0 | IT21: =IS21+IT20 -> 0 | IU21: =IF(IG21=0,1,0) -> 1 | IV21: =IU21+IV20 -> 18 | IW21: =IF(IG21=1,1,0) -> 0 | IX21: =IW21+IX20 -> 0 | IY21: =IF(IG21=2,1,0) -> 0 | IZ21: =IY21+IZ20 -> 0 | JA21: =IF(IG21>=3,1,0) -> 0 | JB21: =JA21+JB20 -> 0 | JD21: =IF($E21=4,IE21-4,NA()) -> -4 | JF21: =IE21-'Zusammenfassung Tag1-4'!$J$2/18 -> -3 | JG21: =JF21+JG20 -> -54 | JI21: =JH21+JI20 -> 0 | JK21: =JJ21+JK20 -> 0 | JL21: =IF(JH21-JJ21<=$E21-2,1,0) -> 1 | JM21: =JL21+JM20 -> 18 | JN21: =IF(JL21=0,IF(JH21=$E21,1,0),0) -> 0 | JO21: =JN21+JO20 -> 0 | JP21: =IF($E21-JH21=1,1,0) -> 0 | JQ21: =JP21+JQ20 -> 0 | JR21: =IF(JH21=$E21,1,0) -> 0 | JS21: =JR21+JS20 -> 0 | JT21: =IF(JH21-$E21=1,1,0) -> 0 | JU21: =JT21+JU20 -> 0 | JV21: =IF(JH21-$E21>=2,1,0) -> 0 | JW21: =JV21+JW20 -> 0 | JX21: =IF(JJ21=0,1,0) -> 1 | JY21: =JX21+JY20 -> 18 | JZ21: =IF(JJ21=1,1,0) -> 0 | KA21: =JZ21+KA20 -> 0 | KB21: =IF(JJ21=2,1,0) -> 0 | KC21: =KB21+KC20 -> 0 | KD21: =IF(JJ21>=3,1,0) -> 0 | KE21: =KD21+KE20 -> 0 | KG21: =IF($E21=4,JH21-4,NA()) -> -4 | KI21: =JH21-'Zusammenfassung Tag1-4'!$K$2/18 -> -0.77777778 | KJ21: =KI21+KJ20 -> -14
C22: Total | E22: =SUM(E13:E21) -> 36 | G22: =SUM(G13:G21) -> 43 | I22: =SUM(I13:I21) -> 18 | K22: =SUM(K13:K21) -> 4 | M22: =SUM(M13:M21) -> 1 | O22: =SUM(O13:O21) -> 0 | Q22: =SUM(Q13:Q21) -> 4 | S22: =SUM(S13:S21) -> 4 | U22: =SUM(U13:U21) -> 1 | W22: =SUM(W13:W21) -> 0 | Y22: =SUM(Y13:Y21) -> 1 | AA22: =SUM(AA13:AA21) -> 7 | AC22: =SUM(AC13:AC21) -> 1 | AE22: =AVERAGE(AE13:AE21) -> 0.5 | AF22: =AVERAGE(AF13:AF21) -> 0.8 | AG22: =AVERAGE(AG13:AG21) -> 1 | AH22: =SUM(AH13:AH21) -> 33 | AJ22: =SUM(AJ13:AJ21) -> 41 | AL22: =SUM(AL13:AL21) -> 15 | AN22: =SUM(AN13:AN21) -> 3 | AP22: =SUM(AP13:AP21) -> 2 | AR22: =SUM(AR13:AR21) -> 0 | AT22: =SUM(AT13:AT21) -> 5 | AV22: =SUM(AV13:AV21) -> 3 | AX22: =SUM(AX13:AX21) -> 1 | AZ22: =SUM(AZ13:AZ21) -> 0 | BB22: =SUM(BB13:BB21) -> 3 | BD22: =SUM(BD13:BD21) -> 6 | BF22: =SUM(BF13:BF21) -> 0 | BH22: =AVERAGE(BH13:BH21) -> 1 | BI22: =AVERAGE(BI13:BI21) -> 0.6 | BJ22: =AVERAGE(BJ13:BJ21) -> 0 | BK22: =SUM(BK13:BK21) -> 35 | BM22: =SUM(BM13:BM21) -> 52 | BO22: =SUM(BO13:BO21) -> 18 | BQ22: =SUM(BQ13:BQ21) -> 1 | BS22: =SUM(BS13:BS21) -> 0 | BU22: =SUM(BU13:BU21) -> 0 | BW22: =SUM(BW13:BW21) -> 1 | BY22: =SUM(BY13:BY21) -> 3 | CA22: =SUM(CA13:CA21) -> 5 | CC22: =SUM(CC13:CC21) -> 0 | CE22: =SUM(CE13:CE21) -> 1 | CG22: =SUM(CG13:CG21) -> 7 | CI22: =SUM(CI13:CI21) -> 1 | CK22: =AVERAGE(CK13:CK21) -> 2 | CL22: =AVERAGE(CL13:CL21) -> 2 | CM22: =AVERAGE(CM13:CM21) -> 1 | CN22: =SUM(CN13:CN21) -> 40 | CP22: =SUM(CP13:CP21) -> 54 | CR22: =SUM(CR13:CR21) -> 21 | CT22: =SUM(CT13:CT21) -> 1 | CV22: =SUM(CV13:CV21) -> 1 | CX22: =SUM(CX13:CX21) -> 0 | CZ22: =SUM(CZ13:CZ21) -> 1 | DB22: =SUM(DB13:DB21) -> 2 | DD22: =SUM(DD13:DD21) -> 6 | DF22: =SUM(DF13:DF21) -> 0 | DH22: =SUM(DH13:DH21) -> 1 | DJ22: =SUM(DJ13:DJ21) -> 4 | DL22: =SUM(DL13:DL21) -> 4 | DN22: =AVERAGE(DN13:DN21) -> 2 | DO22: =AVERAGE(DO13:DO21) -> 1.8 | DP22: =AVERAGE(DP13:DP21) -> 2.5 | DQ22: =SUM(DQ13:DQ21) -> 42.5 | DS22: =SUM(DS13:DS21) -> 70 | DU22: =SUM(DU13:DU21) -> 19 | DW22: =SUM(DW13:DW21) -> 0 | DY22: =SUM(DY13:DY21) -> 0 | EA22: =SUM(EA13:EA21) -> 0 | EC22: =SUM(EC13:EC21) -> 0 | EE22: =SUM(EE13:EE21) -> 1 | EG22: =SUM(EG13:EG21) -> 8 | EI22: =SUM(EI13:EI21) -> 0 | EK22: =SUM(EK13:EK21) -> 0 | EM22: =SUM(EM13:EM21) -> 8 | EO22: =SUM(EO13:EO21) -> 1 | EQ22: =AVERAGE(EQ13:EQ21) -> 4 | ER22: =AVERAGE(ER13:ER21) -> 3.8 | ES22: =AVERAGE(ES13:ES21) -> 3.5 | ET22: =SUM(ET13:ET21) -> 43 | EV22: =SUM(EV13:EV21) -> 51 | EX22: =SUM(EX13:EX21) -> 21 | EZ22: =SUM(EZ13:EZ21) -> 2 | FB22: =SUM(FB13:FB21) -> 0 | FD22: =SUM(FD13:FD21) -> 0 | FF22: =SUM(FF13:FF21) -> 1 | FH22: =SUM(FH13:FH21) -> 3 | FJ22: =SUM(FJ13:FJ21) -> 5 | FL22: =SUM(FL13:FL21) -> 0 | FN22: =SUM(FN13:FN21) -> 0 | FP22: =SUM(FP13:FP21) -> 6 | FR22: =SUM(FR13:FR21) -> 3 | FT22: =AVERAGE(FT13:FT21) -> 1.5 | FU22: =AVERAGE(FU13:FU21) -> 2 | FV22: =AVERAGE(FV13:FV21) -> 1 | FW22: =SUM(FW13:FW21) -> 37.5 | FY22: =SUM(FY13:FY21) -> 65 | GA22: =SUM(GA13:GA21) -> 20 | GC22: =SUM(GC13:GC21) -> 0 | GE22: =SUM(GE13:GE21) -> 0 | GG22: =SUM(GG13:GG21) -> 0 | GI22: =SUM(GI13:GI21) -> 0 | GK22: =SUM(GK13:GK21) -> 1 | GM22: =SUM(GM13:GM21) -> 8 | GO22: =SUM(GO13:GO21) -> 0 | GQ22: =SUM(GQ13:GQ21) -> 2 | GS22: =SUM(GS13:GS21) -> 3 | GU22: =SUM(GU13:GU21) -> 4 | GW22: =AVERAGE(GW13:GW21) -> 1.5 | GX22: =AVERAGE(GX13:GX21) -> 4.2 | GY22: =AVERAGE(GY13:GY21) -> 2.5 | GZ22: =SUM(GZ13:GZ21) -> 38 | HB22: =SUM(HB13:HB21) -> 48 | HD22: =SUM(HD13:HD21) -> 19 | HF22: =SUM(HF13:HF21) -> 4 | HH22: =SUM(HH13:HH21) -> 1 | HJ22: =SUM(HJ13:HJ21) -> 0 | HL22: =SUM(HL13:HL21) -> 3 | HN22: =SUM(HN13:HN21) -> 3 | HP22: =SUM(HP13:HP21) -> 3 | HR22: =SUM(HR13:HR21) -> 0 | HT22: =SUM(HT13:HT21) -> 1 | HV22: =SUM(HV13:HV21) -> 6 | HX22: =SUM(HX13:HX21) -> 2 | HZ22: =AVERAGE(HZ13:HZ21) -> 0.5 | IA22: =AVERAGE(IA13:IA21) -> 1 | IB22: =AVERAGE(IB13:IB21) -> 3 | IC22: =SUM(IC13:IC21) -> 39 | IE22: =SUM(IE13:IE21) -> 0 | IG22: =SUM(IG13:IG21) -> 0 | II22: =SUM(II13:II21) -> 9 | IK22: =SUM(IK13:IK21) -> 0 | IM22: =SUM(IM13:IM21) -> 0 | IO22: =SUM(IO13:IO21) -> 0 | IQ22: =SUM(IQ13:IQ21) -> 0 | IS22: =SUM(IS13:IS21) -> 0 | IU22: =SUM(IU13:IU21) -> 9 | IW22: =SUM(IW13:IW21) -> 0 | IY22: =SUM(IY13:IY21) -> 0 | JA22: =SUM(JA13:JA21) -> 0 | JC22: =AVERAGE(JC13:JC21) -> -3 | JD22: =AVERAGE(JD13:JD21) -> -4 | JE22: =AVERAGE(JE13:JE21) -> -5 | JF22: =SUM(JF13:JF21) -> -27 | JH22: =SUM(JH13:JH21) -> 0 | JJ22: =SUM(JJ13:JJ21) -> 0 | JL22: =SUM(JL13:JL21) -> 9 | JN22: =SUM(JN13:JN21) -> 0 | JP22: =SUM(JP13:JP21) -> 0 | JR22: =SUM(JR13:JR21) -> 0 | JT22: =SUM(JT13:JT21) -> 0 | JV22: =SUM(JV13:JV21) -> 0 | JX22: =SUM(JX13:JX21) -> 9 | JZ22: =SUM(JZ13:JZ21) -> 0 | KB22: =SUM(KB13:KB21) -> 0 | KD22: =SUM(KD13:KD21) -> 0 | KF22: =AVERAGE(KF13:KF21) -> -3 | KG22: =AVERAGE(KG13:KG21) -> -4 | KH22: =AVERAGE(KH13:KH21) -> -5 | KI22: =SUM(KI13:KI21) -> -7
B23: 18 L | C23: Total | E23: =E12+E22 -> 72 | G23: =G12+G22 -> 87 | I23: =I12+I22 -> 36 | K23: =K12+K22 -> 8 | M23: =M12+M22 -> 1 | O23: =O12+O22 -> 1 | Q23: =Q12+Q22 -> 6 | S23: =S12+S22 -> 7 | U23: =U12+U22 -> 4 | W23: =W12+W22 -> 0 | Y23: =Y12+Y22 -> 4 | AA23: =AA12+AA22 -> 11 | AC23: =AC12+AC22 -> 3 | AE23: =AVERAGE(AE3:AE11,AE13:AE21) -> 1 | AF23: =AVERAGE(AF3:AF11,AF13:AF21) -> 0.7 | AG23: =AVERAGE(AG3:AG11,AG13:AG21) -> 1 | AH23: =AH12+AH22 -> 67 | AJ23: =AJ12+AJ22 -> 82 | AL23: =AL12+AL22 -> 35 | AN23: =AN12+AN22 -> 10 | AP23: =AP12+AP22 -> 3 | AR23: =AR12+AR22 -> 0 | AT23: =AT12+AT22 -> 10 | AV23: =AV12+AV22 -> 6 | AX23: =AX12+AX22 -> 2 | AZ23: =AZ12+AZ22 -> 0 | BB23: =BB12+BB22 -> 4 | BD23: =BD12+BD22 -> 11 | BF23: =BF12+BF22 -> 3 | BH23: =AVERAGE(BH3:BH11,BH13:BH21) -> 1 | BI23: =AVERAGE(BI3:BI11,BI13:BI21) -> 0.6 | BJ23: =AVERAGE(BJ3:BJ11,BJ13:BJ21) -> 0 | BK23: =BK12+BK22 -> 70 | BM23: =BM12+BM22 -> 100 | BO23: =BO12+BO22 -> 36 | BQ23: =BQ12+BQ22 -> 4 | BS23: =BS12+BS22 -> 1 | BU23: =BU12+BU22 -> 0 | BW23: =BW12+BW22 -> 5 | BY23: =BY12+BY22 -> 5 | CA23: =CA12+CA22 -> 8 | CC23: =CC12+CC22 -> 0 | CE23: =CE12+CE22 -> 3 | CG23: =CG12+CG22 -> 12 | CI23: =CI12+CI22 -> 3 | CK23: =AVERAGE(CK3:CK11,CK13:CK21) -> 1.25 | CL23: =AVERAGE(CL3:CL11,CL13:CL21) -> 1.7 | CM23: =AVERAGE(CM3:CM11,CM13:CM21) -> 1.5 | CN23: =CN12+CN22 -> 76 | CP23: =CP12+CP22 -> 99 | CR23: =CR12+CR22 -> 38 | CT23: =CT12+CT22 -> 4 | CV23: =CV12+CV22 -> 2 | CX23: =CX12+CX22 -> 0 | CZ23: =CZ12+CZ22 -> 4 | DB23: =DB12+DB22 -> 5 | DD23: =DD12+DD22 -> 9 | DF23: =DF12+DF22 -> 0 | DH23: =DH12+DH22 -> 3 | DJ23: =DJ12+DJ22 -> 10 | DL23: =DL12+DL22 -> 5 | DN23: =AVERAGE(DN3:DN11,DN13:DN21) -> 1.5 | DO23: =AVERAGE(DO3:DO11,DO13:DO21) -> 1.2 | DP23: =AVERAGE(DP3:DP11,DP13:DP21) -> 2.25 | DQ23: =DQ12+DQ22 -> 76 | DS23: =DS12+DS22 -> 137 | DU23: =DU12+DU22 -> 42 | DW23: =DW12+DW22 -> 1 | DY23: =DY12+DY22 -> 0 | EA23: =EA12+EA22 -> 0 | EC23: =EC12+EC22 -> 1 | EE23: =EE12+EE22 -> 1 | EG23: =EG12+EG22 -> 16 | EI23: =EI12+EI22 -> 0 | EK23: =EK12+EK22 -> 0 | EM23: =EM12+EM22 -> 13 | EO23: =EO12+EO22 -> 5 | EQ23: =AVERAGE(EQ3:EQ11,EQ13:EQ21) -> 2.5 | ER23: =AVERAGE(ER3:ER11,ER13:ER21) -> 3.8 | ES23: =AVERAGE(ES3:ES11,ES13:ES21) -> 4.25 | ET23: =ET12+ET22 -> 83 | EV23: =EV12+EV22 -> 102 | EX23: =EX12+EX22 -> 42 | EZ23: =EZ12+EZ22 -> 4 | FB23: =FB12+FB22 -> 0 | FD23: =FD12+FD22 -> 0 | FF23: =FF12+FF22 -> 2 | FH23: =FH12+FH22 -> 5 | FJ23: =FJ12+FJ22 -> 11 | FL23: =FL12+FL22 -> 0 | FN23: =FN12+FN22 -> 1 | FP23: =FP12+FP22 -> 10 | FR23: =FR12+FR22 -> 7 | FT23: =AVERAGE(FT3:FT11,FT13:FT21) -> 1.5 | FU23: =AVERAGE(FU3:FU11,FU13:FU21) -> 1.9 | FV23: =AVERAGE(FV3:FV11,FV13:FV21) -> 1.25 | FW23: =FW12+FW22 -> 75 | FY23: =FY12+FY22 -> 131 | GA23: =GA12+GA22 -> 42 | GC23: =GC12+GC22 -> 1 | GE23: =GE12+GE22 -> 0 | GG23: =GG12+GG22 -> 0 | GI23: =GI12+GI22 -> 0 | GK23: =GK12+GK22 -> 2 | GM23: =GM12+GM22 -> 16 | GO23: =GO12+GO22 -> 0 | GQ23: =GQ12+GQ22 -> 2 | GS23: =GS12+GS22 -> 8 | GU23: =GU12+GU22 -> 8 | GW23: =AVERAGE(GW3:GW11,GW13:GW21) -> 2.25 | GX23: =AVERAGE(GX3:GX11,GX13:GX21) -> 3.7 | GY23: =AVERAGE(GY3:GY11,GY13:GY21) -> 3.25 | GZ23: =GZ12+GZ22 -> 77 | HB23: =HB12+HB22 -> 95 | HD23: =HD12+HD22 -> 39 | HF23: =HF12+HF22 -> 7 | HH23: =HH12+HH22 -> 2 | HJ23: =HJ12+HJ22 -> 0 | HL23: =HL12+HL22 -> 5 | HN23: =HN12+HN22 -> 8 | HP23: =HP12+HP22 -> 5 | HR23: =HR12+HR22 -> 0 | HT23: =HT12+HT22 -> 2 | HV23: =HV12+HV22 -> 11 | HX23: =HX12+HX22 -> 5 | HZ23: =AVERAGE(HZ3:HZ11,HZ13:HZ21) -> 0.75 | IA23: =AVERAGE(IA3:IA11,IA13:IA21) -> 1.3 | IB23: =AVERAGE(IB3:IB11,IB13:IB21) -> 1.75 | IC23: =IC12+IC22 -> 77 | IE23: =IE12+IE22 -> 0 | IG23: =IG12+IG22 -> 0 | II23: =II12+II22 -> 18 | IK23: =IK12+IK22 -> 0 | IM23: =IM12+IM22 -> 0 | IO23: =IO12+IO22 -> 0 | IQ23: =IQ12+IQ22 -> 0 | IS23: =IS12+IS22 -> 0 | IU23: =IU12+IU22 -> 18 | IW23: =IW12+IW22 -> 0 | IY23: =IY12+IY22 -> 0 | JA23: =JA12+JA22 -> 0 | JC23: =AVERAGE(JC3:JC11,JC13:JC21) -> -3 | JD23: =AVERAGE(JD3:JD11,JD13:JD21) -> -4 | JE23: =AVERAGE(JE3:JE11,JE13:JE21) -> -5 | JF23: =JF12+JF22 -> -54 | JH23: =JH12+JH22 -> 0 | JJ23: =JJ12+JJ22 -> 0 | JL23: =JL12+JL22 -> 18 | JN23: =JN12+JN22 -> 0 | JP23: =JP12+JP22 -> 0 | JR23: =JR12+JR22 -> 0 | JT23: =JT12+JT22 -> 0 | JV23: =JV12+JV22 -> 0 | JX23: =JX12+JX22 -> 18 | JZ23: =JZ12+JZ22 -> 0 | KB23: =KB12+KB22 -> 0 | KD23: =KD12+KD22 -> 0 | KF23: =AVERAGE(KF3:KF11,KF13:KF21) -> -3 | KG23: =AVERAGE(KG3:KG11,KG13:KG21) -> -4 | KH23: =AVERAGE(KH3:KH11,KH13:KH21) -> -5 | KI23: =KI12+KI22 -> -14
A24: Tag 2 Samedan | B24: Course | G24: Manu | AJ24: Parli | BM24: Meiky | CP24: Pulfer | DS24: Andrea | EV24: Jens | FY24: Köbi | HB24: Lenz | IE24: Justine | JH24: Thömme
B25: Abschnitt | C25: Loch | E25: Par | G25: Schläge | H25: Schläge kum | I25: Putts | J25: Putts kum | K25: GIR | L25: GIR kum | M25: Up/Down | N25: Up/Down kum | O25: Birdie | P25: Birdie kum | Q25: Pars | R25: Pars kum | S25: Bogeys | T25: Bogeys kum | U25: D.Bogey+ | V25: D.Bogey+ kum | W25: Chip in | X25: Chip in kum | Y25: 1 Put | Z25: 1 Put kum | AA25: 2 Put | AB25: 2 Put kum | AC25: 3+ Put | AD25: 3+ Put kum | AE25: Par3 Perf | AF25: Par4 Perf | AG25: Par5 Perf | AH25: Netto | AI25: Netto kum | AJ25: Schläge | AK25: Schläge kum | AL25: Putts | AM25: Putts kum | AN25: GIR | AO25: GIR kum | AP25: Up/Down | AQ25: Up/Down kum | AR25: Birdie | AS25: Birdie kum | AT25: Pars | AU25: Pars kum | AV25: Bogeys | AW25: Bogeys kum | AX25: D.Bogey+ | AY25: D.Bogey+ kum | AZ25: Chip in | BA25: Chip in kum | BB25: 1 Put | BC25: 1 Put kum | BD25: 2 Put | BE25: 2 Put kum | BF25: 3+ Put | BG25: 3+ Put kum | BH25: Par3 Perf | BI25: Par4 Perf | BJ25: Par5 Perf | BK25: Netto | BL25: Netto kum | BM25: Schläge | BN25: Schläge kum | BO25: Putts | BP25: Putts kum | BQ25: GIR | BR25: GIR kum | BS25: Up/Down | BT25: Up/Down kum | BU25: Birdie | BV25: Birdie kum | BW25: Pars | BX25: Pars kum | BY25: Bogeys | BZ25: Bogeys kum | CA25: D.Bogey+ | CB25: D.Bogey+ kum | CC25: Chip in | CD25: Chip in kum | CE25: 1 Put | CF25: 1 Put kum | CG25: 2 Put | CH25: 2 Put kum | CI25: 3+ Put | CJ25: 3+ Put kum | CK25: Par3 Perf | CL25: Par4 Perf | CM25: Par5 Perf | CN25: Netto | CO25: Netto kum | CP25: Schläge | CQ25: Schläge kum | CR25: Putts | CS25: Putts kum | CT25: GIR | CU25: GIR kum | CV25: Up/Down | CW25: Up/Down kum | CX25: Birdie | CY25: Birdie kum | CZ25: Pars | DA25: Pars kum | DB25: Bogeys | DC25: Bogeys kum | DD25: D.Bogey+ | DE25: D.Bogey+ kum | DF25: Chip in | DG25: Chip in kum | DH25: 1 Put | DI25: 1 Put kum | DJ25: 2 Put | DK25: 2 Put kum | DL25: 3+ Put | DM25: 3+ Put kum | DN25: Par3 Perf | DO25: Par4 Perf | DP25: Par5 Perf | DQ25: Netto | DR25: Netto kum | DS25: Schläge | DT25: Schläge kum | DU25: Putts | DV25: Putts kum | DW25: GIR | DX25: GIR kum | DY25: Up/Down | DZ25: Up/Down kum | EA25: Birdie | EB25: Birdie kum | EC25: Pars | ED25: Pars kum | EE25: Bogeys | EF25: Bogeys kum | EG25: D.Bogey+ | EH25: D.Bogey+ kum | EI25: Chip in | EJ25: Chip in kum | EK25: 1 Put | EL25: 1 Put kum | EM25: 2 Put | EN25: 2 Put kum | EO25: 3+ Put | EP25: 3+ Put kum | EQ25: Par3 Perf | ER25: Par4 Perf | ES25: Par5 Perf | ET25: Netto | EU25: Netto kum | EV25: Schläge | EW25: Schläge kum | EX25: Putts | EY25: Putts kum | EZ25: GIR | FA25: GIR kum | FB25: Up/Down | FC25: Up/Down kum | FD25: Birdie | FE25: Birdie kum | FF25: Pars | FG25: Pars kum | FH25: Bogeys | FI25: Bogeys kum | FJ25: D.Bogey+ | FK25: D.Bogey+ kum | FL25: Chip in | FM25: Chip in kum | FN25: 1 Put | FO25: 1 Put kum | FP25: 2 Put | FQ25: 2 Put kum | FR25: 3+ Put | FS25: 3+ Put kum | FT25: Par3 Perf | FU25: Par4 Perf | FV25: Par5 Perf | FW25: Netto | FX25: Netto kum | FY25: Schläge | FZ25: Schläge kum | GA25: Putts | GB25: Putts kum | GC25: GIR | GD25: GIR kum | GE25: Up/Down | GF25: Up/Down kum | GG25: Birdie | GH25: Birdie kum | GI25: Pars | GJ25: Pars kum | GK25: Bogeys | GL25: Bogeys kum | GM25: D.Bogey+ | GN25: D.Bogey+ kum | GO25: Chip in | GP25: Chip in kum | GQ25: 1 Put | GR25: 1 Put kum | GS25: 2 Put | GT25: 2 Put kum | GU25: 3+ Put | GV25: 3+ Put kum | GW25: Par3 Perf | GX25: Par4 Perf | GY25: Par5 Perf | GZ25: Netto | HA25: Netto kum | HB25: Schläge | HC25: Schläge kum | HD25: Putts | HE25: Putts kum | HF25: GIR | HG25: GIR kum | HH25: Up/Down | HI25: Up/Down kum | HJ25: Birdie | HK25: Birdie kum | HL25: Pars | HM25: Pars kum | HN25: Bogeys | HO25: Bogeys kum | HP25: D.Bogey+ | HQ25: D.Bogey+ kum | HR25: Chip in | HS25: Chip in kum | HT25: 1 Put | HU25: 1 Put kum | HV25: 2 Put | HW25: 2 Put kum | HX25: 3+ Put | HY25: 3+ Put kum | HZ25: Par3 Perf | IA25: Par4 Perf | IB25: Par5 Perf | IC25: Netto | ID25: Netto kum | IE25: Schläge | IF25: Schläge kum | IG25: Putts | IH25: Putts kum | II25: GIR | IJ25: GIR kum | IK25: Up/Down | IL25: Up/Down kum | IM25: Birdie | IN25: Birdie kum | IO25: Pars | IP25: Pars kum | IQ25: Bogeys | IR25: Bogeys kum | IS25: D.Bogey+ | IT25: D.Bogey+ kum | IU25: Chip in | IV25: Chip in kum | IW25: 1 Put | IX25: 1 Put kum | IY25: 2 Put | IZ25: 2 Put kum | JA25: 3+ Put | JB25: 3+ Put kum | JC25: Par3 Perf | JD25: Par4 Perf | JE25: Par5 Perf | JF25: Netto | JG25: Netto kum | JH25: Schläge | JI25: Schläge kum | JJ25: Putts | JK25: Putts kum | JL25: GIR | JM25: GIR kum | JN25: Up/Down | JO25: Up/Down kum | JP25: Birdie | JQ25: Birdie kum | JR25: Pars | JS25: Pars kum | JT25: Bogeys | JU25: Bogeys kum | JV25: D.Bogey+ | JW25: D.Bogey+ kum | JX25: Chip in | JY25: Chip in kum | JZ25: 1 Put | KA25: 1 Put kum | KB25: 2 Put | KC25: 2 Put kum | KD25: 3+ Put | KE25: 3+ Put kum | KF25: Par3 Perf | KG25: Par4 Perf | KH25: Par5 Perf | KI25: Netto | KJ25: Netto kum
B26: Front Nine | C26: 1 | D26: =D21+1 -> 19 | E26: 4 | F26: =E26+F21 -> 76 | G26: 6 | H26: =H21+G26 -> 93 | I26: 2 | J26: =I26+J21 -> 38 | K26: =IF(G26-I26<=$E26-2,1,0) -> 0 | L26: =K26+L21 -> 8 | M26: =IF(K26=0,IF(G26=$E26,1,0),0) -> 0 | N26: =M26+N21 -> 1 | O26: =IF($E26-G26=1,1,0) -> 0 | P26: =O26+P21 -> 1 | Q26: =IF(G26=$E26,1,0) -> 0 | R26: =Q26 -> 0 | S26: =IF(G26-$E26=1,1,0) -> 0 | T26: =S26 -> 0 | U26: =IF(G26-$E26>=2,1,0) -> 1 | V26: =U26 -> 1 | W26: =IF(I26=0,1,0) -> 0 | X26: =W26 -> 0 | Y26: =IF(I26=1,1,0) -> 0 | Z26: =Y26+Z21 -> 4 | AA26: =IF(I26=2,1,0) -> 1 | AB26: =AA26 -> 1 | AC26: =IF(I26>=3,1,0) -> 0 | AD26: =AC26+AD21 -> 3 | AF26: =IF($E26=4,G26-4,NA()) -> 2 | AH26: =G26-'Zusammenfassung Tag1-4'!$B$2/18 -> 4.8888889 | AI26: =AH26+AI21 -> 71.888889 | AJ26: 4 | AK26: =AK21+AJ26 -> 86 | AL26: 2 | AM26: =AL26+AM21 -> 37 | AN26: =IF(AJ26-AL26<=$E26-2,1,0) -> 1 | AO26: =AN26+AO21 -> 11 | AP26: =IF(AN26=0,IF(AJ26=$E26,1,0),0) -> 0 | AQ26: =AP26+AQ21 -> 3 | AR26: =IF($E26-AJ26=1,1,0) -> 0 | AS26: =AR26+AS21 -> 0 | AT26: =IF(AJ26=$E26,1,0) -> 1 | AU26: =AT26 -> 1 | AV26: =IF(AJ26-$E26=1,1,0) -> 0 | AW26: =AV26 -> 0 | AX26: =IF(AJ26-$E26>=2,1,0) -> 0 | AY26: =AX26 -> 0 | AZ26: =IF(AL26=0,1,0) -> 0 | BA26: =AZ26 -> 0 | BB26: =IF(AL26=1,1,0) -> 0 | BC26: =BB26+BC21 -> 4 | BD26: =IF(AL26=2,1,0) -> 1 | BE26: =BD26 -> 1 | BF26: =IF(AL26>=3,1,0) -> 0 | BG26: =BF26+BG21 -> 3 | BI26: =IF($E26=4,AJ26-4,NA()) -> 0 | BK26: =AJ26-'Zusammenfassung Tag1-4'!$C$2/18 -> 3.3333333 | BL26: =BK26+BL21 -> 73.333333 | BM26: 6 | BN26: =BN21+BM26 -> 106 | BO26: 2 | BP26: =BO26+BP21 -> 38 | BQ26: =IF(BM26-BO26<=$E26-2,1,0) -> 0 | BR26: =BQ26+BR21 -> 4 | BS26: =IF(BQ26=0,IF(BM26=$E26,1,0),0) -> 0 | BT26: =BS26+BT21 -> 1 | BU26: =IF($E26-BM26=1,1,0) -> 0 | BV26: =BU26 -> 0 | BW26: =IF(BM26=$E26,1,0) -> 0 | BX26: =BW26 -> 0 | BY26: =IF(BM26-$E26=1,1,0) -> 0 | BZ26: =BY26 -> 0 | CA26: =IF(BM26-$E26>=2,1,0) -> 1 | CB26: =CA26 -> 1 | CC26: =IF(BO26=0,1,0) -> 0 | CD26: =CC26 -> 0 | CE26: =IF(BO26=1,1,0) -> 0 | CF26: =CE26+CF21 -> 3 | CG26: =IF(BO26=2,1,0) -> 1 | CH26: =CG26 -> 1 | CI26: =IF(BO26>=3,1,0) -> 0 | CJ26: =CI26+CJ21 -> 3 | CL26: =IF($E26=4,BM26-4,NA()) -> 2 | CN26: =BM26-'Zusammenfassung Tag1-4'!$D$2/18 -> 4.6666667 | CO26: =CN26+CO21 -> 80.666667 | CP26: 5 | CQ26: =CQ21+CP26 -> 104 | CR26: 2 | CS26: =CR26+CS21 -> 40 | CT26: =IF(CP26-CR26<=$E26-2,1,0) -> 0 | CU26: =CT26+CU21 -> 4 | CV26: =IF(CT26=0,IF(CP26=$E26,1,0),0) -> 0 | CW26: =CV26+CW21 -> 2 | CX26: =IF($E26-CP26=1,1,0) -> 0 | CY26: =CX26 -> 0 | CZ26: =IF(CP26=$E26,1,0) -> 0 | DA26: =CZ26 -> 0 | DB26: =IF(CP26-$E26=1,1,0) -> 1 | DC26: =DB26 -> 1 | DD26: =IF(CP26-$E26>=2,1,0) -> 0 | DE26: =DD26 -> 0 | DF26: =IF(CR26=0,1,0) -> 0 | DG26: =DF26 -> 0 | DH26: =IF(CR26=1,1,0) -> 0 | DI26: =DH26+DI21 -> 3 | DJ26: =IF(CR26=2,1,0) -> 1 | DK26: =DJ26 -> 1 | DL26: =IF(CR26>=3,1,0) -> 0 | DM26: =DL26+DM21 -> 5 | DO26: =IF($E26=4,CP26-4,NA()) -> 1 | DQ26: =CP26-'Zusammenfassung Tag1-4'!$E$2/18 -> 3.7222222 | DR26: =DQ26+DR21 -> 79.722222 | DS26: 7 | DT26: =DT21+DS26 -> 144 | DU26: 2 | DV26: =DU26+DV21 -> 44 | DW26: =IF(DS26-DU26<=$E26-2,1,0) -> 0 | DX26: =DW26+DX21 -> 1 | DY26: =IF(DW26=0,IF(DS26=$E26,1,0),0) -> 0 | DZ26: =DY26+DZ21 -> 0 | EA26: =IF($E26-DS26=1,1,0) -> 0 | EB26: =EA26 -> 0 | EC26: =IF(DS26=$E26,1,0) -> 0 | ED26: =EC26 -> 0 | EE26: =IF(DS26-$E26=1,1,0) -> 0 | EF26: =EE26 -> 0 | EG26: =IF(DS26-$E26>=2,1,0) -> 1 | EH26: =EG26 -> 1 | EI26: =IF(DU26=0,1,0) -> 0 | EJ26: =EI26 -> 0 | EK26: =IF(DU26=1,1,0) -> 0 | EL26: =EK26+EL21 -> 0 | EM26: =IF(DU26=2,1,0) -> 1 | EN26: =EM26 -> 1 | EO26: =IF(DU26>=3,1,0) -> 0 | EP26: =EO26+EP21 -> 5 | ER26: =IF($E26=4,DS26-4,NA()) -> 3 | ET26: =DS26-'Zusammenfassung Tag1-4'!$F$2/18 -> 4 | EU26: =ET26+EU21 -> 87 | EV26: 3 | EW26: =EW21+EV26 -> 105 | EX26: 1 | EY26: =EX26+EY21 -> 43 | EZ26: =IF(EV26-EX26<=$E26-2,1,0) -> 1 | FA26: =EZ26+FA21 -> 5 | FB26: =IF(EZ26=0,IF(EV26=$E26,1,0),0) -> 0 | FC26: =FB26+FC21 -> 0 | FD26: =IF($E26-EV26=1,1,0) -> 1 | FE26: =FD26 -> 1 | FF26: =IF(EV26=$E26,1,0) -> 0 | FG26: =FF26 -> 0 | FH26: =IF(EV26-$E26=1,1,0) -> 0 | FI26: =FH26 -> 0 | FJ26: =IF(EV26-$E26>=2,1,0) -> 0 | FK26: =FJ26 -> 0 | FL26: =IF(EX26=0,1,0) -> 0 | FM26: =FL26 -> 0 | FN26: =IF(EX26=1,1,0) -> 1 | FO26: =FN26+FO21 -> 2 | FP26: =IF(EX26=2,1,0) -> 0 | FQ26: =FP26 -> 0 | FR26: =IF(EX26>=3,1,0) -> 0 | FS26: =FR26+FS21 -> 7 | FU26: =IF($E26=4,EV26-4,NA()) -> -1 | FW26: =EV26-'Zusammenfassung Tag1-4'!$G$2/18 -> 1.5 | FX26: =FW26+FX21 -> 76.5 | FY26: 9 | FZ26: =FZ21+FY26 -> 140 | GA26: 3 | GB26: =GA26+GB21 -> 45 | GC26: =IF(FY26-GA26<=$E26-2,1,0) -> 0 | GD26: =GC26+GD21 -> 1 | GE26: =IF(GC26=0,IF(FY26=$E26,1,0),0) -> 0 | GF26: =GE26+GF21 -> 0 | GG26: =IF($E26-FY26=1,1,0) -> 0 | GH26: =GG26 -> 0 | GI26: =IF(FY26=$E26,1,0) -> 0 | GJ26: =GI26 -> 0 | GK26: =IF(FY26-$E26=1,1,0) -> 0 | GL26: =GK26 -> 0 | GM26: =IF(FY26-$E26>=2,1,0) -> 1 | GN26: =GM26 -> 1 | GO26: =IF(GA26=0,1,0) -> 0 | GP26: =GO26 -> 0 | GQ26: =IF(GA26=1,1,0) -> 0 | GR26: =GQ26+GR21 -> 2 | GS26: =IF(GA26=2,1,0) -> 0 | GT26: =GS26 -> 0 | GU26: =IF(GA26>=3,1,0) -> 1 | GV26: =GU26+GV21 -> 9 | GX26: =IF($E26=4,FY26-4,NA()) -> 5 | GZ26: =FY26-'Zusammenfassung Tag1-4'!$H$2/18 -> 6 | HA26: =GZ26+HA21 -> 83 | HB26: 5 | HC26: =HC21+HB26 -> 100 | HD26: 2 | HE26: =HD26+HE21 -> 41 | HF26: =IF(HB26-HD26<=$E26-2,1,0) -> 0 | HG26: =HF26+HG21 -> 7 | HH26: =IF(HF26=0,IF(HB26=$E26,1,0),0) -> 0 | HI26: =HH26+HI21 -> 2 | HJ26: =IF($E26-HB26=1,1,0) -> 0 | HK26: =HJ26 -> 0 | HL26: =IF(HB26=$E26,1,0) -> 0 | HM26: =HL26 -> 0 | HN26: =IF(HB26-$E26=1,1,0) -> 1 | HO26: =HN26 -> 1 | HP26: =IF(HB26-$E26>=2,1,0) -> 0 | HQ26: =HP26 -> 0 | HR26: =IF(HD26=0,1,0) -> 0 | HS26: =HR26 -> 0 | HT26: =IF(HD26=1,1,0) -> 0 | HU26: =HT26+HU21 -> 2 | HV26: =IF(HD26=2,1,0) -> 1 | HW26: =HV26 -> 1 | HX26: =IF(HD26>=3,1,0) -> 0 | HY26: =HX26+HY21 -> 5 | IA26: =IF($E26=4,HB26-4,NA()) -> 1 | IC26: =HB26-'Zusammenfassung Tag1-4'!$I$2/18 -> 4 | ID26: =IC26+ID21 -> 81 | IF26: =IF21+IE26 -> 0 | IH26: =IG26+IH21 -> 0 | II26: =IF(IE26-IG26<=$E26-2,1,0) -> 1 | IJ26: =II26+IJ21 -> 19 | IK26: =IF(II26=0,IF(IE26=$E26,1,0),0) -> 0 | IL26: =IK26+IL21 -> 0 | IM26: =IF($E26-IE26=1,1,0) -> 0 | IN26: =IM26 -> 0 | IO26: =IF(IE26=$E26,1,0) -> 0 | IP26: =IO26 -> 0 | IQ26: =IF(IE26-$E26=1,1,0) -> 0 | IR26: =IQ26 -> 0 | IS26: =IF(IE26-$E26>=2,1,0) -> 0 | IT26: =IS26 -> 0 | IU26: =IF(IG26=0,1,0) -> 1 | IV26: =IU26 -> 1 | IW26: =IF(IG26=1,1,0) -> 0 | IX26: =IW26+IX21 -> 0 | IY26: =IF(IG26=2,1,0) -> 0 | IZ26: =IY26 -> 0 | JA26: =IF(IG26>=3,1,0) -> 0 | JB26: =JA26+JB21 -> 0 | JD26: =IF($E26=4,IE26-4,NA()) -> -4 | JF26: =IE26-'Zusammenfassung Tag1-4'!$J$2/18 -> -3 | JG26: =JF26+JG21 -> -57 | JI26: =JI21+JH26 -> 0 | JK26: =JJ26+JK21 -> 0 | JL26: =IF(JH26-JJ26<=$E26-2,1,0) -> 1 | JM26: =JL26+JM21 -> 19 | JN26: =IF(JL26=0,IF(JH26=$E26,1,0),0) -> 0 | JO26: =JN26+JO21 -> 0 | JP26: =IF($E26-JH26=1,1,0) -> 0 | JQ26: =JP26 -> 0 | JR26: =IF(JH26=$E26,1,0) -> 0 | JS26: =JR26 -> 0 | JT26: =IF(JH26-$E26=1,1,0) -> 0 | JU26: =JT26 -> 0 | JV26: =IF(JH26-$E26>=2,1,0) -> 0 | JW26: =JV26 -> 0 | JX26: =IF(JJ26=0,1,0) -> 1 | JY26: =JX26 -> 1 | JZ26: =IF(JJ26=1,1,0) -> 0 | KA26: =JZ26+KA21 -> 0 | KB26: =IF(JJ26=2,1,0) -> 0 | KC26: =KB26 -> 0 | KD26: =IF(JJ26>=3,1,0) -> 0 | KE26: =KD26+KE21 -> 0 | KG26: =IF($E26=4,JH26-4,NA()) -> -4 | KI26: =JH26-'Zusammenfassung Tag1-4'!$K$2/18 -> -0.77777778 | KJ26: =KI26+KJ21 -> -14.777778
C27: 2 | D27: =D26+1 -> 20 | E27: 5 | F27: =E27+F26 -> 81 | G27: 5 | H27: =G27+H26 -> 98 | I27: 2 | J27: =I27+J26 -> 40 | K27: =IF(G27-I27<=$E27-2,1,0) -> 1 | L27: =K27+L26 -> 9 | M27: =IF(K27=0,IF(G27=$E27,1,0),0) -> 0 | N27: =M27+N26 -> 1 | O27: =IF($E27-G27=1,1,0) -> 0 | P27: =O27+P26 -> 1 | Q27: =IF(G27=$E27,1,0) -> 1 | R27: =Q27+R26 -> 1 | S27: =IF(G27-$E27=1,1,0) -> 0 | T27: =S27+T26 -> 0 | U27: =IF(G27-$E27>=2,1,0) -> 0 | V27: =U27+V26 -> 1 | W27: =IF(I27=0,1,0) -> 0 | X27: =W27+X26 -> 0 | Y27: =IF(I27=1,1,0) -> 0 | Z27: =Y27+Z26 -> 4 | AA27: =IF(I27=2,1,0) -> 1 | AB27: =AA27+AB26 -> 2 | AC27: =IF(I27>=3,1,0) -> 0 | AD27: =AC27+AD26 -> 3 | AG27: =IF($E27=5,G27-5,NA()) -> 0 | AH27: =G27-'Zusammenfassung Tag1-4'!$B$2/18 -> 3.8888889 | AI27: =AH27+AI26 -> 75.777778 | AJ27: 5 | AK27: =AJ27+AK26 -> 91 | AL27: 2 | AM27: =AL27+AM26 -> 39 | AN27: =IF(AJ27-AL27<=$E27-2,1,0) -> 1 | AO27: =AN27+AO26 -> 12 | AP27: =IF(AN27=0,IF(AJ27=$E27,1,0),0) -> 0 | AQ27: =AP27+AQ26 -> 3 | AR27: =IF($E27-AJ27=1,1,0) -> 0 | AS27: =AR27+AS26 -> 0 | AT27: =IF(AJ27=$E27,1,0) -> 1 | AU27: =AT27+AU26 -> 2 | AV27: =IF(AJ27-$E27=1,1,0) -> 0 | AW27: =AV27+AW26 -> 0 | AX27: =IF(AJ27-$E27>=2,1,0) -> 0 | AY27: =AX27+AY26 -> 0 | AZ27: =IF(AL27=0,1,0) -> 0 | BA27: =AZ27+BA26 -> 0 | BB27: =IF(AL27=1,1,0) -> 0 | BC27: =BB27+BC26 -> 4 | BD27: =IF(AL27=2,1,0) -> 1 | BE27: =BD27+BE26 -> 2 | BF27: =IF(AL27>=3,1,0) -> 0 | BG27: =BF27+BG26 -> 3 | BJ27: =IF($E27=5,AJ27-5,NA()) -> 0 | BK27: =AJ27-'Zusammenfassung Tag1-4'!$C$2/18 -> 4.3333333 | BL27: =BK27+BL26 -> 77.666667 | BM27: 7 | BN27: =BM27+BN26 -> 113 | BO27: 3 | BP27: =BO27+BP26 -> 41 | BQ27: =IF(BM27-BO27<=$E27-2,1,0) -> 0 | BR27: =BQ27+BR26 -> 4 | BS27: =IF(BQ27=0,IF(BM27=$E27,1,0),0) -> 0 | BT27: =BS27+BT26 -> 1 | BU27: =IF($E27-BM27=1,1,0) -> 0 | BV27: =BU27+BV26 -> 0 | BW27: =IF(BM27=$E27,1,0) -> 0 | BX27: =BW27+BX26 -> 0 | BY27: =IF(BM27-$E27=1,1,0) -> 0 | BZ27: =BY27+BZ26 -> 0 | CA27: =IF(BM27-$E27>=2,1,0) -> 1 | CB27: =CA27+CB26 -> 2 | CC27: =IF(BO27=0,1,0) -> 0 | CD27: =CC27+CD26 -> 0 | CE27: =IF(BO27=1,1,0) -> 0 | CF27: =CE27+CF26 -> 3 | CG27: =IF(BO27=2,1,0) -> 0 | CH27: =CG27+CH26 -> 1 | CI27: =IF(BO27>=3,1,0) -> 1 | CJ27: =CI27+CJ26 -> 4 | CM27: =IF($E27=5,BM27-5,NA()) -> 2 | CN27: =BM27-'Zusammenfassung Tag1-4'!$D$2/18 -> 5.6666667 | CO27: =CN27+CO26 -> 86.333333 | CP27: 6 | CQ27: =CP27+CQ26 -> 110 | CR27: 2 | CS27: =CR27+CS26 -> 42 | CT27: =IF(CP27-CR27<=$E27-2,1,0) -> 0 | CU27: =CT27+CU26 -> 4 | CV27: =IF(CT27=0,IF(CP27=$E27,1,0),0) -> 0 | CW27: =CV27+CW26 -> 2 | CX27: =IF($E27-CP27=1,1,0) -> 0 | CY27: =CX27+CY26 -> 0 | CZ27: =IF(CP27=$E27,1,0) -> 0 | DA27: =CZ27+DA26 -> 0 | DB27: =IF(CP27-$E27=1,1,0) -> 1 | DC27: =DB27+DC26 -> 2 | DD27: =IF(CP27-$E27>=2,1,0) -> 0 | DE27: =DD27+DE26 -> 0 | DF27: =IF(CR27=0,1,0) -> 0 | DG27: =DF27+DG26 -> 0 | DH27: =IF(CR27=1,1,0) -> 0 | DI27: =DH27+DI26 -> 3 | DJ27: =IF(CR27=2,1,0) -> 1 | DK27: =DJ27+DK26 -> 2 | DL27: =IF(CR27>=3,1,0) -> 0 | DM27: =DL27+DM26 -> 5 | DP27: =IF($E27=5,CP27-5,NA()) -> 1 | DQ27: =CP27-'Zusammenfassung Tag1-4'!$E$2/18 -> 4.7222222 | DR27: =DQ27+DR26 -> 84.444444 | DS27: 10 | DT27: =DS27+DT26 -> 154 | DU27: 2 | DV27: =DU27+DV26 -> 46 | DW27: =IF(DS27-DU27<=$E27-2,1,0) -> 0 | DX27: =DW27+DX26 -> 1 | DY27: =IF(DW27=0,IF(DS27=$E27,1,0),0) -> 0 | DZ27: =DY27+DZ26 -> 0 | EA27: =IF($E27-DS27=1,1,0) -> 0 | EB27: =EA27+EB26 -> 0 | EC27: =IF(DS27=$E27,1,0) -> 0 | ED27: =EC27+ED26 -> 0 | EE27: =IF(DS27-$E27=1,1,0) -> 0 | EF27: =EE27+EF26 -> 0 | EG27: =IF(DS27-$E27>=2,1,0) -> 1 | EH27: =EG27+EH26 -> 2 | EI27: =IF(DU27=0,1,0) -> 0 | EJ27: =EI27+EJ26 -> 0 | EK27: =IF(DU27=1,1,0) -> 0 | EL27: =EK27+EL26 -> 0 | EM27: =IF(DU27=2,1,0) -> 1 | EN27: =EM27+EN26 -> 2 | EO27: =IF(DU27>=3,1,0) -> 0 | EP27: =EO27+EP26 -> 5 | ES27: =IF($E27=5,DS27-5,NA()) -> 5 | ET27: =DS27-'Zusammenfassung Tag1-4'!$F$2/18 -> 7 | EU27: =ET27+EU26 -> 94 | EV27: 6 | EW27: =EV27+EW26 -> 111 | EX27: 2 | EY27: =EX27+EY26 -> 45 | EZ27: =IF(EV27-EX27<=$E27-2,1,0) -> 0 | FA27: =EZ27+FA26 -> 5 | FB27: =IF(EZ27=0,IF(EV27=$E27,1,0),0) -> 0 | FC27: =FB27+FC26 -> 0 | FD27: =IF($E27-EV27=1,1,0) -> 0 | FE27: =FD27+FE26 -> 1 | FF27: =IF(EV27=$E27,1,0) -> 0 | FG27: =FF27+FG26 -> 0 | FH27: =IF(EV27-$E27=1,1,0) -> 1 | FI27: =FH27+FI26 -> 1 | FJ27: =IF(EV27-$E27>=2,1,0) -> 0 | FK27: =FJ27+FK26 -> 0 | FL27: =IF(EX27=0,1,0) -> 0 | FM27: =FL27+FM26 -> 0 | FN27: =IF(EX27=1,1,0) -> 0 | FO27: =FN27+FO26 -> 2 | FP27: =IF(EX27=2,1,0) -> 1 | FQ27: =FP27+FQ26 -> 1 | FR27: =IF(EX27>=3,1,0) -> 0 | FS27: =FR27+FS26 -> 7 | FV27: =IF($E27=5,EV27-5,NA()) -> 1 | FW27: =EV27-'Zusammenfassung Tag1-4'!$G$2/18 -> 4.5 | FX27: =FW27+FX26 -> 81 | FY27: 7 | FZ27: =FY27+FZ26 -> 147 | GA27: 2 | GB27: =GA27+GB26 -> 47 | GC27: =IF(FY27-GA27<=$E27-2,1,0) -> 0 | GD27: =GC27+GD26 -> 1 | GE27: =IF(GC27=0,IF(FY27=$E27,1,0),0) -> 0 | GF27: =GE27+GF26 -> 0 | GG27: =IF($E27-FY27=1,1,0) -> 0 | GH27: =GG27+GH26 -> 0 | GI27: =IF(FY27=$E27,1,0) -> 0 | GJ27: =GI27+GJ26 -> 0 | GK27: =IF(FY27-$E27=1,1,0) -> 0 | GL27: =GK27+GL26 -> 0 | GM27: =IF(FY27-$E27>=2,1,0) -> 1 | GN27: =GM27+GN26 -> 2 | GO27: =IF(GA27=0,1,0) -> 0 | GP27: =GO27+GP26 -> 0 | GQ27: =IF(GA27=1,1,0) -> 0 | GR27: =GQ27+GR26 -> 2 | GS27: =IF(GA27=2,1,0) -> 1 | GT27: =GS27+GT26 -> 1 | GU27: =IF(GA27>=3,1,0) -> 0 | GV27: =GU27+GV26 -> 9 | GY27: =IF($E27=5,FY27-5,NA()) -> 2 | GZ27: =FY27-'Zusammenfassung Tag1-4'!$H$2/18 -> 4 | HA27: =GZ27+HA26 -> 87 | HB27: 8 | HC27: =HB27+HC26 -> 108 | HD27: 3 | HE27: =HD27+HE26 -> 44 | HF27: =IF(HB27-HD27<=$E27-2,1,0) -> 0 | HG27: =HF27+HG26 -> 7 | HH27: =IF(HF27=0,IF(HB27=$E27,1,0),0) -> 0 | HI27: =HH27+HI26 -> 2 | HJ27: =IF($E27-HB27=1,1,0) -> 0 | HK27: =HJ27+HK26 -> 0 | HL27: =IF(HB27=$E27,1,0) -> 0 | HM27: =HL27+HM26 -> 0 | HN27: =IF(HB27-$E27=1,1,0) -> 0 | HO27: =HN27+HO26 -> 1 | HP27: =IF(HB27-$E27>=2,1,0) -> 1 | HQ27: =HP27+HQ26 -> 1 | HR27: =IF(HD27=0,1,0) -> 0 | HS27: =HR27+HS26 -> 0 | HT27: =IF(HD27=1,1,0) -> 0 | HU27: =HT27+HU26 -> 2 | HV27: =IF(HD27=2,1,0) -> 0 | HW27: =HV27+HW26 -> 1 | HX27: =IF(HD27>=3,1,0) -> 1 | HY27: =HX27+HY26 -> 6 | IB27: =IF($E27=5,HB27-5,NA()) -> 3 | IC27: =HB27-'Zusammenfassung Tag1-4'!$I$2/18 -> 7 | ID27: =IC27+ID26 -> 88 | IF27: =IE27+IF26 -> 0 | IH27: =IG27+IH26 -> 0 | II27: =IF(IE27-IG27<=$E27-2,1,0) -> 1 | IJ27: =II27+IJ26 -> 20 | IK27: =IF(II27=0,IF(IE27=$E27,1,0),0) -> 0 | IL27: =IK27+IL26 -> 0 | IM27: =IF($E27-IE27=1,1,0) -> 0 | IN27: =IM27+IN26 -> 0 | IO27: =IF(IE27=$E27,1,0) -> 0 | IP27: =IO27+IP26 -> 0 | IQ27: =IF(IE27-$E27=1,1,0) -> 0 | IR27: =IQ27+IR26 -> 0 | IS27: =IF(IE27-$E27>=2,1,0) -> 0 | IT27: =IS27+IT26 -> 0 | IU27: =IF(IG27=0,1,0) -> 1 | IV27: =IU27+IV26 -> 2 | IW27: =IF(IG27=1,1,0) -> 0 | IX27: =IW27+IX26 -> 0 | IY27: =IF(IG27=2,1,0) -> 0 | IZ27: =IY27+IZ26 -> 0 | JA27: =IF(IG27>=3,1,0) -> 0 | JB27: =JA27+JB26 -> 0 | JE27: =IF($E27=5,IE27-5,NA()) -> -5 | JF27: =IE27-'Zusammenfassung Tag1-4'!$J$2/18 -> -3 | JG27: =JF27+JG26 -> -60 | JI27: =JH27+JI26 -> 0 | JK27: =JJ27+JK26 -> 0 | JL27: =IF(JH27-JJ27<=$E27-2,1,0) -> 1 | JM27: =JL27+JM26 -> 20 | JN27: =IF(JL27=0,IF(JH27=$E27,1,0),0) -> 0 | JO27: =JN27+JO26 -> 0 | JP27: =IF($E27-JH27=1,1,0) -> 0 | JQ27: =JP27+JQ26 -> 0 | JR27: =IF(JH27=$E27,1,0) -> 0 | JS27: =JR27+JS26 -> 0 | JT27: =IF(JH27-$E27=1,1,0) -> 0 | JU27: =JT27+JU26 -> 0 | JV27: =IF(JH27-$E27>=2,1,0) -> 0 | JW27: =JV27+JW26 -> 0 | JX27: =IF(JJ27=0,1,0) -> 1 | JY27: =JX27+JY26 -> 2 | JZ27: =IF(JJ27=1,1,0) -> 0 | KA27: =JZ27+KA26 -> 0 | KB27: =IF(JJ27=2,1,0) -> 0 | KC27: =KB27+KC26 -> 0 | KD27: =IF(JJ27>=3,1,0) -> 0 | KE27: =KD27+KE26 -> 0 | KH27: =IF($E27=5,JH27-5,NA()) -> -5 | KI27: =JH27-'Zusammenfassung Tag1-4'!$K$2/18 -> -0.77777778 | KJ27: =KI27+KJ26 -> -15.555556
C28: 3 | D28: =D27+1 -> 21 | E28: 5 | F28: =E28+F27 -> 86 | G28: 5 | H28: =G28+H27 -> 103 | I28: 1 | J28: =I28+J27 -> 41 | K28: =IF(G28-I28<=$E28-2,1,0) -> 0 | L28: =K28+L27 -> 9 | M28: =IF(K28=0,IF(G28=$E28,1,0),0) -> 1 | N28: =M28+N27 -> 2 | O28: =IF($E28-G28=1,1,0) -> 0 | P28: =O28+P27 -> 1 | Q28: =IF(G28=$E28,1,0) -> 1 | R28: =Q28+R27 -> 2 | S28: =IF(G28-$E28=1,1,0) -> 0 | T28: =S28+T27 -> 0 | U28: =IF(G28-$E28>=2,1,0) -> 0 | V28: =U28+V27 -> 1 | W28: =IF(I28=0,1,0) -> 0 | X28: =W28+X27 -> 0 | Y28: =IF(I28=1,1,0) -> 1 | Z28: =Y28+Z27 -> 5 | AA28: =IF(I28=2,1,0) -> 0 | AB28: =AA28+AB27 -> 2 | AC28: =IF(I28>=3,1,0) -> 0 | AD28: =AC28+AD27 -> 3 | AG28: =IF($E28=5,G28-5,NA()) -> 0 | AH28: =G28-'Zusammenfassung Tag1-4'!$B$2/18 -> 3.8888889 | AI28: =AH28+AI27 -> 79.666667 | AJ28: 5 | AK28: =AJ28+AK27 -> 96 | AL28: 2 | AM28: =AL28+AM27 -> 41 | AN28: =IF(AJ28-AL28<=$E28-2,1,0) -> 1 | AO28: =AN28+AO27 -> 13 | AP28: =IF(AN28=0,IF(AJ28=$E28,1,0),0) -> 0 | AQ28: =AP28+AQ27 -> 3 | AR28: =IF($E28-AJ28=1,1,0) -> 0 | AS28: =AR28+AS27 -> 0 | AT28: =IF(AJ28=$E28,1,0) -> 1 | AU28: =AT28+AU27 -> 3 | AV28: =IF(AJ28-$E28=1,1,0) -> 0 | AW28: =AV28+AW27 -> 0 | AX28: =IF(AJ28-$E28>=2,1,0) -> 0 | AY28: =AX28+AY27 -> 0 | AZ28: =IF(AL28=0,1,0) -> 0 | BA28: =AZ28+BA27 -> 0 | BB28: =IF(AL28=1,1,0) -> 0 | BC28: =BB28+BC27 -> 4 | BD28: =IF(AL28=2,1,0) -> 1 | BE28: =BD28+BE27 -> 3 | BF28: =IF(AL28>=3,1,0) -> 0 | BG28: =BF28+BG27 -> 3 | BJ28: =IF($E28=5,AJ28-5,NA()) -> 0 | BK28: =AJ28-'Zusammenfassung Tag1-4'!$C$2/18 -> 4.3333333 | BL28: =BK28+BL27 -> 82 | BM28: 5 | BN28: =BM28+BN27 -> 118 | BO28: 1 | BP28: =BO28+BP27 -> 42 | BQ28: =IF(BM28-BO28<=$E28-2,1,0) -> 0 | BR28: =BQ28+BR27 -> 4 | BS28: =IF(BQ28=0,IF(BM28=$E28,1,0),0) -> 1 | BT28: =BS28+BT27 -> 2 | BU28: =IF($E28-BM28=1,1,0) -> 0 | BV28: =BU28+BV27 -> 0 | BW28: =IF(BM28=$E28,1,0) -> 1 | BX28: =BW28+BX27 -> 1 | BY28: =IF(BM28-$E28=1,1,0) -> 0 | BZ28: =BY28+BZ27 -> 0 | CA28: =IF(BM28-$E28>=2,1,0) -> 0 | CB28: =CA28+CB27 -> 2 | CC28: =IF(BO28=0,1,0) -> 0 | CD28: =CC28+CD27 -> 0 | CE28: =IF(BO28=1,1,0) -> 1 | CF28: =CE28+CF27 -> 4 | CG28: =IF(BO28=2,1,0) -> 0 | CH28: =CG28+CH27 -> 1 | CI28: =IF(BO28>=3,1,0) -> 0 | CJ28: =CI28+CJ27 -> 4 | CM28: =IF($E28=5,BM28-5,NA()) -> 0 | CN28: =BM28-'Zusammenfassung Tag1-4'!$D$2/18 -> 3.6666667 | CO28: =CN28+CO27 -> 90 | CP28: 6 | CQ28: =CP28+CQ27 -> 116 | CR28: 2 | CS28: =CR28+CS27 -> 44 | CT28: =IF(CP28-CR28<=$E28-2,1,0) -> 0 | CU28: =CT28+CU27 -> 4 | CV28: =IF(CT28=0,IF(CP28=$E28,1,0),0) -> 0 | CW28: =CV28+CW27 -> 2 | CX28: =IF($E28-CP28=1,1,0) -> 0 | CY28: =CX28+CY27 -> 0 | CZ28: =IF(CP28=$E28,1,0) -> 0 | DA28: =CZ28+DA27 -> 0 | DB28: =IF(CP28-$E28=1,1,0) -> 1 | DC28: =DB28+DC27 -> 3 | DD28: =IF(CP28-$E28>=2,1,0) -> 0 | DE28: =DD28+DE27 -> 0 | DF28: =IF(CR28=0,1,0) -> 0 | DG28: =DF28+DG27 -> 0 | DH28: =IF(CR28=1,1,0) -> 0 | DI28: =DH28+DI27 -> 3 | DJ28: =IF(CR28=2,1,0) -> 1 | DK28: =DJ28+DK27 -> 3 | DL28: =IF(CR28>=3,1,0) -> 0 | DM28: =DL28+DM27 -> 5 | DP28: =IF($E28=5,CP28-5,NA()) -> 1 | DQ28: =CP28-'Zusammenfassung Tag1-4'!$E$2/18 -> 4.7222222 | DR28: =DQ28+DR27 -> 89.166667 | DS28: 10 | DT28: =DS28+DT27 -> 164 | DU28: 2 | DV28: =DU28+DV27 -> 48 | DW28: =IF(DS28-DU28<=$E28-2,1,0) -> 0 | DX28: =DW28+DX27 -> 1 | DY28: =IF(DW28=0,IF(DS28=$E28,1,0),0) -> 0 | DZ28: =DY28+DZ27 -> 0 | EA28: =IF($E28-DS28=1,1,0) -> 0 | EB28: =EA28+EB27 -> 0 | EC28: =IF(DS28=$E28,1,0) -> 0 | ED28: =EC28+ED27 -> 0 | EE28: =IF(DS28-$E28=1,1,0) -> 0 | EF28: =EE28+EF27 -> 0 | EG28: =IF(DS28-$E28>=2,1,0) -> 1 | EH28: =EG28+EH27 -> 3 | EI28: =IF(DU28=0,1,0) -> 0 | EJ28: =EI28+EJ27 -> 0 | EK28: =IF(DU28=1,1,0) -> 0 | EL28: =EK28+EL27 -> 0 | EM28: =IF(DU28=2,1,0) -> 1 | EN28: =EM28+EN27 -> 3 | EO28: =IF(DU28>=3,1,0) -> 0 | EP28: =EO28+EP27 -> 5 | ES28: =IF($E28=5,DS28-5,NA()) -> 5 | ET28: =DS28-'Zusammenfassung Tag1-4'!$F$2/18 -> 7 | EU28: =ET28+EU27 -> 101 | EV28: 7 | EW28: =EV28+EW27 -> 118 | EX28: 2 | EY28: =EX28+EY27 -> 47 | EZ28: =IF(EV28-EX28<=$E28-2,1,0) -> 0 | FA28: =EZ28+FA27 -> 5 | FB28: =IF(EZ28=0,IF(EV28=$E28,1,0),0) -> 0 | FC28: =FB28+FC27 -> 0 | FD28: =IF($E28-EV28=1,1,0) -> 0 | FE28: =FD28+FE27 -> 1 | FF28: =IF(EV28=$E28,1,0) -> 0 | FG28: =FF28+FG27 -> 0 | FH28: =IF(EV28-$E28=1,1,0) -> 0 | FI28: =FH28+FI27 -> 1 | FJ28: =IF(EV28-$E28>=2,1,0) -> 1 | FK28: =FJ28+FK27 -> 1 | FL28: =IF(EX28=0,1,0) -> 0 | FM28: =FL28+FM27 -> 0 | FN28: =IF(EX28=1,1,0) -> 0 | FO28: =FN28+FO27 -> 2 | FP28: =IF(EX28=2,1,0) -> 1 | FQ28: =FP28+FQ27 -> 2 | FR28: =IF(EX28>=3,1,0) -> 0 | FS28: =FR28+FS27 -> 7 | FV28: =IF($E28=5,EV28-5,NA()) -> 2 | FW28: =EV28-'Zusammenfassung Tag1-4'!$G$2/18 -> 5.5 | FX28: =FW28+FX27 -> 86.5 | FY28: 8 | FZ28: =FY28+FZ27 -> 155 | GA28: 3 | GB28: =GA28+GB27 -> 50 | GC28: =IF(FY28-GA28<=$E28-2,1,0) -> 0 | GD28: =GC28+GD27 -> 1 | GE28: =IF(GC28=0,IF(FY28=$E28,1,0),0) -> 0 | GF28: =GE28+GF27 -> 0 | GG28: =IF($E28-FY28=1,1,0) -> 0 | GH28: =GG28+GH27 -> 0 | GI28: =IF(FY28=$E28,1,0) -> 0 | GJ28: =GI28+GJ27 -> 0 | GK28: =IF(FY28-$E28=1,1,0) -> 0 | GL28: =GK28+GL27 -> 0 | GM28: =IF(FY28-$E28>=2,1,0) -> 1 | GN28: =GM28+GN27 -> 3 | GO28: =IF(GA28=0,1,0) -> 0 | GP28: =GO28+GP27 -> 0 | GQ28: =IF(GA28=1,1,0) -> 0 | GR28: =GQ28+GR27 -> 2 | GS28: =IF(GA28=2,1,0) -> 0 | GT28: =GS28+GT27 -> 1 | GU28: =IF(GA28>=3,1,0) -> 1 | GV28: =GU28+GV27 -> 10 | GY28: =IF($E28=5,FY28-5,NA()) -> 3 | GZ28: =FY28-'Zusammenfassung Tag1-4'!$H$2/18 -> 5 | HA28: =GZ28+HA27 -> 92 | HB28: 5 | HC28: =HB28+HC27 -> 113 | HD28: 1 | HE28: =HD28+HE27 -> 45 | HF28: =IF(HB28-HD28<=$E28-2,1,0) -> 0 | HG28: =HF28+HG27 -> 7 | HH28: =IF(HF28=0,IF(HB28=$E28,1,0),0) -> 1 | HI28: =HH28+HI27 -> 3 | HJ28: =IF($E28-HB28=1,1,0) -> 0 | HK28: =HJ28+HK27 -> 0 | HL28: =IF(HB28=$E28,1,0) -> 1 | HM28: =HL28+HM27 -> 1 | HN28: =IF(HB28-$E28=1,1,0) -> 0 | HO28: =HN28+HO27 -> 1 | HP28: =IF(HB28-$E28>=2,1,0) -> 0 | HQ28: =HP28+HQ27 -> 1 | HR28: =IF(HD28=0,1,0) -> 0 | HS28: =HR28+HS27 -> 0 | HT28: =IF(HD28=1,1,0) -> 1 | HU28: =HT28+HU27 -> 3 | HV28: =IF(HD28=2,1,0) -> 0 | HW28: =HV28+HW27 -> 1 | HX28: =IF(HD28>=3,1,0) -> 0 | HY28: =HX28+HY27 -> 6 | IB28: =IF($E28=5,HB28-5,NA()) -> 0 | IC28: =HB28-'Zusammenfassung Tag1-4'!$I$2/18 -> 4 | ID28: =IC28+ID27 -> 92 | IF28: =IE28+IF27 -> 0 | IH28: =IG28+IH27 -> 0 | II28: =IF(IE28-IG28<=$E28-2,1,0) -> 1 | IJ28: =II28+IJ27 -> 21 | IK28: =IF(II28=0,IF(IE28=$E28,1,0),0) -> 0 | IL28: =IK28+IL27 -> 0 | IM28: =IF($E28-IE28=1,1,0) -> 0 | IN28: =IM28+IN27 -> 0 | IO28: =IF(IE28=$E28,1,0) -> 0 | IP28: =IO28+IP27 -> 0 | IQ28: =IF(IE28-$E28=1,1,0) -> 0 | IR28: =IQ28+IR27 -> 0 | IS28: =IF(IE28-$E28>=2,1,0) -> 0 | IT28: =IS28+IT27 -> 0 | IU28: =IF(IG28=0,1,0) -> 1 | IV28: =IU28+IV27 -> 3 | IW28: =IF(IG28=1,1,0) -> 0 | IX28: =IW28+IX27 -> 0 | IY28: =IF(IG28=2,1,0) -> 0 | IZ28: =IY28+IZ27 -> 0 | JA28: =IF(IG28>=3,1,0) -> 0 | JB28: =JA28+JB27 -> 0 | JE28: =IF($E28=5,IE28-5,NA()) -> -5 | JF28: =IE28-'Zusammenfassung Tag1-4'!$J$2/18 -> -3 | JG28: =JF28+JG27 -> -63 | JI28: =JH28+JI27 -> 0 | JK28: =JJ28+JK27 -> 0 | JL28: =IF(JH28-JJ28<=$E28-2,1,0) -> 1 | JM28: =JL28+JM27 -> 21 | JN28: =IF(JL28=0,IF(JH28=$E28,1,0),0) -> 0 | JO28: =JN28+JO27 -> 0 | JP28: =IF($E28-JH28=1,1,0) -> 0 | JQ28: =JP28+JQ27 -> 0 | JR28: =IF(JH28=$E28,1,0) -> 0 | JS28: =JR28+JS27 -> 0 | JT28: =IF(JH28-$E28=1,1,0) -> 0 | JU28: =JT28+JU27 -> 0 | JV28: =IF(JH28-$E28>=2,1,0) -> 0 | JW28: =JV28+JW27 -> 0 | JX28: =IF(JJ28=0,1,0) -> 1 | JY28: =JX28+JY27 -> 3 | JZ28: =IF(JJ28=1,1,0) -> 0 | KA28: =JZ28+KA27 -> 0 | KB28: =IF(JJ28=2,1,0) -> 0 | KC28: =KB28+KC27 -> 0 | KD28: =IF(JJ28>=3,1,0) -> 0 | KE28: =KD28+KE27 -> 0 | KH28: =IF($E28=5,JH28-5,NA()) -> -5 | KI28: =JH28-'Zusammenfassung Tag1-4'!$K$2/18 -> -0.77777778 | KJ28: =KI28+KJ27 -> -16.333333
C29: 4 | D29: =D28+1 -> 22 | E29: 4 | F29: =E29+F28 -> 90 | G29: 6 | H29: =G29+H28 -> 109 | I29: 3 | J29: =I29+J28 -> 44 | K29: =IF(G29-I29<=$E29-2,1,0) -> 0 | L29: =K29+L28 -> 9 | M29: =IF(K29=0,IF(G29=$E29,1,0),0) -> 0 | N29: =M29+N28 -> 2 | O29: =IF($E29-G29=1,1,0) -> 0 | P29: =O29+P28 -> 1 | Q29: =IF(G29=$E29,1,0) -> 0 | R29: =Q29+R28 -> 2 | S29: =IF(G29-$E29=1,1,0) -> 0 | T29: =S29+T28 -> 0 | U29: =IF(G29-$E29>=2,1,0) -> 1 | V29: =U29+V28 -> 2 | W29: =IF(I29=0,1,0) -> 0 | X29: =W29+X28 -> 0 | Y29: =IF(I29=1,1,0) -> 0 | Z29: =Y29+Z28 -> 5 | AA29: =IF(I29=2,1,0) -> 0 | AB29: =AA29+AB28 -> 2 | AC29: =IF(I29>=3,1,0) -> 1 | AD29: =AC29+AD28 -> 4 | AF29: =IF($E29=4,G29-4,NA()) -> 2 | AH29: =G29-'Zusammenfassung Tag1-4'!$B$2/18 -> 4.8888889 | AI29: =AH29+AI28 -> 84.555556 | AJ29: 5 | AK29: =AJ29+AK28 -> 101 | AL29: 2 | AM29: =AL29+AM28 -> 43 | AN29: =IF(AJ29-AL29<=$E29-2,1,0) -> 0 | AO29: =AN29+AO28 -> 13 | AP29: =IF(AN29=0,IF(AJ29=$E29,1,0),0) -> 0 | AQ29: =AP29+AQ28 -> 3 | AR29: =IF($E29-AJ29=1,1,0) -> 0 | AS29: =AR29+AS28 -> 0 | AT29: =IF(AJ29=$E29,1,0) -> 0 | AU29: =AT29+AU28 -> 3 | AV29: =IF(AJ29-$E29=1,1,0) -> 1 | AW29: =AV29+AW28 -> 1 | AX29: =IF(AJ29-$E29>=2,1,0) -> 0 | AY29: =AX29+AY28 -> 0 | AZ29: =IF(AL29=0,1,0) -> 0 | BA29: =AZ29+BA28 -> 0 | BB29: =IF(AL29=1,1,0) -> 0 | BC29: =BB29+BC28 -> 4 | BD29: =IF(AL29=2,1,0) -> 1 | BE29: =BD29+BE28 -> 4 | BF29: =IF(AL29>=3,1,0) -> 0 | BG29: =BF29+BG28 -> 3 | BI29: =IF($E29=4,AJ29-4,NA()) -> 1 | BK29: =AJ29-'Zusammenfassung Tag1-4'!$C$2/18 -> 4.3333333 | BL29: =BK29+BL28 -> 86.333333 | BM29: 4 | BN29: =BM29+BN28 -> 122 | BO29: 2 | BP29: =BO29+BP28 -> 44 | BQ29: =IF(BM29-BO29<=$E29-2,1,0) -> 1 | BR29: =BQ29+BR28 -> 5 | BS29: =IF(BQ29=0,IF(BM29=$E29,1,0),0) -> 0 | BT29: =BS29+BT28 -> 2 | BU29: =IF($E29-BM29=1,1,0) -> 0 | BV29: =BU29+BV28 -> 0 | BW29: =IF(BM29=$E29,1,0) -> 1 | BX29: =BW29+BX28 -> 2 | BY29: =IF(BM29-$E29=1,1,0) -> 0 | BZ29: =BY29+BZ28 -> 0 | CA29: =IF(BM29-$E29>=2,1,0) -> 0 | CB29: =CA29+CB28 -> 2 | CC29: =IF(BO29=0,1,0) -> 0 | CD29: =CC29+CD28 -> 0 | CE29: =IF(BO29=1,1,0) -> 0 | CF29: =CE29+CF28 -> 4 | CG29: =IF(BO29=2,1,0) -> 1 | CH29: =CG29+CH28 -> 2 | CI29: =IF(BO29>=3,1,0) -> 0 | CJ29: =CI29+CJ28 -> 4 | CL29: =IF($E29=4,BM29-4,NA()) -> 0 | CN29: =BM29-'Zusammenfassung Tag1-4'!$D$2/18 -> 2.6666667 | CO29: =CN29+CO28 -> 92.666667 | CP29: 5 | CQ29: =CP29+CQ28 -> 121 | CR29: 2 | CS29: =CR29+CS28 -> 46 | CT29: =IF(CP29-CR29<=$E29-2,1,0) -> 0 | CU29: =CT29+CU28 -> 4 | CV29: =IF(CT29=0,IF(CP29=$E29,1,0),0) -> 0 | CW29: =CV29+CW28 -> 2 | CX29: =IF($E29-CP29=1,1,0) -> 0 | CY29: =CX29+CY28 -> 0 | CZ29: =IF(CP29=$E29,1,0) -> 0 | DA29: =CZ29+DA28 -> 0 | DB29: =IF(CP29-$E29=1,1,0) -> 1 | DC29: =DB29+DC28 -> 4 | DD29: =IF(CP29-$E29>=2,1,0) -> 0 | DE29: =DD29+DE28 -> 0 | DF29: =IF(CR29=0,1,0) -> 0 | DG29: =DF29+DG28 -> 0 | DH29: =IF(CR29=1,1,0) -> 0 | DI29: =DH29+DI28 -> 3 | DJ29: =IF(CR29=2,1,0) -> 1 | DK29: =DJ29+DK28 -> 4 | DL29: =IF(CR29>=3,1,0) -> 0 | DM29: =DL29+DM28 -> 5 | DO29: =IF($E29=4,CP29-4,NA()) -> 1 | DQ29: =CP29-'Zusammenfassung Tag1-4'!$E$2/18 -> 3.7222222 | DR29: =DQ29+DR28 -> 92.888889 | DS29: 10 | DT29: =DS29+DT28 -> 174 | DU29: 2 | DV29: =DU29+DV28 -> 50 | DW29: =IF(DS29-DU29<=$E29-2,1,0) -> 0 | DX29: =DW29+DX28 -> 1 | DY29: =IF(DW29=0,IF(DS29=$E29,1,0),0) -> 0 | DZ29: =DY29+DZ28 -> 0 | EA29: =IF($E29-DS29=1,1,0) -> 0 | EB29: =EA29+EB28 -> 0 | EC29: =IF(DS29=$E29,1,0) -> 0 | ED29: =EC29+ED28 -> 0 | EE29: =IF(DS29-$E29=1,1,0) -> 0 | EF29: =EE29+EF28 -> 0 | EG29: =IF(DS29-$E29>=2,1,0) -> 1 | EH29: =EG29+EH28 -> 4 | EI29: =IF(DU29=0,1,0) -> 0 | EJ29: =EI29+EJ28 -> 0 | EK29: =IF(DU29=1,1,0) -> 0 | EL29: =EK29+EL28 -> 0 | EM29: =IF(DU29=2,1,0) -> 1 | EN29: =EM29+EN28 -> 4 | EO29: =IF(DU29>=3,1,0) -> 0 | EP29: =EO29+EP28 -> 5 | ER29: =IF($E29=4,DS29-4,NA()) -> 6 | ET29: =DS29-'Zusammenfassung Tag1-4'!$F$2/18 -> 7 | EU29: =ET29+EU28 -> 108 | EV29: 6 | EW29: =EV29+EW28 -> 124 | EX29: 2 | EY29: =EX29+EY28 -> 49 | EZ29: =IF(EV29-EX29<=$E29-2,1,0) -> 0 | FA29: =EZ29+FA28 -> 5 | FB29: =IF(EZ29=0,IF(EV29=$E29,1,0),0) -> 0 | FC29: =FB29+FC28 -> 0 | FD29: =IF($E29-EV29=1,1,0) -> 0 | FE29: =FD29+FE28 -> 1 | FF29: =IF(EV29=$E29,1,0) -> 0 | FG29: =FF29+FG28 -> 0 | FH29: =IF(EV29-$E29=1,1,0) -> 0 | FI29: =FH29+FI28 -> 1 | FJ29: =IF(EV29-$E29>=2,1,0) -> 1 | FK29: =FJ29+FK28 -> 2 | FL29: =IF(EX29=0,1,0) -> 0 | FM29: =FL29+FM28 -> 0 | FN29: =IF(EX29=1,1,0) -> 0 | FO29: =FN29+FO28 -> 2 | FP29: =IF(EX29=2,1,0) -> 1 | FQ29: =FP29+FQ28 -> 3 | FR29: =IF(EX29>=3,1,0) -> 0 | FS29: =FR29+FS28 -> 7 | FU29: =IF($E29=4,EV29-4,NA()) -> 2 | FW29: =EV29-'Zusammenfassung Tag1-4'!$G$2/18 -> 4.5 | FX29: =FW29+FX28 -> 91 | FY29: 5 | FZ29: =FY29+FZ28 -> 160 | GA29: 2 | GB29: =GA29+GB28 -> 52 | GC29: =IF(FY29-GA29<=$E29-2,1,0) -> 0 | GD29: =GC29+GD28 -> 1 | GE29: =IF(GC29=0,IF(FY29=$E29,1,0),0) -> 0 | GF29: =GE29+GF28 -> 0 | GG29: =IF($E29-FY29=1,1,0) -> 0 | GH29: =GG29+GH28 -> 0 | GI29: =IF(FY29=$E29,1,0) -> 0 | GJ29: =GI29+GJ28 -> 0 | GK29: =IF(FY29-$E29=1,1,0) -> 1 | GL29: =GK29+GL28 -> 1 | GM29: =IF(FY29-$E29>=2,1,0) -> 0 | GN29: =GM29+GN28 -> 3 | GO29: =IF(GA29=0,1,0) -> 0 | GP29: =GO29+GP28 -> 0 | GQ29: =IF(GA29=1,1,0) -> 0 | GR29: =GQ29+GR28 -> 2 | GS29: =IF(GA29=2,1,0) -> 1 | GT29: =GS29+GT28 -> 2 | GU29: =IF(GA29>=3,1,0) -> 0 | GV29: =GU29+GV28 -> 10 | GX29: =IF($E29=4,FY29-4,NA()) -> 1 | GZ29: =FY29-'Zusammenfassung Tag1-4'!$H$2/18 -> 2 | HA29: =GZ29+HA28 -> 94 | HB29: 5 | HC29: =HB29+HC28 -> 118 | HD29: 2 | HE29: =HD29+HE28 -> 47 | HF29: =IF(HB29-HD29<=$E29-2,1,0) -> 0 | HG29: =HF29+HG28 -> 7 | HH29: =IF(HF29=0,IF(HB29=$E29,1,0),0) -> 0 | HI29: =HH29+HI28 -> 3 | HJ29: =IF($E29-HB29=1,1,0) -> 0 | HK29: =HJ29+HK28 -> 0 | HL29: =IF(HB29=$E29,1,0) -> 0 | HM29: =HL29+HM28 -> 1 | HN29: =IF(HB29-$E29=1,1,0) -> 1 | HO29: =HN29+HO28 -> 2 | HP29: =IF(HB29-$E29>=2,1,0) -> 0 | HQ29: =HP29+HQ28 -> 1 | HR29: =IF(HD29=0,1,0) -> 0 | HS29: =HR29+HS28 -> 0 | HT29: =IF(HD29=1,1,0) -> 0 | HU29: =HT29+HU28 -> 3 | HV29: =IF(HD29=2,1,0) -> 1 | HW29: =HV29+HW28 -> 2 | HX29: =IF(HD29>=3,1,0) -> 0 | HY29: =HX29+HY28 -> 6 | IA29: =IF($E29=4,HB29-4,NA()) -> 1 | IC29: =HB29-'Zusammenfassung Tag1-4'!$I$2/18 -> 4 | ID29: =IC29+ID28 -> 96 | IF29: =IE29+IF28 -> 0 | IH29: =IG29+IH28 -> 0 | II29: =IF(IE29-IG29<=$E29-2,1,0) -> 1 | IJ29: =II29+IJ28 -> 22 | IK29: =IF(II29=0,IF(IE29=$E29,1,0),0) -> 0 | IL29: =IK29+IL28 -> 0 | IM29: =IF($E29-IE29=1,1,0) -> 0 | IN29: =IM29+IN28 -> 0 | IO29: =IF(IE29=$E29,1,0) -> 0 | IP29: =IO29+IP28 -> 0 | IQ29: =IF(IE29-$E29=1,1,0) -> 0 | IR29: =IQ29+IR28 -> 0 | IS29: =IF(IE29-$E29>=2,1,0) -> 0 | IT29: =IS29+IT28 -> 0 | IU29: =IF(IG29=0,1,0) -> 1 | IV29: =IU29+IV28 -> 4 | IW29: =IF(IG29=1,1,0) -> 0 | IX29: =IW29+IX28 -> 0 | IY29: =IF(IG29=2,1,0) -> 0 | IZ29: =IY29+IZ28 -> 0 | JA29: =IF(IG29>=3,1,0) -> 0 | JB29: =JA29+JB28 -> 0 | JD29: =IF($E29=4,IE29-4,NA()) -> -4 | JF29: =IE29-'Zusammenfassung Tag1-4'!$J$2/18 -> -3 | JG29: =JF29+JG28 -> -66 | JI29: =JH29+JI28 -> 0 | JK29: =JJ29+JK28 -> 0 | JL29: =IF(JH29-JJ29<=$E29-2,1,0) -> 1 | JM29: =JL29+JM28 -> 22 | JN29: =IF(JL29=0,IF(JH29=$E29,1,0),0) -> 0 | JO29: =JN29+JO28 -> 0 | JP29: =IF($E29-JH29=1,1,0) -> 0 | JQ29: =JP29+JQ28 -> 0 | JR29: =IF(JH29=$E29,1,0) -> 0 | JS29: =JR29+JS28 -> 0 | JT29: =IF(JH29-$E29=1,1,0) -> 0 | JU29: =JT29+JU28 -> 0 | JV29: =IF(JH29-$E29>=2,1,0) -> 0 | JW29: =JV29+JW28 -> 0 | JX29: =IF(JJ29=0,1,0) -> 1 | JY29: =JX29+JY28 -> 4 | JZ29: =IF(JJ29=1,1,0) -> 0 | KA29: =JZ29+KA28 -> 0 | KB29: =IF(JJ29=2,1,0) -> 0 | KC29: =KB29+KC28 -> 0 | KD29: =IF(JJ29>=3,1,0) -> 0 | KE29: =KD29+KE28 -> 0 | KG29: =IF($E29=4,JH29-4,NA()) -> -4 | KI29: =JH29-'Zusammenfassung Tag1-4'!$K$2/18 -> -0.77777778 | KJ29: =KI29+KJ28 -> -17.111111
C30: 5 | D30: =D29+1 -> 23 | E30: 4 | F30: =E30+F29 -> 94 | G30: 6 | H30: =G30+H29 -> 115 | I30: 2 | J30: =I30+J29 -> 46 | K30: =IF(G30-I30<=$E30-2,1,0) -> 0 | L30: =K30+L29 -> 9 | M30: =IF(K30=0,IF(G30=$E30,1,0),0) -> 0 | N30: =M30+N29 -> 2 | O30: =IF($E30-G30=1,1,0) -> 0 | P30: =O30+P29 -> 1 | Q30: =IF(G30=$E30,1,0) -> 0 | R30: =Q30+R29 -> 2 | S30: =IF(G30-$E30=1,1,0) -> 0 | T30: =S30+T29 -> 0 | U30: =IF(G30-$E30>=2,1,0) -> 1 | V30: =U30+V29 -> 3 | W30: =IF(I30=0,1,0) -> 0 | X30: =W30+X29 -> 0 | Y30: =IF(I30=1,1,0) -> 0 | Z30: =Y30+Z29 -> 5 | AA30: =IF(I30=2,1,0) -> 1 | AB30: =AA30+AB29 -> 3 | AC30: =IF(I30>=3,1,0) -> 0 | AD30: =AC30+AD29 -> 4 | AF30: =IF($E30=4,G30-4,NA()) -> 2 | AH30: =G30-'Zusammenfassung Tag1-4'!$B$2/18 -> 4.8888889 | AI30: =AH30+AI29 -> 89.444444 | AJ30: 3 | AK30: =AJ30+AK29 -> 104 | AL30: 1 | AM30: =AL30+AM29 -> 44 | AN30: =IF(AJ30-AL30<=$E30-2,1,0) -> 1 | AO30: =AN30+AO29 -> 14 | AP30: =IF(AN30=0,IF(AJ30=$E30,1,0),0) -> 0 | AQ30: =AP30+AQ29 -> 3 | AR30: =IF($E30-AJ30=1,1,0) -> 1 | AS30: =AR30+AS29 -> 1 | AT30: =IF(AJ30=$E30,1,0) -> 0 | AU30: =AT30+AU29 -> 3 | AV30: =IF(AJ30-$E30=1,1,0) -> 0 | AW30: =AV30+AW29 -> 1 | AX30: =IF(AJ30-$E30>=2,1,0) -> 0 | AY30: =AX30+AY29 -> 0 | AZ30: =IF(AL30=0,1,0) -> 0 | BA30: =AZ30+BA29 -> 0 | BB30: =IF(AL30=1,1,0) -> 1 | BC30: =BB30+BC29 -> 5 | BD30: =IF(AL30=2,1,0) -> 0 | BE30: =BD30+BE29 -> 4 | BF30: =IF(AL30>=3,1,0) -> 0 | BG30: =BF30+BG29 -> 3 | BI30: =IF($E30=4,AJ30-4,NA()) -> -1 | BK30: =AJ30-'Zusammenfassung Tag1-4'!$C$2/18 -> 2.3333333 | BL30: =BK30+BL29 -> 88.666667 | BM30: 6 | BN30: =BM30+BN29 -> 128 | BO30: 2 | BP30: =BO30+BP29 -> 46 | BQ30: =IF(BM30-BO30<=$E30-2,1,0) -> 0 | BR30: =BQ30+BR29 -> 5 | BS30: =IF(BQ30=0,IF(BM30=$E30,1,0),0) -> 0 | BT30: =BS30+BT29 -> 2 | BU30: =IF($E30-BM30=1,1,0) -> 0 | BV30: =BU30+BV29 -> 0 | BW30: =IF(BM30=$E30,1,0) -> 0 | BX30: =BW30+BX29 -> 2 | BY30: =IF(BM30-$E30=1,1,0) -> 0 | BZ30: =BY30+BZ29 -> 0 | CA30: =IF(BM30-$E30>=2,1,0) -> 1 | CB30: =CA30+CB29 -> 3 | CC30: =IF(BO30=0,1,0) -> 0 | CD30: =CC30+CD29 -> 0 | CE30: =IF(BO30=1,1,0) -> 0 | CF30: =CE30+CF29 -> 4 | CG30: =IF(BO30=2,1,0) -> 1 | CH30: =CG30+CH29 -> 3 | CI30: =IF(BO30>=3,1,0) -> 0 | CJ30: =CI30+CJ29 -> 4 | CL30: =IF($E30=4,BM30-4,NA()) -> 2 | CN30: =BM30-'Zusammenfassung Tag1-4'!$D$2/18 -> 4.6666667 | CO30: =CN30+CO29 -> 97.333333 | CP30: 4 | CQ30: =CP30+CQ29 -> 125 | CR30: 2 | CS30: =CR30+CS29 -> 48 | CT30: =IF(CP30-CR30<=$E30-2,1,0) -> 1 | CU30: =CT30+CU29 -> 5 | CV30: =IF(CT30=0,IF(CP30=$E30,1,0),0) -> 0 | CW30: =CV30+CW29 -> 2 | CX30: =IF($E30-CP30=1,1,0) -> 0 | CY30: =CX30+CY29 -> 0 | CZ30: =IF(CP30=$E30,1,0) -> 1 | DA30: =CZ30+DA29 -> 1 | DB30: =IF(CP30-$E30=1,1,0) -> 0 | DC30: =DB30+DC29 -> 4 | DD30: =IF(CP30-$E30>=2,1,0) -> 0 | DE30: =DD30+DE29 -> 0 | DF30: =IF(CR30=0,1,0) -> 0 | DG30: =DF30+DG29 -> 0 | DH30: =IF(CR30=1,1,0) -> 0 | DI30: =DH30+DI29 -> 3 | DJ30: =IF(CR30=2,1,0) -> 1 | DK30: =DJ30+DK29 -> 5 | DL30: =IF(CR30>=3,1,0) -> 0 | DM30: =DL30+DM29 -> 5 | DO30: =IF($E30=4,CP30-4,NA()) -> 0 | DQ30: =CP30-'Zusammenfassung Tag1-4'!$E$2/18 -> 2.7222222 | DR30: =DQ30+DR29 -> 95.611111 | DS30: 8 | DT30: =DS30+DT29 -> 182 | DU30: 3 | DV30: =DU30+DV29 -> 53 | DW30: =IF(DS30-DU30<=$E30-2,1,0) -> 0 | DX30: =DW30+DX29 -> 1 | DY30: =IF(DW30=0,IF(DS30=$E30,1,0),0) -> 0 | DZ30: =DY30+DZ29 -> 0 | EA30: =IF($E30-DS30=1,1,0) -> 0 | EB30: =EA30+EB29 -> 0 | EC30: =IF(DS30=$E30,1,0) -> 0 | ED30: =EC30+ED29 -> 0 | EE30: =IF(DS30-$E30=1,1,0) -> 0 | EF30: =EE30+EF29 -> 0 | EG30: =IF(DS30-$E30>=2,1,0) -> 1 | EH30: =EG30+EH29 -> 5 | EI30: =IF(DU30=0,1,0) -> 0 | EJ30: =EI30+EJ29 -> 0 | EK30: =IF(DU30=1,1,0) -> 0 | EL30: =EK30+EL29 -> 0 | EM30: =IF(DU30=2,1,0) -> 0 | EN30: =EM30+EN29 -> 4 | EO30: =IF(DU30>=3,1,0) -> 1 | EP30: =EO30+EP29 -> 6 | ER30: =IF($E30=4,DS30-4,NA()) -> 4 | ET30: =DS30-'Zusammenfassung Tag1-4'!$F$2/18 -> 5 | EU30: =ET30+EU29 -> 113 | EV30: 5 | EW30: =EV30+EW29 -> 129 | EX30: 2 | EY30: =EX30+EY29 -> 51 | EZ30: =IF(EV30-EX30<=$E30-2,1,0) -> 0 | FA30: =EZ30+FA29 -> 5 | FB30: =IF(EZ30=0,IF(EV30=$E30,1,0),0) -> 0 | FC30: =FB30+FC29 -> 0 | FD30: =IF($E30-EV30=1,1,0) -> 0 | FE30: =FD30+FE29 -> 1 | FF30: =IF(EV30=$E30,1,0) -> 0 | FG30: =FF30+FG29 -> 0 | FH30: =IF(EV30-$E30=1,1,0) -> 1 | FI30: =FH30+FI29 -> 2 | FJ30: =IF(EV30-$E30>=2,1,0) -> 0 | FK30: =FJ30+FK29 -> 2 | FL30: =IF(EX30=0,1,0) -> 0 | FM30: =FL30+FM29 -> 0 | FN30: =IF(EX30=1,1,0) -> 0 | FO30: =FN30+FO29 -> 2 | FP30: =IF(EX30=2,1,0) -> 1 | FQ30: =FP30+FQ29 -> 4 | FR30: =IF(EX30>=3,1,0) -> 0 | FS30: =FR30+FS29 -> 7 | FU30: =IF($E30=4,EV30-4,NA()) -> 1 | FW30: =EV30-'Zusammenfassung Tag1-4'!$G$2/18 -> 3.5 | FX30: =FW30+FX29 -> 94.5 | FY30: 10 | FZ30: =FY30+FZ29 -> 170 | GA30: 2 | GB30: =GA30+GB29 -> 54 | GC30: =IF(FY30-GA30<=$E30-2,1,0) -> 0 | GD30: =GC30+GD29 -> 1 | GE30: =IF(GC30=0,IF(FY30=$E30,1,0),0) -> 0 | GF30: =GE30+GF29 -> 0 | GG30: =IF($E30-FY30=1,1,0) -> 0 | GH30: =GG30+GH29 -> 0 | GI30: =IF(FY30=$E30,1,0) -> 0 | GJ30: =GI30+GJ29 -> 0 | GK30: =IF(FY30-$E30=1,1,0) -> 0 | GL30: =GK30+GL29 -> 1 | GM30: =IF(FY30-$E30>=2,1,0) -> 1 | GN30: =GM30+GN29 -> 4 | GO30: =IF(GA30=0,1,0) -> 0 | GP30: =GO30+GP29 -> 0 | GQ30: =IF(GA30=1,1,0) -> 0 | GR30: =GQ30+GR29 -> 2 | GS30: =IF(GA30=2,1,0) -> 1 | GT30: =GS30+GT29 -> 3 | GU30: =IF(GA30>=3,1,0) -> 0 | GV30: =GU30+GV29 -> 10 | GX30: =IF($E30=4,FY30-4,NA()) -> 6 | GZ30: =FY30-'Zusammenfassung Tag1-4'!$H$2/18 -> 7 | HA30: =GZ30+HA29 -> 101 | HB30: 5 | HC30: =HB30+HC29 -> 123 | HD30: 2 | HE30: =HD30+HE29 -> 49 | HF30: =IF(HB30-HD30<=$E30-2,1,0) -> 0 | HG30: =HF30+HG29 -> 7 | HH30: =IF(HF30=0,IF(HB30=$E30,1,0),0) -> 0 | HI30: =HH30+HI29 -> 3 | HJ30: =IF($E30-HB30=1,1,0) -> 0 | HK30: =HJ30+HK29 -> 0 | HL30: =IF(HB30=$E30,1,0) -> 0 | HM30: =HL30+HM29 -> 1 | HN30: =IF(HB30-$E30=1,1,0) -> 1 | HO30: =HN30+HO29 -> 3 | HP30: =IF(HB30-$E30>=2,1,0) -> 0 | HQ30: =HP30+HQ29 -> 1 | HR30: =IF(HD30=0,1,0) -> 0 | HS30: =HR30+HS29 -> 0 | HT30: =IF(HD30=1,1,0) -> 0 | HU30: =HT30+HU29 -> 3 | HV30: =IF(HD30=2,1,0) -> 1 | HW30: =HV30+HW29 -> 3 | HX30: =IF(HD30>=3,1,0) -> 0 | HY30: =HX30+HY29 -> 6 | IA30: =IF($E30=4,HB30-4,NA()) -> 1 | IC30: =HB30-'Zusammenfassung Tag1-4'!$I$2/18 -> 4 | ID30: =IC30+ID29 -> 100 | IF30: =IE30+IF29 -> 0 | IH30: =IG30+IH29 -> 0 | II30: =IF(IE30-IG30<=$E30-2,1,0) -> 1 | IJ30: =II30+IJ29 -> 23 | IK30: =IF(II30=0,IF(IE30=$E30,1,0),0) -> 0 | IL30: =IK30+IL29 -> 0 | IM30: =IF($E30-IE30=1,1,0) -> 0 | IN30: =IM30+IN29 -> 0 | IO30: =IF(IE30=$E30,1,0) -> 0 | IP30: =IO30+IP29 -> 0 | IQ30: =IF(IE30-$E30=1,1,0) -> 0 | IR30: =IQ30+IR29 -> 0 | IS30: =IF(IE30-$E30>=2,1,0) -> 0 | IT30: =IS30+IT29 -> 0 | IU30: =IF(IG30=0,1,0) -> 1 | IV30: =IU30+IV29 -> 5 | IW30: =IF(IG30=1,1,0) -> 0 | IX30: =IW30+IX29 -> 0 | IY30: =IF(IG30=2,1,0) -> 0 | IZ30: =IY30+IZ29 -> 0 | JA30: =IF(IG30>=3,1,0) -> 0 | JB30: =JA30+JB29 -> 0 | JD30: =IF($E30=4,IE30-4,NA()) -> -4 | JF30: =IE30-'Zusammenfassung Tag1-4'!$J$2/18 -> -3 | JG30: =JF30+JG29 -> -69 | JI30: =JH30+JI29 -> 0 | JK30: =JJ30+JK29 -> 0 | JL30: =IF(JH30-JJ30<=$E30-2,1,0) -> 1 | JM30: =JL30+JM29 -> 23 | JN30: =IF(JL30=0,IF(JH30=$E30,1,0),0) -> 0 | JO30: =JN30+JO29 -> 0 | JP30: =IF($E30-JH30=1,1,0) -> 0 | JQ30: =JP30+JQ29 -> 0 | JR30: =IF(JH30=$E30,1,0) -> 0 | JS30: =JR30+JS29 -> 0 | JT30: =IF(JH30-$E30=1,1,0) -> 0 | JU30: =JT30+JU29 -> 0 | JV30: =IF(JH30-$E30>=2,1,0) -> 0 | JW30: =JV30+JW29 -> 0 | JX30: =IF(JJ30=0,1,0) -> 1 | JY30: =JX30+JY29 -> 5 | JZ30: =IF(JJ30=1,1,0) -> 0 | KA30: =JZ30+KA29 -> 0 | KB30: =IF(JJ30=2,1,0) -> 0 | KC30: =KB30+KC29 -> 0 | KD30: =IF(JJ30>=3,1,0) -> 0 | KE30: =KD30+KE29 -> 0 | KG30: =IF($E30=4,JH30-4,NA()) -> -4 | KI30: =JH30-'Zusammenfassung Tag1-4'!$K$2/18 -> -0.77777778 | KJ30: =KI30+KJ29 -> -17.888889
