Workbook

Sheet Rohdaten
A1: Tag 1 Zuoz | B1: Course | G1: Manu | AK1: Parli | BO1: Meiky | CS1: Pulfer | DW1: Sutti | FA1: Jens | GE1: Köbi | HI1: Lenz | IM1: Aui
B2: Abschnitt | C2: Loch | D2: Loch kum | E2: Par | F2: Par kum | G2: Schläge | H2: Schläge kum | I2: Putts | J2: Putts kum | K2: GIR | L2: GIR kum | M2: Scramble | N2: Scramble kum | O2: Unnötige Putts | P2: Birdie | Q2: Birdie kum | R2: Pars | S2: Pars kum | T2: Bogeys | U2: Bogeys kum | V2: D.Bogey+ | W2: D.Bogey+ kum | X2: Chip in | Y2: Chip in kum | Z2: 1 Put | AA2: 1 Put kum | AB2: 2 Put | AC2: 2 Put kum | AD2: 3+ Put | AE2: 3+ Put kum | AF2: Par3 Perf | AG2: Par4 Perf | AH2: Par5 Perf | AI2: Netto | AJ2: Netto kum | AK2: Schläge | AL2: Schläge kum | AM2: Putts | AN2: Putts kum | AO2: GIR | AP2: GIR kum | AQ2: Scramble | AR2: Scramble kum | AS2: Unnötige Putts | AT2: Birdie | AU2: Birdie kum | AV2: Pars | AW2: Pars kum | AX2: Bogeys | AY2: Bogeys kum | AZ2: D.Bogey+ | BA2: D.Bogey+ kum | BB2: Chip in | BC2: Chip in kum | BD2: 1 Put | BE2: 1 Put kum | BF2: 2 Put | BG2: 2 Put kum | BH2: 3+ Put | BI2: 3+ Put kum | BJ2: Par3 Perf | BK2: Par4 Perf | BL2: Par5 Perf | BM2: Netto | BN2: Netto kum | BO2: Schläge | BP2: Schläge kum | BQ2: Putts | BR2: Putts kum | BS2: GIR | BT2: GIR kum | BU2: Scramble | BV2: Scramble kum | BW2: Unnötige Putts | BX2: Birdie | BY2: Birdie kum | BZ2: Pars | CA2: Pars kum | CB2: Bogeys | CC2: Bogeys kum | CD2: D.Bogey+ | CE2: D.Bogey+ kum | CF2: Chip in | CG2: Chip in kum | CH2: 1 Put | CI2: 1 Put kum | CJ2: 2 Put | CK2: 2 Put kum | CL2: 3+ Put | CM2: 3+ Put kum | CN2: Par3 Perf | CO2: Par4 Perf | CP2: Par5 Perf | CQ2: Netto | CR2: Netto kum | CS2: Schläge | CT2: Schläge kum | CU2: Putts | CV2: Putts kum | CW2: GIR | CX2: GIR kum | CY2: Scramble | CZ2: Scramble kum | DA2: Unnötige Putts | DB2: Birdie | DC2: Birdie kum | DD2: Pars | DE2: Pars kum | DF2: Bogeys | DG2: Bogeys kum | DH2: D.Bogey+ | DI2: D.Bogey+ kum | DJ2: Chip in | DK2: Chip in kum | DL2: 1 Put | DM2: 1 Put kum | DN2: 2 Put | DO2: 2 Put kum | DP2: 3+ Put | DQ2: 3+ Put kum | DR2: Par3 Perf | DS2: Par4 Perf | DT2: Par5 Perf | DU2: Netto | DV2: Netto kum | DW2: Schläge | DX2: Schläge kum | DY2: Putts | DZ2: Putts kum | EA2: GIR | EB2: GIR kum | EC2: Scramble | ED2: Scramble kum | EE2: Unnötige Putts | EF2: Birdie | EG2: Birdie kum | EH2: Pars | EI2: Pars kum | EJ2: Bogeys | EK2: Bogeys kum | EL2: D.Bogey+ | EM2: D.Bogey+ kum | EN2: Chip in | EO2: Chip in kum | EP2: 1 Put | EQ2: 1 Put kum | ER2: 2 Put | ES2: 2 Put kum | ET2: 3+ Put | EU2: 3+ Put kum | EV2: Par3 Perf | EW2: Par4 Perf | EX2: Par5 Perf | EY2: Netto | EZ2: Netto kum | FA2: Schläge | FB2: Schläge kum | FC2: Putts | FD2: Putts kum | FE2: GIR | FF2: GIR kum | FG2: Scramble | FH2: Scramble kum | FI2: Unnötige Putts | FJ2: Birdie | FK2: Birdie kum | FL2: Pars | FM2: Pars kum | FN2: Bogeys | FO2: Bogeys kum | FP2: D.Bogey+ | FQ2: D.Bogey+ kum | FR2: Chip in | FS2: Chip in kum | FT2: 1 Put | FU2: 1 Put kum | FV2: 2 Put | FW2: 2 Put kum | FX2: 3+ Put | FY2: 3+ Put kum | FZ2: Par3 Perf | GA2: Par4 Perf | GB2: Par5 Perf | GC2: Netto | GD2: Netto kum | GE2: Schläge | GF2: Schläge kum | GG2: Putts | GH2: Putts kum | GI2: GIR | GJ2: GIR kum | GK2: Scramble | GL2: Scramble kum | GM2: Unnötige Putts | GN2: Birdie | GO2: Birdie kum | GP2: Pars | GQ2: Pars kum | GR2: Bogeys | GS2: Bogeys kum | GT2: D.Bogey+ | GU2: D.Bogey+ kum | GV2: Chip in | GW2: Chip in kum | GX2: 1 Put | GY2: 1 Put kum | GZ2: 2 Put | HA2: 2 Put kum | HB2: 3+ Put | HC2: 3+ Put kum | HD2: Par3 Perf | HE2: Par4 Perf | HF2: Par5 Perf | HG2: Netto | HH2: Netto kum | HI2: Schläge | HJ2: Schläge kum | HK2: Putts | HL2: Putts kum | HM2: GIR | HN2: GIR kum | HO2: Scramble | HP2: Scramble kum | HQ2: Unnötige Putts | HR2: Birdie | HS2: Birdie kum | HT2: Pars | HU2: Pars kum | HV2: Bogeys | HW2: Bogeys kum | HX2: D.Bogey+ | HY2: D.Bogey+ kum | HZ2: Chip in | IA2: Chip in kum | IB2: 1 Put | IC2: 1 Put kum | ID2: 2 Put | IE2: 2 Put kum | IF2: 3+ Put | IG2: 3+ Put kum | IH2: Par3 Perf | II2: Par4 Perf | IJ2: Par5 Perf | IK2: Netto | IL2: Netto kum | IM2: Schläge | IN2: Schläge kum | IO2: Putts | IP2: Putts kum | IQ2: GIR | IR2: GIR kum | IS2: Scramble | IT2: Scramble kum | IU2: Unnötige Putts | IV2: Birdie | IW2: Birdie kum | IX2: Pars | IY2: Pars kum | IZ2: Bogeys | JA2: Bogeys kum | JB2: D.Bogey+ | JC2: D.Bogey+ kum | JD2: Chip in | JE2: Chip in kum | JF2: 1 Put | JG2: 1 Put kum | JH2: 2 Put | JI2: 2 Put kum | JJ2: 3+ Put | JK2: 3+ Put kum | JL2: Par3 Perf | JM2: Par4 Perf | JN2: Par5 Perf | JO2: Netto | JP2: Netto kum | JQ2: Schläge | JR2: Schläge kum | JS2: Putts | JT2: Putts kum | JU2: GIR | JV2: GIR kum | JW2: Scramble | JX2: Scramble kum | JY2: Unnötige Putts | JZ2: Birdie | KA2: Birdie kum | KB2: Pars | KC2: Pars kum | KD2: Bogeys | KE2: Bogeys kum | KF2: D.Bogey+ | KG2: D.Bogey+ kum | KH2: Chip in | KI2: Chip in kum | KJ2: 1 Put | KK2: 1 Put kum | KL2: 2 Put | KM2: 2 Put kum | KN2: 3+ Put | KO2: 3+ Put kum | KP2: Par3 Perf | KQ2: Par4 Perf | KR2: Par5 Perf | KS2: Netto | KT2: Netto kum
B3: Front Nine | C3: 1 | D3: =C3 -> 1 | E3: 4 | F3: =E3 -> 4 | G3: 5 | H3: =G3 -> 5 | I3: 2 | J3: =I3 -> 2 | K3: =IF(G3-I3<=$E3-2,1,0) -> 0 | L3: =K3 -> 0 | M3: =IF(K3=0,IF(G3=$E3,1,0),0) -> 0 | N3: =M3 -> 0 | P3: =IF($E3-G3=1,1,0) -> 0 | Q3: =P3 -> 0 | R3: =IF(G3=$E3,1,0) -> 0 | S3: =R3 -> 0 | T3: =IF(G3-$E3=1,1,0) -> 1 | U3: =T3 -> 1 | V3: =IF(G3-$E3>=2,1,0) -> 0 | W3: =V3 -> 0 | X3: =IF(I3=0,1,0) -> 0 | Y3: =X3 -> 0 | Z3: =IF(I3=1,1,0) -> 0 | AA3: =Z3 -> 0 | AB3: =IF(I3=2,1,0) -> 1 | AC3: =AB3 -> 1 | AD3: =IF(I3>=3,1,0) -> 0 | AE3: =AD3 -> 0 | AG3: =IF($E3=4,G3-4,NA()) -> 1 | AI3: =G3-'Zusammenfassung Tag1-4'!$B$2/18 -> 4.1666667 | AJ3: =AI3 -> 4.1666667 | AK3: 4 | AL3: =AK3 -> 4 | AM3: 2 | AN3: =AM3 -> 2 | AO3: =IF(AK3-AM3<=$E3-2,1,0) -> 1 | AP3: =AO3 -> 1 | AQ3: =IF(AO3=0,IF(AK3=$E3,1,0),0) -> 0 | AR3: =AQ3 -> 0 | AT3: =IF($E3-AK3=1,1,0) -> 0 | AU3: =AT3 -> 0 | AV3: =IF(AK3=$E3,1,0) -> 1 | AW3: =AV3 -> 1 | AX3: =IF(AK3-$E3=1,1,0) -> 0 | AY3: =AX3 -> 0 | AZ3: =IF(AK3-$E3>=2,1,0) -> 0 | BA3: =AZ3 -> 0 | BB3: =IF(AM3=0,1,0) -> 0 | BC3: =BB3 -> 0 | BD3: =IF(AM3=1,1,0) -> 0 | BE3: =BD3 -> 0 | BF3: =IF(AM3=2,1,0) -> 1 | BG3: =BF3 -> 1 | BH3: =IF(AM3>=3,1,0) -> 0 | BI3: =BH3 -> 0 | BK3: =IF($E3=4,AK3-4,NA()) -> 0 | BM3: =AK3-'Zusammenfassung Tag1-4'!$C$2/18 -> 3.4444444 | BN3: =BM3 -> 3.4444444 | BO3: 8 | BP3: =BO3 -> 8 | BQ3: 2 | BR3: =BQ3 -> 2 | BS3: =IF(BO3-BQ3<=$E3-2,1,0) -> 0 | BT3: =BS3 -> 0 | BU3: =IF(BS3=0,IF(BO3=$E3,1,0),0) -> 0 | BV3: =BU3 -> 0 | BX3: =IF($E3-BO3=1,1,0) -> 0 | BY3: =BX3 -> 0 | BZ3: =IF(BO3=$E3,1,0) -> 0 | CA3: =BZ3 -> 0 | CB3: =IF(BO3-$E3=1,1,0) -> 0 | CC3: =CB3 -> 0 | CD3: =IF(BO3-$E3>=2,1,0) -> 1 | CE3: =CD3 -> 1 | CF3: =IF(BQ3=0,1,0) -> 0 | CG3: =CF3 -> 0 | CH3: =IF(BQ3=1,1,0) -> 0 | CI3: =CH3 -> 0 | CJ3: =IF(BQ3=2,1,0) -> 1 | CK3: =CJ3 -> 1 | CL3: =IF(BQ3>=3,1,0) -> 0 | CM3: =CL3 -> 0 | CO3: =IF($E3=4,BO3-4,NA()) -> 4 | CQ3: =BO3-'Zusammenfassung Tag1-4'!$D$2/18 -> 6.9444444 | CR3: =CQ3 -> 6.9444444 | CS3: 4 | CT3: =CS3 -> 4 | CU3: 2 | CV3: =CU3 -> 2 | CW3: =IF(CS3-CU3<=$E3-2,1,0) -> 1 | CX3: =CW3 -> 1 | CY3: =IF(CW3=0,IF(CS3=$E3,1,0),0) -> 0 | CZ3: =CY3 -> 0 | DB3: =IF($E3-CS3=1,1,0) -> 0 | DC3: =DB3 -> 0 | DD3: =IF(CS3=$E3,1,0) -> 1 | DE3: =DD3 -> 1 | DF3: =IF(CS3-$E3=1,1,0) -> 0 | DG3: =DF3 -> 0 | DH3: =IF(CS3-$E3>=2,1,0) -> 0 | DI3: =DH3 -> 0 | DJ3: =IF(CU3=0,1,0) -> 0 | DK3: =DJ3 -> 0 | DL3: =IF(CU3=1,1,0) -> 0 | DM3: =DL3 -> 0 | DN3: =IF(CU3=2,1,0) -> 1 | DO3: =DN3 -> 1 | DP3: =IF(CU3>=3,1,0) -> 0 | DQ3: =DP3 -> 0 | DS3: =IF($E3=4,CS3-4,NA()) -> 0 | DU3: =CS3-'Zusammenfassung Tag1-4'!$E$2/18 -> 3 | DV3: =DU3 -> 3 | DW3: 9 | DX3: 89 | DY3: 2 | DZ3: =DY3 -> 2 | EA3: =IF(DW3-DY3<=$E3-2,1,0) -> 0 | EB3: =EA3 -> 0 | EC3: =IF(EA3=0,IF(DW3=$E3,1,0),0) -> 0 | ED3: =EC3 -> 0 | EF3: =IF($E3-DW3=1,1,0) -> 0 | EG3: =EF3 -> 0 | EH3: =IF(DW3=$E3,1,0) -> 0 | EI3: =EH3 -> 0 | EJ3: =IF(DW3-$E3=1,1,0) -> 0 | EK3: =EJ3 -> 0 | EL3: =IF(DW3-$E3>=2,1,0) -> 1 | EM3: =EL3 -> 1 | EN3: =IF(DY3=0,1,0) -> 0 | EO3: =EN3 -> 0 | EP3: =IF(DY3=1,1,0) -> 0 | EQ3: =EP3 -> 0 | ER3: =IF(DY3=2,1,0) -> 1 | ES3: =ER3 -> 1 | ET3: =IF(DY3>=3,1,0) -> 0 | EU3: =ET3 -> 0 | EW3: =IF($E3=4,DW3-4,NA()) -> 5 | EY3: =DW3-'Zusammenfassung Tag1-4'!$F$2/18 -> 6.5 | EZ3: =EY3 -> 6.5 | FA3: 8 | FB3: 4 | FC3: 3 | FD3: =FC3 -> 3 | FE3: =IF(FA3-FC3<=$E3-2,1,0) -> 0 | FF3: =FE3 -> 0 | FG3: =IF(FE3=0,IF(FA3=$E3,1,0),0) -> 0 | FH3: =FG3 -> 0 | FJ3: =IF($E3-FA3=1,1,0) -> 0 | FK3: =FJ3 -> 0 | FL3: =IF(FA3=$E3,1,0) -> 0 | FM3: =FL3 -> 0 | FN3: =IF(FA3-$E3=1,1,0) -> 0 | FO3: =FN3 -> 0 | FP3: =IF(FA3-$E3>=2,1,0) -> 1 | FQ3: =FP3 -> 1 | FR3: =IF(FC3=0,1,0) -> 0 | FS3: =FR3 -> 0 | FT3: =IF(FC3=1,1,0) -> 0 | FU3: =FT3 -> 0 | FV3: =IF(FC3=2,1,0) -> 0 | FW3: =FV3 -> 0 | FX3: =IF(FC3>=3,1,0) -> 1 | FY3: =FX3 -> 1 | GA3: =IF($E3=4,FA3-4,NA()) -> 4 | GC3: =FA3-'Zusammenfassung Tag1-4'!$G$2/18 -> 6.7222222 | GD3: =GC3 -> 6.7222222 | GE3: 5 | GF3: 5 | GG3: 2 | GH3: =GG3 -> 2 | GI3: =IF(GE3-GG3<=$E3-2,1,0) -> 0 | GJ3: =GI3 -> 0 | GK3: =IF(GI3=0,IF(GE3=$E3,1,0),0) -> 0 | GL3: =GK3 -> 0 | GN3: =IF($E3-GE3=1,1,0) -> 0 | GO3: =GN3 -> 0 | GP3: =IF(GE3=$E3,1,0) -> 0 | GQ3: =GP3 -> 0 | GR3: =IF(GE3-$E3=1,1,0) -> 1 | GS3: =GR3 -> 1 | GT3: =IF(GE3-$E3>=2,1,0) -> 0 | GU3: =GT3 -> 0 | GV3: =IF(GG3=0,1,0) -> 0 | GW3: =GV3 -> 0 | GX3: =IF(GG3=1,1,0) -> 0 | GY3: =GX3 -> 0 | GZ3: =IF(GG3=2,1,0) -> 1 | HA3: =GZ3 -> 1 | HB3: =IF(GG3>=3,1,0) -> 0 | HC3: =HB3 -> 0 | HE3: =IF($E3=4,GE3-4,NA()) -> 1 | HG3: =GE3-'Zusammenfassung Tag1-4'!$H$2/18 -> 3.2222222 | HH3: =HG3 -> 3.2222222 | HI3: 7 | HJ3: 5 | HK3: 2 | HL3: =HK3 -> 2 | HM3: =IF(HI3-HK3<=$E3-2,1,0) -> 0 | HN3: =HM3 -> 0 | HO3: =IF(HM3=0,IF(HI3=$E3,1,0),0) -> 0 | HP3: =HO3 -> 0 | HR3: =IF($E3-HI3=1,1,0) -> 0 | HS3: =HR3 -> 0 | HT3: =IF(HI3=$E3,1,0) -> 0 | HU3: =HT3 -> 0 | HV3: =IF(HI3-$E3=1,1,0) -> 0 | HW3: =HV3 -> 0 | HX3: =IF(HI3-$E3>=2,1,0) -> 1 | HY3: =HX3 -> 1 | HZ3: =IF(HK3=0,1,0) -> 0 | IA3: =HZ3 -> 0 | IB3: =IF(HK3=1,1,0) -> 0 | IC3: =IB3 -> 0 | ID3: =IF(HK3=2,1,0) -> 1 | IE3: =ID3 -> 1 | IF3: =IF(HK3>=3,1,0) -> 0 | IG3: =IF3 -> 0 | II3: =IF($E3=4,HI3-4,NA()) -> 3 | IK3: =HI3-'Zusammenfassung Tag1-4'!$I$2/18 -> 6.1111111 | IL3: =IK3 -> 6.1111111 | IM3: 9 | IN3: 140 | IO3: 3 | IP3: =IO3 -> 3 | IQ3: =IF(IM3-IO3<=$E3-2,1,0) -> 0 | IR3: =IQ3 -> 0 | IS3: =IF(IQ3=0,IF(IM3=$E3,1,0),0) -> 0 | IT3: =IS3 -> 0 | IV3: =IF($E3-IM3=1,1,0) -> 0 | IW3: =IV3 -> 0 | IX3: =IF(IM3=$E3,1,0) -> 0 | IY3: =IX3 -> 0 | IZ3: =IF(IM3-$E3=1,1,0) -> 0 | JA3: =IZ3 -> 0 | JB3: =IF(IM3-$E3>=2,1,0) -> 1 | JC3: =JB3 -> 1 | JD3: =IF(IO3=0,1,0) -> 0 | JE3: =JD3 -> 0 | JF3: =IF(IO3=1,1,0) -> 0 | JG3: =JF3 -> 0 | JH3: =IF(IO3=2,1,0) -> 0 | JI3: =JH3 -> 0 | JJ3: =IF(IO3>=3,1,0) -> 1 | JK3: =JJ3 -> 1 | JM3: =IF($E3=4,IM3-4,NA()) -> 5 | JO3: =IM3-'Zusammenfassung Tag1-4'!$J$2/18 -> 6.6666667 | JP3: =JO3 -> 6.6666667 | JT3: =JS3 -> 0 | JU3: =IF(JQ3-JS3<=$E3-2,1,0) -> 1 | JV3: =JU3 -> 1 | JW3: =IF(JU3=0,IF(JQ3=$E3,1,0),0) -> 0 | JX3: =JW3 -> 0 | JZ3: =IF($E3-JQ3=1,1,0) -> 0 | KA3: =JZ3 -> 0 | KB3: =IF(JQ3=$E3,1,0) -> 0 | KC3: =KB3 -> 0 | KD3: =IF(JQ3-$E3=1,1,0) -> 0 | KE3: =KD3 -> 0 | KF3: =IF(JQ3-$E3>=2,1,0) -> 0 | KG3: =KF3 -> 0 | KH3: =IF(JS3=0,1,0) -> 1 | KI3: =KH3 -> 1 | KJ3: =IF(JS3=1,1,0) -> 0 | KK3: =KJ3 -> 0 | KL3: =IF(JS3=2,1,0) -> 0 | KM3: =KL3 -> 0 | KN3: =IF(JS3>=3,1,0) -> 0 | KO3: =KN3 -> 0 | KQ3: =IF($E3=4,JQ3-4,NA()) -> -4 | KS3: =JQ3-'Zusammenfassung Tag1-4'!#REF!/18 -> #REF! | KT3: =KS3 -> #REF!
C4: 2 | D4: =D3+1 -> 2 | E4: 5 | F4: =E4+F3 -> 9 | G4: 6 | H4: =G4+H3 -> 11 | I4: 2 | J4: =I4+J3 -> 4 | K4: =IF(G4-I4<=$E4-2,1,0) -> 0 | L4: =K4+L3 -> 0 | M4: =IF(K4=0,IF(G4=$E4,1,0),0) -> 0 | N4: =M4+N3 -> 0 | P4: =IF($E4-G4=1,1,0) -> 0 | Q4: =P4+Q3 -> 0 | R4: =IF(G4=$E4,1,0) -> 0 | S4: =R4+S3 -> 0 | T4: =IF(G4-$E4=1,1,0) -> 1 | U4: =T4+U3 -> 2 | V4: =IF(G4-$E4>=2,1,0) -> 0 | W4: =V4+W3 -> 0 | X4: =IF(I4=0,1,0) -> 0 | Y4: =X4+Y3 -> 0 | Z4: =IF(I4=1,1,0) -> 0 | AA4: =Z4+AA3 -> 0 | AB4: =IF(I4=2,1,0) -> 1 | AC4: =AB4+AC3 -> 2 | AD4: =IF(I4>=3,1,0) -> 0 | AE4: =AD4+AE3 -> 0 | AH4: =IF($E4=5,G4-5,NA()) -> 1 | AI4: =G4-'Zusammenfassung Tag1-4'!$B$2/18 -> 5.1666667 | AJ4: =AI4+AJ3 -> 9.3333333 | AK4: 5 | AL4: =AK4+AL3 -> 9 | AM4: 1 | AN4: =AM4+AN3 -> 3 | AO4: =IF(AK4-AM4<=$E4-2,1,0) -> 0 | AP4: =AO4+AP3 -> 1 | AQ4: =IF(AO4=0,IF(AK4=$E4,1,0),0) -> 1 | AR4: =AQ4+AR3 -> 1 | AT4: =IF($E4-AK4=1,1,0) -> 0 | AU4: =AT4+AU3 -> 0 | AV4: =IF(AK4=$E4,1,0) -> 1 | AW4: =AV4+AW3 -> 2 | AX4: =IF(AK4-$E4=1,1,0) -> 0 | AY4: =AX4+AY3 -> 0 | AZ4: =IF(AK4-$E4>=2,1,0) -> 0 | BA4: =AZ4+BA3 -> 0 | BB4: =IF(AM4=0,1,0) -> 0 | BC4: =BB4+BC3 -> 0 | BD4: =IF(AM4=1,1,0) -> 1 | BE4: =BD4+BE3 -> 1 | BF4: =IF(AM4=2,1,0) -> 0 | BG4: =BF4+BG3 -> 1 | BH4: =IF(AM4>=3,1,0) -> 0 | BI4: =BH4+BI3 -> 0 | BL4: =IF($E4=5,AK4-5,NA()) -> 0 | BM4: =AK4-'Zusammenfassung Tag1-4'!$C$2/18 -> 4.4444444 | BN4: =BM4+BN3 -> 7.8888889 | BO4: 7 | BP4: =BO4+BP3 -> 15 | BQ4: 2 | BR4: =BQ4+BR3 -> 4 | BS4: =IF(BO4-BQ4<=$E4-2,1,0) -> 0 | BT4: =BS4+BT3 -> 0 | BU4: =IF(BS4=0,IF(BO4=$E4,1,0),0) -> 0 | BV4: =BU4+BV3 -> 0 | BX4: =IF($E4-BO4=1,1,0) -> 0 | BY4: =BX4+BY3 -> 0 | BZ4: =IF(BO4=$E4,1,0) -> 0 | CA4: =BZ4+CA3 -> 0 | CB4: =IF(BO4-$E4=1,1,0) -> 0 | CC4: =CB4+CC3 -> 0 | CD4: =IF(BO4-$E4>=2,1,0) -> 1 | CE4: =CD4+CE3 -> 2 | CF4: =IF(BQ4=0,1,0) -> 0 | CG4: =CF4+CG3 -> 0 | CH4: =IF(BQ4=1,1,0) -> 0 | CI4: =CH4+CI3 -> 0 | CJ4: =IF(BQ4=2,1,0) -> 1 | CK4: =CJ4+CK3 -> 2 | CL4: =IF(BQ4>=3,1,0) -> 0 | CM4: =CL4+CM3 -> 0 | CP4: =IF($E4=5,BO4-5,NA()) -> 2 | CQ4: =BO4-'Zusammenfassung Tag1-4'!$D$2/18 -> 5.9444444 | CR4: =CQ4+CR3 -> 12.888889 | CS4: 7 | CT4: =CS4+CT3 -> 11 | CU4: 2 | CV4: =CU4+CV3 -> 4 | CW4: =IF(CS4-CU4<=$E4-2,1,0) -> 0 | CX4: =CW4+CX3 -> 1 | CY4: =IF(CW4=0,IF(CS4=$E4,1,0),0) -> 0 | CZ4: =CY4+CZ3 -> 0 | DB4: =IF($E4-CS4=1,1,0) -> 0 | DC4: =DB4+DC3 -> 0 | DD4: =IF(CS4=$E4,1,0) -> 0 | DE4: =DD4+DE3 -> 1 | DF4: =IF(CS4-$E4=1,1,0) -> 0 | DG4: =DF4+DG3 -> 0 | DH4: =IF(CS4-$E4>=2,1,0) -> 1 | DI4: =DH4+DI3 -> 1 | DJ4: =IF(CU4=0,1,0) -> 0 | DK4: =DJ4+DK3 -> 0 | DL4: =IF(CU4=1,1,0) -> 0 | DM4: =DL4+DM3 -> 0 | DN4: =IF(CU4=2,1,0) -> 1 | DO4: =DN4+DO3 -> 2 | DP4: =IF(CU4>=3,1,0) -> 0 | DQ4: =DP4+DQ3 -> 0 | DT4: =IF($E4=5,CS4-5,NA()) -> 2 | DU4: =CS4-'Zusammenfassung Tag1-4'!$E$2/18 -> 6 | DV4: =DU4+DV3 -> 9 | DW4: 8 | DX4: 94 | DY4: 3 | DZ4: =DY4+DZ3 -> 5 | EA4: =IF(DW4-DY4<=$E4-2,1,0) -> 0 | EB4: =EA4+EB3 -> 0 | EC4: =IF(EA4=0,IF(DW4=$E4,1,0),0) -> 0 | ED4: =EC4+ED3 -> 0 | EF4: =IF($E4-DW4=1,1,0) -> 0 | EG4: =EF4+EG3 -> 0 | EH4: =IF(DW4=$E4,1,0) -> 0 | EI4: =EH4+EI3 -> 0 | EJ4: =IF(DW4-$E4=1,1,0) -> 0 | EK4: =EJ4+EK3 -> 0 | EL4: =IF(DW4-$E4>=2,1,0) -> 1 | EM4: =EL4+EM3 -> 2 | EN4: =IF(DY4=0,1,0) -> 0 | EO4: =EN4+EO3 -> 0 | EP4: =IF(DY4=1,1,0) -> 0 | EQ4: =EP4+EQ3 -> 0 | ER4: =IF(DY4=2,1,0) -> 0 | ES4: =ER4+ES3 -> 1 | ET4: =IF(DY4>=3,1,0) -> 1 | EU4: =ET4+EU3 -> 1 | EX4: =IF($E4=5,DW4-5,NA()) -> 3 | EY4: =DW4-'Zusammenfassung Tag1-4'!$F$2/18 -> 5.5 | EZ4: =EY4+EZ3 -> 12 | FA4: 7 | FB4: 10 | FC4: 2 | FD4: =FC4+FD3 -> 5 | FE4: =IF(FA4-FC4<=$E4-2,1,0) -> 0 | FF4: =FE4+FF3 -> 0 | FG4: =IF(FE4=0,IF(FA4=$E4,1,0),0) -> 0 | FH4: =FG4+FH3 -> 0 | FJ4: =IF($E4-FA4=1,1,0) -> 0 | FK4: =FJ4+FK3 -> 0 | FL4: =IF(FA4=$E4,1,0) -> 0 | FM4: =FL4+FM3 -> 0 | FN4: =IF(FA4-$E4=1,1,0) -> 0 | FO4: =FN4+FO3 -> 0 | FP4: =IF(FA4-$E4>=2,1,0) -> 1 | FQ4: =FP4+FQ3 -> 2 | FR4: =IF(FC4=0,1,0) -> 0 | FS4: =FR4+FS3 -> 0 | FT4: =IF(FC4=1,1,0) -> 0 | FU4: =FT4+FU3 -> 0 | FV4: =IF(FC4=2,1,0) -> 1 | FW4: =FV4+FW3 -> 1 | FX4: =IF(FC4>=3,1,0) -> 0 | FY4: =FX4+FY3 -> 1 | GB4: =IF($E4=5,FA4-5,NA()) -> 2 | GC4: =FA4-'Zusammenfassung Tag1-4'!$G$2/18 -> 5.7222222 | GD4: =GC4+GD3 -> 12.444444 | GE4: 10 | GF4: 13 | GG4: 2 | GH4: =GG4+GH3 -> 4 | GI4: =IF(GE4-GG4<=$E4-2,1,0) -> 0 | GJ4: =GI4+GJ3 -> 0 | GK4: =IF(GI4=0,IF(GE4=$E4,1,0),0) -> 0 | GL4: =GK4+GL3 -> 0 | GN4: =IF($E4-GE4=1,1,0) -> 0 | GO4: =GN4+GO3 -> 0 | GP4: =IF(GE4=$E4,1,0) -> 0 | GQ4: =GP4+GQ3 -> 0 | GR4: =IF(GE4-$E4=1,1,0) -> 0 | GS4: =GR4+GS3 -> 1 | GT4: =IF(GE4-$E4>=2,1,0) -> 1 | GU4: =GT4+GU3 -> 1 | GV4: =IF(GG4=0,1,0) -> 0 | GW4: =GV4+GW3 -> 0 | GX4: =IF(GG4=1,1,0) -> 0 | GY4: =GX4+GY3 -> 0 | GZ4: =IF(GG4=2,1,0) -> 1 | HA4: =GZ4+HA3 -> 2 | HB4: =IF(GG4>=3,1,0) -> 0 | HC4: =HB4+HC3 -> 0 | HF4: =IF($E4=5,GE4-5,NA()) -> 5 | HG4: =GE4-'Zusammenfassung Tag1-4'!$H$2/18 -> 8.2222222 | HH4: =HG4+HH3 -> 11.444444 | HI4: 7 | HJ4: 10 | HK4: 2 | HL4: =HK4+HL3 -> 4 | HM4: =IF(HI4-HK4<=$E4-2,1,0) -> 0 | HN4: =HM4+HN3 -> 0 | HO4: =IF(HM4=0,IF(HI4=$E4,1,0),0) -> 0 | HP4: =HO4+HP3 -> 0 | HR4: =IF($E4-HI4=1,1,0) -> 0 | HS4: =HR4+HS3 -> 0 | HT4: =IF(HI4=$E4,1,0) -> 0 | HU4: =HT4+HU3 -> 0 | HV4: =IF(HI4-$E4=1,1,0) -> 0 | HW4: =HV4+HW3 -> 0 | HX4: =IF(HI4-$E4>=2,1,0) -> 1 | HY4: =HX4+HY3 -> 2 | HZ4: =IF(HK4=0,1,0) -> 0 | IA4: =HZ4+IA3 -> 0 | IB4: =IF(HK4=1,1,0) -> 0 | IC4: =IB4+IC3 -> 0 | ID4: =IF(HK4=2,1,0) -> 1 | IE4: =ID4+IE3 -> 2 | IF4: =IF(HK4>=3,1,0) -> 0 | IG4: =IF4+IG3 -> 0 | IJ4: =IF($E4=5,HI4-5,NA()) -> 2 | IK4: =HI4-'Zusammenfassung Tag1-4'!$I$2/18 -> 6.1111111 | IL4: =IK4+IL3 -> 12.222222 | IM4: 5 | IN4: 148 | IO4: 2 | IP4: =IO4+IP3 -> 5 | IQ4: =IF(IM4-IO4<=$E4-2,1,0) -> 1 | IR4: =IQ4+IR3 -> 1 | IS4: =IF(IQ4=0,IF(IM4=$E4,1,0),0) -> 0 | IT4: =IS4+IT3 -> 0 | IV4: =IF($E4-IM4=1,1,0) -> 0 | IW4: =IV4+IW3 -> 0 | IX4: =IF(IM4=$E4,1,0) -> 1 | IY4: =IX4+IY3 -> 1 | IZ4: =IF(IM4-$E4=1,1,0) -> 0 | JA4: =IZ4+JA3 -> 0 | JB4: =IF(IM4-$E4>=2,1,0) -> 0 | JC4: =JB4+JC3 -> 1 | JD4: =IF(IO4=0,1,0) -> 0 | JE4: =JD4+JE3 -> 0 | JF4: =IF(IO4=1,1,0) -> 0 | JG4: =JF4+JG3 -> 0 | JH4: =IF(IO4=2,1,0) -> 1 | JI4: =JH4+JI3 -> 1 | JJ4: =IF(IO4>=3,1,0) -> 0 | JK4: =JJ4+JK3 -> 1 | JN4: =IF($E4=5,IM4-5,NA()) -> 0 | JO4: =IM4-'Zusammenfassung Tag1-4'!$J$2/18 -> 2.6666667 | JP4: =JO4+JP3 -> 9.3333333 | JT4: =JS4+JT3 -> 0 | JU4: =IF(JQ4-JS4<=$E4-2,1,0) -> 1 | JV4: =JU4+JV3 -> 2 | JW4: =IF(JU4=0,IF(JQ4=$E4,1,0),0) -> 0 | JX4: =JW4+JX3 -> 0 | JZ4: =IF($E4-JQ4=1,1,0) -> 0 | KA4: =JZ4+KA3 -> 0 | KB4: =IF(JQ4=$E4,1,0) -> 0 | KC4: =KB4+KC3 -> 0 | KD4: =IF(JQ4-$E4=1,1,0) -> 0 | KE4: =KD4+KE3 -> 0 | KF4: =IF(JQ4-$E4>=2,1,0) -> 0 | KG4: =KF4+KG3 -> 0 | KH4: =IF(JS4=0,1,0) -> 1 | KI4: =KH4+KI3 -> 2 | KJ4: =IF(JS4=1,1,0) -> 0 | KK4: =KJ4+KK3 -> 0 | KL4: =IF(JS4=2,1,0) -> 0 | KM4: =KL4+KM3 -> 0 | KN4: =IF(JS4>=3,1,0) -> 0 | KO4: =KN4+KO3 -> 0 | KR4: =IF($E4=5,JQ4-5,NA()) -> -5 | KS4: =JQ4-'Zusammenfassung Tag1-4'!#REF!/18 -> #REF! | KT4: =KS4+KT3 -> #REF!
C5: 3 | D5: =D4+1 -> 3 | E5: 4 | F5: =E5+F4 -> 13 | G5: 5 | H5: =G5+H4 -> 16 | I5: 2 | J5: =I5+J4 -> 6 | K5: =IF(G5-I5<=$E5-2,1,0) -> 0 | L5: =K5+L4 -> 0 | M5: =IF(K5=0,IF(G5=$E5,1,0),0) -> 0 | N5: =M5+N4 -> 0 | P5: =IF($E5-G5=1,1,0) -> 0 | Q5: =P5+Q4 -> 0 | R5: =IF(G5=$E5,1,0) -> 0 | S5: =R5+S4 -> 0 | T5: =IF(G5-$E5=1,1,0) -> 1 | U5: =T5+U4 -> 3 | V5: =IF(G5-$E5>=2,1,0) -> 0 | W5: =V5+W4 -> 0 | X5: =IF(I5=0,1,0) -> 0 | Y5: =X5+Y4 -> 0 | Z5: =IF(I5=1,1,0) -> 0 | AA5: =Z5+AA4 -> 0 | AB5: =IF(I5=2,1,0) -> 1 | AC5: =AB5+AC4 -> 3 | AD5: =IF(I5>=3,1,0) -> 0 | AE5: =AD5+AE4 -> 0 | AG5: =IF($E5=4,G5-4,NA()) -> 1 | AI5: =G5-'Zusammenfassung Tag1-4'!$B$2/18 -> 4.1666667 | AJ5: =AI5+AJ4 -> 13.5 | AK5: 4 | AL5: =AK5+AL4 -> 13 | AM5: 2 | AN5: =AM5+AN4 -> 5 | AO5: =IF(AK5-AM5<=$E5-2,1,0) -> 1 | AP5: =AO5+AP4 -> 2 | AQ5: =IF(AO5=0,IF(AK5=$E5,1,0),0) -> 0 | AR5: =AQ5+AR4 -> 1 | AT5: =IF($E5-AK5=1,1,0) -> 0 | AU5: =AT5+AU4 -> 0 | AV5: =IF(AK5=$E5,1,0) -> 1 | AW5: =AV5+AW4 -> 3 | AX5: =IF(AK5-$E5=1,1,0) -> 0 | AY5: =AX5+AY4 -> 0 | AZ5: =IF(AK5-$E5>=2,1,0) -> 0 | BA5: =AZ5+BA4 -> 0 | BB5: =IF(AM5=0,1,0) -> 0 | BC5: =BB5+BC4 -> 0 | BD5: =IF(AM5=1,1,0) -> 0 | BE5: =BD5+BE4 -> 1 | BF5: =IF(AM5=2,1,0) -> 1 | BG5: =BF5+BG4 -> 2 | BH5: =IF(AM5>=3,1,0) -> 0 | BI5: =BH5+BI4 -> 0 | BK5: =IF($E5=4,AK5-4,NA()) -> 0 | BM5: =AK5-'Zusammenfassung Tag1-4'!$C$2/18 -> 3.4444444 | BN5: =BM5+BN4 -> 11.333333 | BO5: 7 | BP5: =BO5+BP4 -> 22 | BQ5: 3 | BR5: =BQ5+BR4 -> 7 | BS5: =IF(BO5-BQ5<=$E5-2,1,0) -> 0 | BT5: =BS5+BT4 -> 0 | BU5: =IF(BS5=0,IF(BO5=$E5,1,0),0) -> 0 | BV5: =BU5+BV4 -> 0 | BX5: =IF($E5-BO5=1,1,0) -> 0 | BY5: =BX5+BY4 -> 0 | BZ5: =IF(BO5=$E5,1,0) -> 0 | CA5: =BZ5+CA4 -> 0 | CB5: =IF(BO5-$E5=1,1,0) -> 0 | CC5: =CB5+CC4 -> 0 | CD5: =IF(BO5-$E5>=2,1,0) -> 1 | CE5: =CD5+CE4 -> 3 | CF5: =IF(BQ5=0,1,0) -> 0 | CG5: =CF5+CG4 -> 0 | CH5: =IF(BQ5=1,1,0) -> 0 | CI5: =CH5+CI4 -> 0 | CJ5: =IF(BQ5=2,1,0) -> 0 | CK5: =CJ5+CK4 -> 2 | CL5: =IF(BQ5>=3,1,0) -> 1 | CM5: =CL5+CM4 -> 1 | CO5: =IF($E5=4,BO5-4,NA()) -> 3 | CQ5: =BO5-'Zusammenfassung Tag1-4'!$D$2/18 -> 5.9444444 | CR5: =CQ5+CR4 -> 18.833333 | CS5: 6 | CT5: =CS5+CT4 -> 17 | CU5: 3 | CV5: =CU5+CV4 -> 7 | CW5: =IF(CS5-CU5<=$E5-2,1,0) -> 0 | CX5: =CW5+CX4 -> 1 | CY5: =IF(CW5=0,IF(CS5=$E5,1,0),0) -> 0 | CZ5: =CY5+CZ4 -> 0 | DB5: =IF($E5-CS5=1,1,0) -> 0 | DC5: =DB5+DC4 -> 0 | DD5: =IF(CS5=$E5,1,0) -> 0 | DE5: =DD5+DE4 -> 1 | DF5: =IF(CS5-$E5=1,1,0) -> 0 | DG5: =DF5+DG4 -> 0 | DH5: =IF(CS5-$E5>=2,1,0) -> 1 | DI5: =DH5+DI4 -> 2 | DJ5: =IF(CU5=0,1,0) -> 0 | DK5: =DJ5+DK4 -> 0 | DL5: =IF(CU5=1,1,0) -> 0 | DM5: =DL5+DM4 -> 0 | DN5: =IF(CU5=2,1,0) -> 0 | DO5: =DN5+DO4 -> 2 | DP5: =IF(CU5>=3,1,0) -> 1 | DQ5: =DP5+DQ4 -> 1 | DS5: =IF($E5=4,CS5-4,NA()) -> 2 | DU5: =CS5-'Zusammenfassung Tag1-4'!$E$2/18 -> 5 | DV5: =DU5+DV4 -> 14 | DW5: 6 | DX5: 98 | DY5: 3 | DZ5: =DY5+DZ4 -> 8 | EA5: =IF(DW5-DY5<=$E5-2,1,0) -> 0 | EB5: =EA5+EB4 -> 0 | EC5: =IF(EA5=0,IF(DW5=$E5,1,0),0) -> 0 | ED5: =EC5+ED4 -> 0 | EF5: =IF($E5-DW5=1,1,0) -> 0 | EG5: =EF5+EG4 -> 0 | EH5: =IF(DW5=$E5,1,0) -> 0 | EI5: =EH5+EI4 -> 0 | EJ5: =IF(DW5-$E5=1,1,0) -> 0 | EK5: =EJ5+EK4 -> 0 | EL5: =IF(DW5-$E5>=2,1,0) -> 1 | EM5: =EL5+EM4 -> 3 | EN5: =IF(DY5=0,1,0) -> 0 | EO5: =EN5+EO4 -> 0 | EP5: =IF(DY5=1,1,0) -> 0 | EQ5: =EP5+EQ4 -> 0 | ER5: =IF(DY5=2,1,0) -> 0 | ES5: =ER5+ES4 -> 1 | ET5: =IF(DY5>=3,1,0) -> 1 | EU5: =ET5+EU4 -> 2 | EW5: =IF($E5=4,DW5-4,NA()) -> 2 | EY5: =DW5-'Zusammenfassung Tag1-4'!$F$2/18 -> 3.5 | EZ5: =EY5+EZ4 -> 15.5 | FA5: 6 | FB5: 17 | FC5: 2 | FD5: =FC5+FD4 -> 7 | FE5: =IF(FA5-FC5<=$E5-2,1,0) -> 0 | FF5: =FE5+FF4 -> 0 | FG5: =IF(FE5=0,IF(FA5=$E5,1,0),0) -> 0 | FH5: =FG5+FH4 -> 0 | FJ5: =IF($E5-FA5=1,1,0) -> 0 | FK5: =FJ5+FK4 -> 0 | FL5: =IF(FA5=$E5,1,0) -> 0 | FM5: =FL5+FM4 -> 0 | FN5: =IF(FA5-$E5=1,1,0) -> 0 | FO5: =FN5+FO4 -> 0 | FP5: =IF(FA5-$E5>=2,1,0) -> 1 | FQ5: =FP5+FQ4 -> 3 | FR5: =IF(FC5=0,1,0) -> 0 | FS5: =FR5+FS4 -> 0 | FT5: =IF(FC5=1,1,0) -> 0 | FU5: =FT5+FU4 -> 0 | FV5: =IF(FC5=2,1,0) -> 1 | FW5: =FV5+FW4 -> 2 | FX5: =IF(FC5>=3,1,0) -> 0 | FY5: =FX5+FY4 -> 1 | GA5: =IF($E5=4,FA5-4,NA()) -> 2 | GC5: =FA5-'Zusammenfassung Tag1-4'!$G$2/18 -> 4.7222222 | GD5: =GC5+GD4 -> 17.166667 | GE5: 9 | GF5: 23 | GG5: 3 | GH5: =GG5+GH4 -> 7 | GI5: =IF(GE5-GG5<=$E5-2,1,0) -> 0 | GJ5: =GI5+GJ4 -> 0 | GK5: =IF(GI5=0,IF(GE5=$E5,1,0),0) -> 0 | GL5: =GK5+GL4 -> 0 | GN5: =IF($E5-GE5=1,1,0) -> 0 | GO5: =GN5+GO4 -> 0 | GP5: =IF(GE5=$E5,1,0) -> 0 | GQ5: =GP5+GQ4 -> 0 | GR5: =IF(GE5-$E5=1,1,0) -> 0 | GS5: =GR5+GS4 -> 1 | GT5: =IF(GE5-$E5>=2,1,0) -> 1 | GU5: =GT5+GU4 -> 2 | GV5: =IF(GG5=0,1,0) -> 0 | GW5: =GV5+GW4 -> 0 | GX5: =IF(GG5=1,1,0) -> 0 | GY5: =GX5+GY4 -> 0 | GZ5: =IF(GG5=2,1,0) -> 0 | HA5: =GZ5+HA4 -> 2 | HB5: =IF(GG5>=3,1,0) -> 1 | HC5: =HB5+HC4 -> 1 | HE5: =IF($E5=4,GE5-4,NA()) -> 5 | HG5: =GE5-'Zusammenfassung Tag1-4'!$H$2/18 -> 7.2222222 | HH5: =HG5+HH4 -> 18.666667 | HI5: 6 | HJ5: 14 | HK5: 2 | HL5: =HK5+HL4 -> 6 | HM5: =IF(HI5-HK5<=$E5-2,1,0) -> 0 | HN5: =HM5+HN4 -> 0 | HO5: =IF(HM5=0,IF(HI5=$E5,1,0),0) -> 0 | HP5: =HO5+HP4 -> 0 | HR5: =IF($E5-HI5=1,1,0) -> 0 | HS5: =HR5+HS4 -> 0 | HT5: =IF(HI5=$E5,1,0) -> 0 | HU5: =HT5+HU4 -> 0 | HV5: =IF(HI5-$E5=1,1,0) -> 0 | HW5: =HV5+HW4 -> 0 | HX5: =IF(HI5-$E5>=2,1,0) -> 1 | HY5: =HX5+HY4 -> 3 | HZ5: =IF(HK5=0,1,0) -> 0 | IA5: =HZ5+IA4 -> 0 | IB5: =IF(HK5=1,1,0) -> 0 | IC5: =IB5+IC4 -> 0 | ID5: =IF(HK5=2,1,0) -> 1 | IE5: =ID5+IE4 -> 3 | IF5: =IF(HK5>=3,1,0) -> 0 | IG5: =IF5+IG4 -> 0 | II5: =IF($E5=4,HI5-4,NA()) -> 2 | IK5: =HI5-'Zusammenfassung Tag1-4'!$I$2/18 -> 5.1111111 | IL5: =IK5+IL4 -> 17.333333 | IM5: 7 | IN5: 155 | IO5: 5 | IP5: =IO5+IP4 -> 10 | IQ5: =IF(IM5-IO5<=$E5-2,1,0) -> 1 | IR5: =IQ5+IR4 -> 2 | IS5: =IF(IQ5=0,IF(IM5=$E5,1,0),0) -> 0 | IT5: =IS5+IT4 -> 0 | IV5: =IF($E5-IM5=1,1,0) -> 0 | IW5: =IV5+IW4 -> 0 | IX5: =IF(IM5=$E5,1,0) -> 0 | IY5: =IX5+IY4 -> 1 | IZ5: =IF(IM5-$E5=1,1,0) -> 0 | JA5: =IZ5+JA4 -> 0 | JB5: =IF(IM5-$E5>=2,1,0) -> 1 | JC5: =JB5+JC4 -> 2 | JD5: =IF(IO5=0,1,0) -> 0 | JE5: =JD5+JE4 -> 0 | JF5: =IF(IO5=1,1,0) -> 0 | JG5: =JF5+JG4 -> 0 | JH5: =IF(IO5=2,1,0) -> 0 | JI5: =JH5+JI4 -> 1 | JJ5: =IF(IO5>=3,1,0) -> 1 | JK5: =JJ5+JK4 -> 2 | JM5: =IF($E5=4,IM5-4,NA()) -> 3 | JO5: =IM5-'Zusammenfassung Tag1-4'!$J$2/18 -> 4.6666667 | JP5: =JO5+JP4 -> 14 | JT5: =JS5+JT4 -> 0 | JU5: =IF(JQ5-JS5<=$E5-2,1,0) -> 1 | JV5: =JU5+JV4 -> 3 | JW5: =IF(JU5=0,IF(JQ5=$E5,1,0),0) -> 0 | JX5: =JW5+JX4 -> 0 | JZ5: =IF($E5-JQ5=1,1,0) -> 0 | KA5: =JZ5+KA4 -> 0 | KB5: =IF(JQ5=$E5,1,0) -> 0 | KC5: =KB5+KC4 -> 0 | KD5: =IF(JQ5-$E5=1,1,0) -> 0 | KE5: =KD5+KE4 -> 0 | KF5: =IF(JQ5-$E5>=2,1,0) -> 0 | KG5: =KF5+KG4 -> 0 | KH5: =IF(JS5=0,1,0) -> 1 | KI5: =KH5+KI4 -> 3 | KJ5: =IF(JS5=1,1,0) -> 0 | KK5: =KJ5+KK4 -> 0 | KL5: =IF(JS5=2,1,0) -> 0 | KM5: =KL5+KM4 -> 0 | KN5: =IF(JS5>=3,1,0) -> 0 | KO5: =KN5+KO4 -> 0 | KQ5: =IF($E5=4,JQ5-4,NA()) -> -4 | KS5: =JQ5-'Zusammenfassung Tag1-4'!#REF!/18 -> #REF! | KT5: =KS5+KT4 -> #REF!
C6: 4 | D6: =D5+1 -> 4 | E6: 3 | F6: =E6+F5 -> 16 | G6: 4 | H6: =G6+H5 -> 20 | I6: 2 | J6: =I6+J5 -> 8 | K6: =IF(G6-I6<=$E6-2,1,0) -> 0 | L6: =K6+L5 -> 0 | M6: =IF(K6=0,IF(G6=$E6,1,0),0) -> 0 | N6: =M6+N5 -> 0 | P6: =IF($E6-G6=1,1,0) -> 0 | Q6: =P6+Q5 -> 0 | R6: =IF(G6=$E6,1,0) -> 0 | S6: =R6+S5 -> 0 | T6: =IF(G6-$E6=1,1,0) -> 1 | U6: =T6+U5 -> 4 | V6: =IF(G6-$E6>=2,1,0) -> 0 | W6: =V6+W5 -> 0 | X6: =IF(I6=0,1,0) -> 0 | Y6: =X6+Y5 -> 0 | Z6: =IF(I6=1,1,0) -> 0 | AA6: =Z6+AA5 -> 0 | AB6: =IF(I6=2,1,0) -> 1 | AC6: =AB6+AC5 -> 4 | AD6: =IF(I6>=3,1,0) -> 0 | AE6: =AD6+AE5 -> 0 | AF6: =IF($E6=3,G6-3,NA()) -> 1 | AI6: =G6-'Zusammenfassung Tag1-4'!$B$2/18 -> 3.1666667 | AJ6: =AI6+AJ5 -> 16.666667 | AK6: 4 | AL6: =AK6+AL5 -> 17 | AM6: 3 | AN6: =AM6+AN5 -> 8 | AO6: =IF(AK6-AM6<=$E6-2,1,0) -> 1 | AP6: =AO6+AP5 -> 3 | AQ6: =IF(AO6=0,IF(AK6=$E6,1,0),0) -> 0 | AR6: =AQ6+AR5 -> 1 | AT6: =IF($E6-AK6=1,1,0) -> 0 | AU6: =AT6+AU5 -> 0 | AV6: =IF(AK6=$E6,1,0) -> 0 | AW6: =AV6+AW5 -> 3 | AX6: =IF(AK6-$E6=1,1,0) -> 1 | AY6: =AX6+AY5 -> 1 | AZ6: =IF(AK6-$E6>=2,1,0) -> 0 | BA6: =AZ6+BA5 -> 0 | BB6: =IF(AM6=0,1,0) -> 0 | BC6: =BB6+BC5 -> 0 | BD6: =IF(AM6=1,1,0) -> 0 | BE6: =BD6+BE5 -> 1 | BF6: =IF(AM6=2,1,0) -> 0 | BG6: =BF6+BG5 -> 2 | BH6: =IF(AM6>=3,1,0) -> 1 | BI6: =BH6+BI5 -> 1 | BJ6: =IF($E6=3,AK6-3,NA()) -> 1 | BM6: =AK6-'Zusammenfassung Tag1-4'!$C$2/18 -> 3.4444444 | BN6: =BM6+BN5 -> 14.777778 | BO6: 4 | BP6: =BO6+BP5 -> 26 | BQ6: 3 | BR6: =BQ6+BR5 -> 10 | BS6: =IF(BO6-BQ6<=$E6-2,1,0) -> 1 | BT6: =BS6+BT5 -> 1 | BU6: =IF(BS6=0,IF(BO6=$E6,1,0),0) -> 0 | BV6: =BU6+BV5 -> 0 | BX6: =IF($E6-BO6=1,1,0) -> 0 | BY6: =BX6+BY5 -> 0 | BZ6: =IF(BO6=$E6,1,0) -> 0 | CA6: =BZ6+CA5 -> 0 | CB6: =IF(BO6-$E6=1,1,0) -> 1 | CC6: =CB6+CC5 -> 1 | CD6: =IF(BO6-$E6>=2,1,0) -> 0 | CE6: =CD6+CE5 -> 3 | CF6: =IF(BQ6=0,1,0) -> 0 | CG6: =CF6+CG5 -> 0 | CH6: =IF(BQ6=1,1,0) -> 0 | CI6: =CH6+CI5 -> 0 | CJ6: =IF(BQ6=2,1,0) -> 0 | CK6: =CJ6+CK5 -> 2 | CL6: =IF(BQ6>=3,1,0) -> 1 | CM6: =CL6+CM5 -> 2 | CN6: =IF($E6=3,BO6-3,NA()) -> 1 | CQ6: =BO6-'Zusammenfassung Tag1-4'!$D$2/18 -> 2.9444444 | CR6: =CQ6+CR5 -> 21.777778 | CS6: 4 | CT6: =CS6+CT5 -> 21 | CU6: 3 | CV6: =CU6+CV5 -> 10 | CW6: =IF(CS6-CU6<=$E6-2,1,0) -> 1 | CX6: =CW6+CX5 -> 2 | CY6: =IF(CW6=0,IF(CS6=$E6,1,0),0) -> 0 | CZ6: =CY6+CZ5 -> 0 | DB6: =IF($E6-CS6=1,1,0) -> 0 | DC6: =DB6+DC5 -> 0 | DD6: =IF(CS6=$E6,1,0) -> 0 | DE6: =DD6+DE5 -> 1 | DF6: =IF(CS6-$E6=1,1,0) -> 1 | DG6: =DF6+DG5 -> 1 | DH6: =IF(CS6-$E6>=2,1,0) -> 0 | DI6: =DH6+DI5 -> 2 | DJ6: =IF(CU6=0,1,0) -> 0 | DK6: =DJ6+DK5 -> 0 | DL6: =IF(CU6=1,1,0) -> 0 | DM6: =DL6+DM5 -> 0 | DN6: =IF(CU6=2,1,0) -> 0 | DO6: =DN6+DO5 -> 2 | DP6: =IF(CU6>=3,1,0) -> 1 | DQ6: =DP6+DQ5 -> 2 | DR6: =IF($E6=3,CS6-3,NA()) -> 1 | DU6: =CS6-'Zusammenfassung Tag1-4'!$E$2/18 -> 3 | DV6: =DU6+DV5 -> 17 | DW6: 6 | DX6: 103 | DY6: 2 | DZ6: =DY6+DZ5 -> 10 | EA6: =IF(DW6-DY6<=$E6-2,1,0) -> 0 | EB6: =EA6+EB5 -> 0 | EC6: =IF(EA6=0,IF(DW6=$E6,1,0),0) -> 0 | ED6: =EC6+ED5 -> 0 | EF6: =IF($E6-DW6=1,1,0) -> 0 | EG6: =EF6+EG5 -> 0 | EH6: =IF(DW6=$E6,1,0) -> 0 | EI6: =EH6+EI5 -> 0 | EJ6: =IF(DW6-$E6=1,1,0) -> 0 | EK6: =EJ6+EK5 -> 0 | EL6: =IF(DW6-$E6>=2,1,0) -> 1 | EM6: =EL6+EM5 -> 4 | EN6: =IF(DY6=0,1,0) -> 0 | EO6: =EN6+EO5 -> 0 | EP6: =IF(DY6=1,1,0) -> 0 | EQ6: =EP6+EQ5 -> 0 | ER6: =IF(DY6=2,1,0) -> 1 | ES6: =ER6+ES5 -> 2 | ET6: =IF(DY6>=3,1,0) -> 0 | EU6: =ET6+EU5 -> 2 | EV6: =IF($E6=3,DW6-3,NA()) -> 3 | EY6: =DW6-'Zusammenfassung Tag1-4'!$F$2/18 -> 3.5 | EZ6: =EY6+EZ5 -> 19 | FA6: 4 | FB6: 22 | FC6: 2 | FD6: =FC6+FD5 -> 9 | FE6: =IF(FA6-FC6<=$E6-2,1,0) -> 0 | FF6: =FE6+FF5 -> 0 | FG6: =IF(FE6=0,IF(FA6=$E6,1,0),0) -> 0 | FH6: =FG6+FH5 -> 0 | FJ6: =IF($E6-FA6=1,1,0) -> 0 | FK6: =FJ6+FK5 -> 0 | FL6: =IF(FA6=$E6,1,0) -> 0 | FM6: =FL6+FM5 -> 0 | FN6: =IF(FA6-$E6=1,1,0) -> 1 | FO6: =FN6+FO5 -> 1 | FP6: =IF(FA6-$E6>=2,1,0) -> 0 | FQ6: =FP6+FQ5 -> 3 | FR6: =IF(FC6=0,1,0) -> 0 | FS6: =FR6+FS5 -> 0 | FT6: =IF(FC6=1,1,0) -> 0 | FU6: =FT6+FU5 -> 0 | FV6: =IF(FC6=2,1,0) -> 1 | FW6: =FV6+FW5 -> 3 | FX6: =IF(FC6>=3,1,0) -> 0 | FY6: =FX6+FY5 -> 1 | FZ6: =IF($E6=3,FA6-3,NA()) -> 1 | GC6: =FA6-'Zusammenfassung Tag1-4'!$G$2/18 -> 2.7222222 | GD6: =GC6+GD5 -> 19.888889 | GE6: 6 | GF6: 30 | GG6: 2 | GH6: =GG6+GH5 -> 9 | GI6: =IF(GE6-GG6<=$E6-2,1,0) -> 0 | GJ6: =GI6+GJ5 -> 0 | GK6: =IF(GI6=0,IF(GE6=$E6,1,0),0) -> 0 | GL6: =GK6+GL5 -> 0 | GN6: =IF($E6-GE6=1,1,0) -> 0 | GO6: =GN6+GO5 -> 0 | GP6: =IF(GE6=$E6,1,0) -> 0 | GQ6: =GP6+GQ5 -> 0 | GR6: =IF(GE6-$E6=1,1,0) -> 0 | GS6: =GR6+GS5 -> 1 | GT6: =IF(GE6-$E6>=2,1,0) -> 1 | GU6: =GT6+GU5 -> 3 | GV6: =IF(GG6=0,1,0) -> 0 | GW6: =GV6+GW5 -> 0 | GX6: =IF(GG6=1,1,0) -> 0 | GY6: =GX6+GY5 -> 0 | GZ6: =IF(GG6=2,1,0) -> 1 | HA6: =GZ6+HA5 -> 3 | HB6: =IF(GG6>=3,1,0) -> 0 | HC6: =HB6+HC5 -> 1 | HD6: =IF($E6=3,GE6-3,NA()) -> 3 | HG6: =GE6-'Zusammenfassung Tag1-4'!$H$2/18 -> 4.2222222 | HH6: =HG6+HH5 -> 22.888889 | HI6: 6 | HJ6: 18 | HK6: 2 | HL6: =HK6+HL5 -> 8 | HM6: =IF(HI6-HK6<=$E6-2,1,0) -> 0 | HN6: =HM6+HN5 -> 0 | HO6: =IF(HM6=0,IF(HI6=$E6,1,0),0) -> 0 | HP6: =HO6+HP5 -> 0 | HR6: =IF($E6-HI6=1,1,0) -> 0 | HS6: =HR6+HS5 -> 0 | HT6: =IF(HI6=$E6,1,0) -> 0 | HU6: =HT6+HU5 -> 0 | HV6: =IF(HI6-$E6=1,1,0) -> 0 | HW6: =HV6+HW5 -> 0 | HX6: =IF(HI6-$E6>=2,1,0) -> 1 | HY6: =HX6+HY5 -> 4 | HZ6: =IF(HK6=0,1,0) -> 0 | IA6: =HZ6+IA5 -> 0 | IB6: =IF(HK6=1,1,0) -> 0 | IC6: =IB6+IC5 -> 0 | ID6: =IF(HK6=2,1,0) -> 1 | IE6: =ID6+IE5 -> 4 | IF6: =IF(HK6>=3,1,0) -> 0 | IG6: =IF6+IG5 -> 0 | IH6: =IF($E6=3,HI6-3,NA()) -> 3 | IK6: =HI6-'Zusammenfassung Tag1-4'!$I$2/18 -> 5.1111111 | IL6: =IK6+IL5 -> 22.444444 | IM6: 5 | IN6: 165 | IO6: 2 | IP6: =IO6+IP5 -> 12 | IQ6: =IF(IM6-IO6<=$E6-2,1,0) -> 0 | IR6: =IQ6+IR5 -> 2 | IS6: =IF(IQ6=0,IF(IM6=$E6,1,0),0) -> 0 | IT6: =IS6+IT5 -> 0 | IV6: =IF($E6-IM6=1,1,0) -> 0 | IW6: =IV6+IW5 -> 0 | IX6: =IF(IM6=$E6,1,0) -> 0 | IY6: =IX6+IY5 -> 1 | IZ6: =IF(IM6-$E6=1,1,0) -> 0 | JA6: =IZ6+JA5 -> 0 | JB6: =IF(IM6-$E6>=2,1,0) -> 1 | JC6: =JB6+JC5 -> 3 | JD6: =IF(IO6=0,1,0) -> 0 | JE6: =JD6+JE5 -> 0 | JF6: =IF(IO6=1,1,0) -> 0 | JG6: =JF6+JG5 -> 0 | JH6: =IF(IO6=2,1,0) -> 1 | JI6: =JH6+JI5 -> 2 | JJ6: =IF(IO6>=3,1,0) -> 0 | JK6: =JJ6+JK5 -> 2 | JL6: =IF($E6=3,IM6-3,NA()) -> 2 | JO6: =IM6-'Zusammenfassung Tag1-4'!$J$2/18 -> 2.6666667 | JP6: =JO6+JP5 -> 16.666667 | JT6: =JS6+JT5 -> 0 | JU6: =IF(JQ6-JS6<=$E6-2,1,0) -> 1 | JV6: =JU6+JV5 -> 4 | JW6: =IF(JU6=0,IF(JQ6=$E6,1,0),0) -> 0 | JX6: =JW6+JX5 -> 0 | JZ6: =IF($E6-JQ6=1,1,0) -> 0 | KA6: =JZ6+KA5 -> 0 | KB6: =IF(JQ6=$E6,1,0) -> 0 | KC6: =KB6+KC5 -> 0 | KD6: =IF(JQ6-$E6=1,1,0) -> 0 | KE6: =KD6+KE5 -> 0 | KF6: =IF(JQ6-$E6>=2,1,0) -> 0 | KG6: =KF6+KG5 -> 0 | KH6: =IF(JS6=0,1,0) -> 1 | KI6: =KH6+KI5 -> 4 | KJ6: =IF(JS6=1,1,0) -> 0 | KK6: =KJ6+KK5 -> 0 | KL6: =IF(JS6=2,1,0) -> 0 | KM6: =KL6+KM5 -> 0 | KN6: =IF(JS6>=3,1,0) -> 0 | KO6: =KN6+KO5 -> 0 | KP6: =IF($E6=3,JQ6-3,NA()) -> -3 | KS6: =JQ6-'Zusammenfassung Tag1-4'!#REF!/18 -> #REF! | KT6: =KS6+KT5 -> #REF!
C7: 5 | D7: =D6+1 -> 5 | E7: 4 | F7: =E7+F6 -> 20 | G7: 4 | H7: =G7+H6 -> 24 | I7: 2 | J7: =I7+J6 -> 10 | K7: =IF(G7-I7<=$E7-2,1,0) -> 1 | L7: =K7+L6 -> 1 | M7: =IF(K7=0,IF(G7=$E7,1,0),0) -> 0 | N7: =M7+N6 -> 0 | P7: =IF($E7-G7=1,1,0) -> 0 | Q7: =P7+Q6 -> 0 | R7: =IF(G7=$E7,1,0) -> 1 | S7: =R7+S6 -> 1 | T7: =IF(G7-$E7=1,1,0) -> 0 | U7: =T7+U6 -> 4 | V7: =IF(G7-$E7>=2,1,0) -> 0 | W7: =V7+W6 -> 0 | X7: =IF(I7=0,1,0) -> 0 | Y7: =X7+Y6 -> 0 | Z7: =IF(I7=1,1,0) -> 0 | AA7: =Z7+AA6 -> 0 | AB7: =IF(I7=2,1,0) -> 1 | AC7: =AB7+AC6 -> 5 | AD7: =IF(I7>=3,1,0) -> 0 | AE7: =AD7+AE6 -> 0 | AG7: =IF($E7=4,G7-4,NA()) -> 0 | AI7: =G7-'Zusammenfassung Tag1-4'!$B$2/18 -> 3.1666667 | AJ7: =AI7+AJ6 -> 19.833333 | AK7: 5 | AL7: =AK7+AL6 -> 22 | AM7: 2 | AN7: =AM7+AN6 -> 10 | AO7: =IF(AK7-AM7<=$E7-2,1,0) -> 0 | AP7: =AO7+AP6 -> 3 | AQ7: =IF(AO7=0,IF(AK7=$E7,1,0),0) -> 0 | AR7: =AQ7+AR6 -> 1 | AT7: =IF($E7-AK7=1,1,0) -> 0 | AU7: =AT7+AU6 -> 0 | AV7: =IF(AK7=$E7,1,0) -> 0 | AW7: =AV7+AW6 -> 3 | AX7: =IF(AK7-$E7=1,1,0) -> 1 | AY7: =AX7+AY6 -> 2 | AZ7: =IF(AK7-$E7>=2,1,0) -> 0 | BA7: =AZ7+BA6 -> 0 | BB7: =IF(AM7=0,1,0) -> 0 | BC7: =BB7+BC6 -> 0 | BD7: =IF(AM7=1,1,0) -> 0 | BE7: =BD7+BE6 -> 1 | BF7: =IF(AM7=2,1,0) -> 1 | BG7: =BF7+BG6 -> 3 | BH7: =IF(AM7>=3,1,0) -> 0 | BI7: =BH7+BI6 -> 1 | BK7: =IF($E7=4,AK7-4,NA()) -> 1 | BM7: =AK7-'Zusammenfassung Tag1-4'!$C$2/18 -> 4.4444444 | BN7: =BM7+BN6 -> 19.222222 | BO7: 4 | BP7: =BO7+BP6 -> 30 | BQ7: 2 | BR7: =BQ7+BR6 -> 12 | BS7: =IF(BO7-BQ7<=$E7-2,1,0) -> 1 | BT7: =BS7+BT6 -> 2 | BU7: =IF(BS7=0,IF(BO7=$E7,1,0),0) -> 0 | BV7: =BU7+BV6 -> 0 | BX7: =IF($E7-BO7=1,1,0) -> 0 | BY7: =BX7+BY6 -> 0 | BZ7: =IF(BO7=$E7,1,0) -> 1 | CA7: =BZ7+CA6 -> 1 | CB7: =IF(BO7-$E7=1,1,0) -> 0 | CC7: =CB7+CC6 -> 1 | CD7: =IF(BO7-$E7>=2,1,0) -> 0 | CE7: =CD7+CE6 -> 3 | CF7: =IF(BQ7=0,1,0) -> 0 | CG7: =CF7+CG6 -> 0 | CH7: =IF(BQ7=1,1,0) -> 0 | CI7: =CH7+CI6 -> 0 | CJ7: =IF(BQ7=2,1,0) -> 1 | CK7: =CJ7+CK6 -> 3 | CL7: =IF(BQ7>=3,1,0) -> 0 | CM7: =CL7+CM6 -> 2 | CO7: =IF($E7=4,BO7-4,NA()) -> 0 | CQ7: =BO7-'Zusammenfassung Tag1-4'!$D$2/18 -> 2.9444444 | CR7: =CQ7+CR6 -> 24.722222 | CS7: 5 | CT7: =CS7+CT6 -> 26 | CU7: 3 | CV7: =CU7+CV6 -> 13 | CW7: =IF(CS7-CU7<=$E7-2,1,0) -> 1 | CX7: =CW7+CX6 -> 3 | CY7: =IF(CW7=0,IF(CS7=$E7,1,0),0) -> 0 | CZ7: =CY7+CZ6 -> 0 | DB7: =IF($E7-CS7=1,1,0) -> 0 | DC7: =DB7+DC6 -> 0 | DD7: =IF(CS7=$E7,1,0) -> 0 | DE7: =DD7+DE6 -> 1 | DF7: =IF(CS7-$E7=1,1,0) -> 1 | DG7: =DF7+DG6 -> 2 | DH7: =IF(CS7-$E7>=2,1,0) -> 0 | DI7: =DH7+DI6 -> 2 | DJ7: =IF(CU7=0,1,0) -> 0 | DK7: =DJ7+DK6 -> 0 | DL7: =IF(CU7=1,1,0) -> 0 | DM7: =DL7+DM6 -> 0 | DN7: =IF(CU7=2,1,0) -> 0 | DO7: =DN7+DO6 -> 2 | DP7: =IF(CU7>=3,1,0) -> 1 | DQ7: =DP7+DQ6 -> 3 | DS7: =IF($E7=4,CS7-4,NA()) -> 1 | DU7: =CS7-'Zusammenfassung Tag1-4'!$E$2/18 -> 4 | DV7: =DU7+DV6 -> 21 | DW7: 6 | DX7: 108 | DY7: 3 | DZ7: =DY7+DZ6 -> 13 | EA7: =IF(DW7-DY7<=$E7-2,1,0) -> 0 | EB7: =EA7+EB6 -> 0 | EC7: =IF(EA7=0,IF(DW7=$E7,1,0),0) -> 0 | ED7: =EC7+ED6 -> 0 | EF7: =IF($E7-DW7=1,1,0) -> 0 | EG7: =EF7+EG6 -> 0 | EH7: =IF(DW7=$E7,1,0) -> 0 | EI7: =EH7+EI6 -> 0 | EJ7: =IF(DW7-$E7=1,1,0) -> 0 | EK7: =EJ7+EK6 -> 0 | EL7: =IF(DW7-$E7>=2,1,0) -> 1 | EM7: =EL7+EM6 -> 5 | EN7: =IF(DY7=0,1,0) -> 0 | EO7: =EN7+EO6 -> 0 | EP7: =IF(DY7=1,1,0) -> 0 | EQ7: =EP7+EQ6 -> 0 | ER7: =IF(DY7=2,1,0) -> 0 | ES7: =ER7+ES6 -> 2 | ET7: =IF(DY7>=3,1,0) -> 1 | EU7: =ET7+EU6 -> 3 | EW7: =IF($E7=4,DW7-4,NA()) -> 2 | EY7: =DW7-'Zusammenfassung Tag1-4'!$F$2/18 -> 3.5 | EZ7: =EY7+EZ6 -> 22.5 | FA7: 5 | FB7: 28 | FC7: 2 | FD7: =FC7+FD6 -> 11 | FE7: =IF(FA7-FC7<=$E7-2,1,0) -> 0 | FF7: =FE7+FF6 -> 0 | FG7: =IF(FE7=0,IF(FA7=$E7,1,0),0) -> 0 | FH7: =FG7+FH6 -> 0 | FJ7: =IF($E7-FA7=1,1,0) -> 0 | FK7: =FJ7+FK6 -> 0 | FL7: =IF(FA7=$E7,1,0) -> 0 | FM7: =FL7+FM6 -> 0 | FN7: =IF(FA7-$E7=1,1,0) -> 1 | FO7: =FN7+FO6 -> 2 | FP7: =IF(FA7-$E7>=2,1,0) -> 0 | FQ7: =FP7+FQ6 -> 3 | FR7: =IF(FC7=0,1,0) -> 0 | FS7: =FR7+FS6 -> 0 | FT7: =IF(FC7=1,1,0) -> 0 | FU7: =FT7+FU6 -> 0 | FV7: =IF(FC7=2,1,0) -> 1 | FW7: =FV7+FW6 -> 4 | FX7: =IF(FC7>=3,1,0) -> 0 | FY7: =FX7+FY6 -> 1 | GA7: =IF($E7=4,FA7-4,NA()) -> 1 | GC7: =FA7-'Zusammenfassung Tag1-4'!$G$2/18 -> 3.7222222 | GD7: =GC7+GD6 -> 23.611111 | GE7: 6 | GF7: 38 | GG7: 2 | GH7: =GG7+GH6 -> 11 | GI7: =IF(GE7-GG7<=$E7-2,1,0) -> 0 | GJ7: =GI7+GJ6 -> 0 | GK7: =IF(GI7=0,IF(GE7=$E7,1,0),0) -> 0 | GL7: =GK7+GL6 -> 0 | GN7: =IF($E7-GE7=1,1,0) -> 0 | GO7: =GN7+GO6 -> 0 | GP7: =IF(GE7=$E7,1,0) -> 0 | GQ7: =GP7+GQ6 -> 0 | GR7: =IF(GE7-$E7=1,1,0) -> 0 | GS7: =GR7+GS6 -> 1 | GT7: =IF(GE7-$E7>=2,1,0) -> 1 | GU7: =GT7+GU6 -> 4 | GV7: =IF(GG7=0,1,0) -> 0 | GW7: =GV7+GW6 -> 0 | GX7: =IF(GG7=1,1,0) -> 0 | GY7: =GX7+GY6 -> 0 | GZ7: =IF(GG7=2,1,0) -> 1 | HA7: =GZ7+HA6 -> 4 | HB7: =IF(GG7>=3,1,0) -> 0 | HC7: =HB7+HC6 -> 1 | HE7: =IF($E7=4,GE7-4,NA()) -> 2 | HG7: =GE7-'Zusammenfassung Tag1-4'!$H$2/18 -> 4.2222222 | HH7: =HG7+HH6 -> 27.111111 | HI7: 4 | HJ7: 25 | HK7: 1 | HL7: =HK7+HL6 -> 9 | HM7: =IF(HI7-HK7<=$E7-2,1,0) -> 0 | HN7: =HM7+HN6 -> 0 | HO7: =IF(HM7=0,IF(HI7=$E7,1,0),0) -> 1 | HP7: =HO7+HP6 -> 1 | HR7: =IF($E7-HI7=1,1,0) -> 0 | HS7: =HR7+HS6 -> 0 | HT7: =IF(HI7=$E7,1,0) -> 1 | HU7: =HT7+HU6 -> 1 | HV7: =IF(HI7-$E7=1,1,0) -> 0 | HW7: =HV7+HW6 -> 0 | HX7: =IF(HI7-$E7>=2,1,0) -> 0 | HY7: =HX7+HY6 -> 4 | HZ7: =IF(HK7=0,1,0) -> 0 | IA7: =HZ7+IA6 -> 0 | IB7: =IF(HK7=1,1,0) -> 1 | IC7: =IB7+IC6 -> 1 | ID7: =IF(HK7=2,1,0) -> 0 | IE7: =ID7+IE6 -> 4 | IF7: =IF(HK7>=3,1,0) -> 0 | IG7: =IF7+IG6 -> 0 | II7: =IF($E7=4,HI7-4,NA()) -> 0 | IK7: =HI7-'Zusammenfassung Tag1-4'!$I$2/18 -> 3.1111111 | IL7: =IK7+IL6 -> 25.555556 | IM7: 9 | IN7: 172 | IO7: 3 | IP7: =IO7+IP6 -> 15 | IQ7: =IF(IM7-IO7<=$E7-2,1,0) -> 0 | IR7: =IQ7+IR6 -> 2 | IS7: =IF(IQ7=0,IF(IM7=$E7,1,0),0) -> 0 | IT7: =IS7+IT6 -> 0 | IV7: =IF($E7-IM7=1,1,0) -> 0 | IW7: =IV7+IW6 -> 0 | IX7: =IF(IM7=$E7,1,0) -> 0 | IY7: =IX7+IY6 -> 1 | IZ7: =IF(IM7-$E7=1,1,0) -> 0 | JA7: =IZ7+JA6 -> 0 | JB7: =IF(IM7-$E7>=2,1,0) -> 1 | JC7: =JB7+JC6 -> 4 | JD7: =IF(IO7=0,1,0) -> 0 | JE7: =JD7+JE6 -> 0 | JF7: =IF(IO7=1,1,0) -> 0 | JG7: =JF7+JG6 -> 0 | JH7: =IF(IO7=2,1,0) -> 0 | JI7: =JH7+JI6 -> 2 | JJ7: =IF(IO7>=3,1,0) -> 1 | JK7: =JJ7+JK6 -> 3 | JM7: =IF($E7=4,IM7-4,NA()) -> 5 | JO7: =IM7-'Zusammenfassung Tag1-4'!$J$2/18 -> 6.6666667 | JP7: =JO7+JP6 -> 23.333333 | JT7: =JS7+JT6 -> 0 | JU7: =IF(JQ7-JS7<=$E7-2,1,0) -> 1 | JV7: =JU7+JV6 -> 5 | JW7: =IF(JU7=0,IF(JQ7=$E7,1,0),0) -> 0 | JX7: =JW7+JX6 -> 0 | JZ7: =IF($E7-JQ7=1,1,0) -> 0 | KA7: =JZ7+KA6 -> 0 | KB7: =IF(JQ7=$E7,1,0) -> 0 | KC7: =KB7+KC6 -> 0 | KD7: =IF(JQ7-$E7=1,1,0) -> 0 | KE7: =KD7+KE6 -> 0 | KF7: =IF(JQ7-$E7>=2,1,0) -> 0 | KG7: =KF7+KG6 -> 0 | KH7: =IF(JS7=0,1,0) -> 1 | KI7: =KH7+KI6 -> 5 | KJ7: =IF(JS7=1,1,0) -> 0 | KK7: =KJ7+KK6 -> 0 | KL7: =IF(JS7=2,1,0) -> 0 | KM7: =KL7+KM6 -> 0 | KN7: =IF(JS7>=3,1,0) -> 0 | KO7: =KN7+KO6 -> 0 | KQ7: =IF($E7=4,JQ7-4,NA()) -> -4 | KS7: =JQ7-'Zusammenfassung Tag1-4'!#REF!/18 -> #REF! | KT7: =KS7+KT6 -> #REF!
C8: 6 | D8: =D7+1 -> 6 | E8: 4 | F8: =E8+F7 -> 24 | G8: 4 | H8: =G8+H7 -> 28 | I8: 1 | J8: =I8+J7 -> 11 | K8: =IF(G8-I8<=$E8-2,1,0) -> 0 | L8: =K8+L7 -> 1 | M8: =IF(K8=0,IF(G8=$E8,1,0),0) -> 1 | N8: =M8+N7 -> 1 | P8: =IF($E8-G8=1,1,0) -> 0 | Q8: =P8+Q7 -> 0 | R8: =IF(G8=$E8,1,0) -> 1 | S8: =R8+S7 -> 2 | T8: =IF(G8-$E8=1,1,0) -> 0 | U8: =T8+U7 -> 4 | V8: =IF(G8-$E8>=2,1,0) -> 0 | W8: =V8+W7 -> 0 | X8: =IF(I8=0,1,0) -> 0 | Y8: =X8+Y7 -> 0 | Z8: =IF(I8=1,1,0) -> 1 | AA8: =Z8+AA7 -> 1 | AB8: =IF(I8=2,1,0) -> 0 | AC8: =AB8+AC7 -> 5 | AD8: =IF(I8>=3,1,0) -> 0 | AE8: =AD8+AE7 -> 0 | AG8: =IF($E8=4,G8-4,NA()) -> 0 | AI8: =G8-'Zusammenfassung Tag1-4'!$B$2/18 -> 3.1666667 | AJ8: =AI8+AJ7 -> 23 | AK8: 9 | AL8: =AK8+AL7 -> 31 | AM8: 2 | AN8: =AM8+AN7 -> 12 | AO8: =IF(AK8-AM8<=$E8-2,1,0) -> 0 | AP8: =AO8+AP7 -> 3 | AQ8: =IF(AO8=0,IF(AK8=$E8,1,0),0) -> 0 | AR8: =AQ8+AR7 -> 1 | AT8: =IF($E8-AK8=1,1,0) -> 0 | AU8: =AT8+AU7 -> 0 | AV8: =IF(AK8=$E8,1,0) -> 0 | AW8: =AV8+AW7 -> 3 | AX8: =IF(AK8-$E8=1,1,0) -> 0 | AY8: =AX8+AY7 -> 2 | AZ8: =IF(AK8-$E8>=2,1,0) -> 1 | BA8: =AZ8+BA7 -> 1 | BB8: =IF(AM8=0,1,0) -> 0 | BC8: =BB8+BC7 -> 0 | BD8: =IF(AM8=1,1,0) -> 0 | BE8: =BD8+BE7 -> 1 | BF8: =IF(AM8=2,1,0) -> 1 | BG8: =BF8+BG7 -> 4 | BH8: =IF(AM8>=3,1,0) -> 0 | BI8: =BH8+BI7 -> 1 | BK8: =IF($E8=4,AK8-4,NA()) -> 5 | BM8: =AK8-'Zusammenfassung Tag1-4'!$C$2/18 -> 8.4444444 | BN8: =BM8+BN7 -> 27.666667 | BO8: 5 | BP8: =BO8+BP7 -> 35 | BQ8: 2 | BR8: =BQ8+BR7 -> 14 | BS8: =IF(BO8-BQ8<=$E8-2,1,0) -> 0 | BT8: =BS8+BT7 -> 2 | BU8: =IF(BS8=0,IF(BO8=$E8,1,0),0) -> 0 | BV8: =BU8+BV7 -> 0 | BX8: =IF($E8-BO8=1,1,0) -> 0 | BY8: =BX8+BY7 -> 0 | BZ8: =IF(BO8=$E8,1,0) -> 0 | CA8: =BZ8+CA7 -> 1 | CB8: =IF(BO8-$E8=1,1,0) -> 1 | CC8: =CB8+CC7 -> 2 | CD8: =IF(BO8-$E8>=2,1,0) -> 0 | CE8: =CD8+CE7 -> 3 | CF8: =IF(BQ8=0,1,0) -> 0 | CG8: =CF8+CG7 -> 0 | CH8: =IF(BQ8=1,1,0) -> 0 | CI8: =CH8+CI7 -> 0 | CJ8: =IF(BQ8=2,1,0) -> 1 | CK8: =CJ8+CK7 -> 4 | CL8: =IF(BQ8>=3,1,0) -> 0 | CM8: =CL8+CM7 -> 2 | CO8: =IF($E8=4,BO8-4,NA()) -> 1 | CQ8: =BO8-'Zusammenfassung Tag1-4'!$D$2/18 -> 3.9444444 | CR8: =CQ8+CR7 -> 28.666667 | CS8: 5 | CT8: =CS8+CT7 -> 31 | CU8: 3 | CV8: =CU8+CV7 -> 16 | CW8: =IF(CS8-CU8<=$E8-2,1,0) -> 1 | CX8: =CW8+CX7 -> 4 | CY8: =IF(CW8=0,IF(CS8=$E8,1,0),0) -> 0 | CZ8: =CY8+CZ7 -> 0 | DB8: =IF($E8-CS8=1,1,0) -> 0 | DC8: =DB8+DC7 -> 0 | DD8: =IF(CS8=$E8,1,0) -> 0 | DE8: =DD8+DE7 -> 1 | DF8: =IF(CS8-$E8=1,1,0) -> 1 | DG8: =DF8+DG7 -> 3 | DH8: =IF(CS8-$E8>=2,1,0) -> 0 | DI8: =DH8+DI7 -> 2 | DJ8: =IF(CU8=0,1,0) -> 0 | DK8: =DJ8+DK7 -> 0 | DL8: =IF(CU8=1,1,0) -> 0 | DM8: =DL8+DM7 -> 0 | DN8: =IF(CU8=2,1,0) -> 0 | DO8: =DN8+DO7 -> 2 | DP8: =IF(CU8>=3,1,0) -> 1 | DQ8: =DP8+DQ7 -> 4 | DS8: =IF($E8=4,CS8-4,NA()) -> 1 | DU8: =CS8-'Zusammenfassung Tag1-4'!$E$2/18 -> 4 | DV8: =DU8+DV7 -> 25 | DW8: 9 | DX8: 112 | DY8: 2 | DZ8: =DY8+DZ7 -> 15 | EA8: =IF(DW8-DY8<=$E8-2,1,0) -> 0 | EB8: =EA8+EB7 -> 0 | EC8: =IF(EA8=0,IF(DW8=$E8,1,0),0) -> 0 | ED8: =EC8+ED7 -> 0 | EF8: =IF($E8-DW8=1,1,0) -> 0 | EG8: =EF8+EG7 -> 0 | EH8: =IF(DW8=$E8,1,0) -> 0 | EI8: =EH8+EI7 -> 0 | EJ8: =IF(DW8-$E8=1,1,0) -> 0 | EK8: =EJ8+EK7 -> 0 | EL8: =IF(DW8-$E8>=2,1,0) -> 1 | EM8: =EL8+EM7 -> 6 | EN8: =IF(DY8=0,1,0) -> 0 | EO8: =EN8+EO7 -> 0 | EP8: =IF(DY8=1,1,0) -> 0 | EQ8: =EP8+EQ7 -> 0 | ER8: =IF(DY8=2,1,0) -> 1 | ES8: =ER8+ES7 -> 3 | ET8: =IF(DY8>=3,1,0) -> 0 | EU8: =ET8+EU7 -> 3 | EW8: =IF($E8=4,DW8-4,NA()) -> 5 | EY8: =DW8-'Zusammenfassung Tag1-4'!$F$2/18 -> 6.5 | EZ8: =EY8+EZ7 -> 29 | FA8: 6 | FB8: 34 | FC8: 2 | FD8: =FC8+FD7 -> 13 | FE8: =IF(FA8-FC8<=$E8-2,1,0) -> 0 | FF8: =FE8+FF7 -> 0 | FG8: =IF(FE8=0,IF(FA8=$E8,1,0),0) -> 0 | FH8: =FG8+FH7 -> 0 | FJ8: =IF($E8-FA8=1,1,0) -> 0 | FK8: =FJ8+FK7 -> 0 | FL8: =IF(FA8=$E8,1,0) -> 0 | FM8: =FL8+FM7 -> 0 | FN8: =IF(FA8-$E8=1,1,0) -> 0 | FO8: =FN8+FO7 -> 2 | FP8: =IF(FA8-$E8>=2,1,0) -> 1 | FQ8: =FP8+FQ7 -> 4 | FR8: =IF(FC8=0,1,0) -> 0 | FS8: =FR8+FS7 -> 0 | FT8: =IF(FC8=1,1,0) -> 0 | FU8: =FT8+FU7 -> 0 | FV8: =IF(FC8=2,1,0) -> 1 | FW8: =FV8+FW7 -> 5 | FX8: =IF(FC8>=3,1,0) -> 0 | FY8: =FX8+FY7 -> 1 | GA8: =IF($E8=4,FA8-4,NA()) -> 2 | GC8: =FA8-'Zusammenfassung Tag1-4'!$G$2/18 -> 4.7222222 | GD8: =GC8+GD7 -> 28.333333 | GE8: 7 | GF8: 45 | GG8: 1 | GH8: =GG8+GH7 -> 12 | GI8: =IF(GE8-GG8<=$E8-2,1,0) -> 0 | GJ8: =GI8+GJ7 -> 0 | GK8: =IF(GI8=0,IF(GE8=$E8,1,0),0) -> 0 | GL8: =GK8+GL7 -> 0 | GN8: =IF($E8-GE8=1,1,0) -> 0 | GO8: =GN8+GO7 -> 0 | GP8: =IF(GE8=$E8,1,0) -> 0 | GQ8: =GP8+GQ7 -> 0 | GR8: =IF(GE8-$E8=1,1,0) -> 0 | GS8: =GR8+GS7 -> 1 | GT8: =IF(GE8-$E8>=2,1,0) -> 1 | GU8: =GT8+GU7 -> 5 | GV8: =IF(GG8=0,1,0) -> 0 | GW8: =GV8+GW7 -> 0 | GX8: =IF(GG8=1,1,0) -> 1 | GY8: =GX8+GY7 -> 1 | GZ8: =IF(GG8=2,1,0) -> 0 | HA8: =GZ8+HA7 -> 4 | HB8: =IF(GG8>=3,1,0) -> 0 | HC8: =HB8+HC7 -> 1 | HE8: =IF($E8=4,GE8-4,NA()) -> 3 | HG8: =GE8-'Zusammenfassung Tag1-4'!$H$2/18 -> 5.2222222 | HH8: =HG8+HH7 -> 32.333333 | HI8: 6 | HJ8: 30 | HK8: 2 | HL8: =HK8+HL7 -> 11 | HM8: =IF(HI8-HK8<=$E8-2,1,0) -> 0 | HN8: =HM8+HN7 -> 0 | HO8: =IF(HM8=0,IF(HI8=$E8,1,0),0) -> 0 | HP8: =HO8+HP7 -> 1 | HR8: =IF($E8-HI8=1,1,0) -> 0 | HS8: =HR8+HS7 -> 0 | HT8: =IF(HI8=$E8,1,0) -> 0 | HU8: =HT8+HU7 -> 1 | HV8: =IF(HI8-$E8=1,1,0) -> 0 | HW8: =HV8+HW7 -> 0 | HX8: =IF(HI8-$E8>=2,1,0) -> 1 | HY8: =HX8+HY7 -> 5 | HZ8: =IF(HK8=0,1,0) -> 0 | IA8: =HZ8+IA7 -> 0 | IB8: =IF(HK8=1,1,0) -> 0 | IC8: =IB8+IC7 -> 1 | ID8: =IF(HK8=2,1,0) -> 1 | IE8: =ID8+IE7 -> 5 | IF8: =IF(HK8>=3,1,0) -> 0 | IG8: =IF8+IG7 -> 0 | II8: =IF($E8=4,HI8-4,NA()) -> 2 | IK8: =HI8-'Zusammenfassung Tag1-4'!$I$2/18 -> 5.1111111 | IL8: =IK8+IL7 -> 30.666667 | IM8: 7 | IN8: 182 | IO8: 4 | IP8: =IO8+IP7 -> 19 | IQ8: =IF(IM8-IO8<=$E8-2,1,0) -> 0 | IR8: =IQ8+IR7 -> 2 | IS8: =IF(IQ8=0,IF(IM8=$E8,1,0),0) -> 0 | IT8: =IS8+IT7 -> 0 | IV8: =IF($E8-IM8=1,1,0) -> 0 | IW8: =IV8+IW7 -> 0 | IX8: =IF(IM8=$E8,1,0) -> 0 | IY8: =IX8+IY7 -> 1 | IZ8: =IF(IM8-$E8=1,1,0) -> 0 | JA8: =IZ8+JA7 -> 0 | JB8: =IF(IM8-$E8>=2,1,0) -> 1 | JC8: =JB8+JC7 -> 5 | JD8: =IF(IO8=0,1,0) -> 0 | JE8: =JD8+JE7 -> 0 | JF8: =IF(IO8=1,1,0) -> 0 | JG8: =JF8+JG7 -> 0 | JH8: =IF(IO8=2,1,0) -> 0 | JI8: =JH8+JI7 -> 2 | JJ8: =IF(IO8>=3,1,0) -> 1 | JK8: =JJ8+JK7 -> 4 | JM8: =IF($E8=4,IM8-4,NA()) -> 3 | JO8: =IM8-'Zusammenfassung Tag1-4'!$J$2/18 -> 4.6666667 | JP8: =JO8+JP7 -> 28 | JT8: =JS8+JT7 -> 0 | JU8: =IF(JQ8-JS8<=$E8-2,1,0) -> 1 | JV8: =JU8+JV7 -> 6 | JW8: =IF(JU8=0,IF(JQ8=$E8,1,0),0) -> 0 | JX8: =JW8+JX7 -> 0 | JZ8: =IF($E8-JQ8=1,1,0) -> 0 | KA8: =JZ8+KA7 -> 0 | KB8: =IF(JQ8=$E8,1,0) -> 0 | KC8: =KB8+KC7 -> 0 | KD8: =IF(JQ8-$E8=1,1,0) -> 0 | KE8: =KD8+KE7 -> 0 | KF8: =IF(JQ8-$E8>=2,1,0) -> 0 | KG8: =KF8+KG7 -> 0 | KH8: =IF(JS8=0,1,0) -> 1 | KI8: =KH8+KI7 -> 6 | KJ8: =IF(JS8=1,1,0) -> 0 | KK8: =KJ8+KK7 -> 0 | KL8: =IF(JS8=2,1,0) -> 0 | KM8: =KL8+KM7 -> 0 | KN8: =IF(JS8>=3,1,0) -> 0 | KO8: =KN8+KO7 -> 0 | KQ8: =IF($E8=4,JQ8-4,NA()) -> -4 | KS8: =JQ8-'Zusammenfassung Tag1-4'!#REF!/18 -> #REF! | KT8: =KS8+KT7 -> #REF!
C9: 7 | D9: =D8+1 -> 7 | E9: 5 | F9: =E9+F8 -> 29 | G9: 6 | H9: =G9+H8 -> 34 | I9: 2 | J9: =I9+J8 -> 13 | K9: =IF(G9-I9<=$E9-2,1,0) -> 0 | L9: =K9+L8 -> 1 | M9: =IF(K9=0,IF(G9=$E9,1,0),0) -> 0 | N9: =M9+N8 -> 1 | P9: =IF($E9-G9=1,1,0) -> 0 | Q9: =P9+Q8 -> 0 | R9: =IF(G9=$E9,1,0) -> 0 | S9: =R9+S8 -> 2 | T9: =IF(G9-$E9=1,1,0) -> 1 | U9: =T9+U8 -> 5 | V9: =IF(G9-$E9>=2,1,0) -> 0 | W9: =V9+W8 -> 0 | X9: =IF(I9=0,1,0) -> 0 | Y9: =X9+Y8 -> 0 | Z9: =IF(I9=1,1,0) -> 0 | AA9: =Z9+AA8 -> 1 | AB9: =IF(I9=2,1,0) -> 1 | AC9: =AB9+AC8 -> 6 | AD9: =IF(I9>=3,1,0) -> 0 | AE9: =AD9+AE8 -> 0 | AH9: =IF($E9=5,G9-5,NA()) -> 1 | AI9: =G9-'Zusammenfassung Tag1-4'!$B$2/18 -> 5.1666667 | AJ9: =AI9+AJ8 -> 28.166667 | AK9: 8 | AL9: =AK9+AL8 -> 39 | AM9: 2 | AN9: =AM9+AN8 -> 14 | AO9: =IF(AK9-AM9<=$E9-2,1,0) -> 0 | AP9: =AO9+AP8 -> 3 | AQ9: =IF(AO9=0,IF(AK9=$E9,1,0),0) -> 0 | AR9: =AQ9+AR8 -> 1 | AT9: =IF($E9-AK9=1,1,0) -> 0 | AU9: =AT9+AU8 -> 0 | AV9: =IF(AK9=$E9,1,0) -> 0 | AW9: =AV9+AW8 -> 3 | AX9: =IF(AK9-$E9=1,1,0) -> 0 | AY9: =AX9+AY8 -> 2 | AZ9: =IF(AK9-$E9>=2,1,0) -> 1 | BA9: =AZ9+BA8 -> 2 | BB9: =IF(AM9=0,1,0) -> 0 | BC9: =BB9+BC8 -> 0 | BD9: =IF(AM9=1,1,0) -> 0 | BE9: =BD9+BE8 -> 1 | BF9: =IF(AM9=2,1,0) -> 1 | BG9: =BF9+BG8 -> 5 | BH9: =IF(AM9>=3,1,0) -> 0 | BI9: =BH9+BI8 -> 1 | BL9: =IF($E9=5,AK9-5,NA()) -> 3 | BM9: =AK9-'Zusammenfassung Tag1-4'!$C$2/18 -> 7.4444444 | BN9: =BM9+BN8 -> 35.111111 | BO9: 6 | BP9: =BO9+BP8 -> 41 | BQ9: 2 | BR9: =BQ9+BR8 -> 16 | BS9: =IF(BO9-BQ9<=$E9-2,1,0) -> 0 | BT9: =BS9+BT8 -> 2 | BU9: =IF(BS9=0,IF(BO9=$E9,1,0),0) -> 0 | BV9: =BU9+BV8 -> 0 | BX9: =IF($E9-BO9=1,1,0) -> 0 | BY9: =BX9+BY8 -> 0 | BZ9: =IF(BO9=$E9,1,0) -> 0 | CA9: =BZ9+CA8 -> 1 | CB9: =IF(BO9-$E9=1,1,0) -> 1 | CC9: =CB9+CC8 -> 3 | CD9: =IF(BO9-$E9>=2,1,0) -> 0 | CE9: =CD9+CE8 -> 3 | CF9: =IF(BQ9=0,1,0) -> 0 | CG9: =CF9+CG8 -> 0 | CH9: =IF(BQ9=1,1,0) -> 0 | CI9: =CH9+CI8 -> 0 | CJ9: =IF(BQ9=2,1,0) -> 1 | CK9: =CJ9+CK8 -> 5 | CL9: =IF(BQ9>=3,1,0) -> 0 | CM9: =CL9+CM8 -> 2 | CP9: =IF($E9=5,BO9-5,NA()) -> 1 | CQ9: =BO9-'Zusammenfassung Tag1-4'!$D$2/18 -> 4.9444444 | CR9: =CQ9+CR8 -> 33.611111 | CS9: 8 | CT9: =CS9+CT8 -> 39 | CU9: 2 | CV9: =CU9+CV8 -> 18 | CW9: =IF(CS9-CU9<=$E9-2,1,0) -> 0 | CX9: =CW9+CX8 -> 4 | CY9: =IF(CW9=0,IF(CS9=$E9,1,0),0) -> 0 | CZ9: =CY9+CZ8 -> 0 | DB9: =IF($E9-CS9=1,1,0) -> 0 | DC9: =DB9+DC8 -> 0 | DD9: =IF(CS9=$E9,1,0) -> 0 | DE9: =DD9+DE8 -> 1 | DF9: =IF(CS9-$E9=1,1,0) -> 0 | DG9: =DF9+DG8 -> 3 | DH9: =IF(CS9-$E9>=2,1,0) -> 1 | DI9: =DH9+DI8 -> 3 | DJ9: =IF(CU9=0,1,0) -> 0 | DK9: =DJ9+DK8 -> 0 | DL9: =IF(CU9=1,1,0) -> 0 | DM9: =DL9+DM8 -> 0 | DN9: =IF(CU9=2,1,0) -> 1 | DO9: =DN9+DO8 -> 3 | DP9: =IF(CU9>=3,1,0) -> 0 | DQ9: =DP9+DQ8 -> 4 | DT9: =IF($E9=5,CS9-5,NA()) -> 3 | DU9: =CS9-'Zusammenfassung Tag1-4'!$E$2/18 -> 7 | DV9: =DU9+DV8 -> 32 | DW9: 10 | DX9: 118 | DY9: 3 | DZ9: =DY9+DZ8 -> 18 | EA9: =IF(DW9-DY9<=$E9-2,1,0) -> 0 | EB9: =EA9+EB8 -> 0 | EC9: =IF(EA9=0,IF(DW9=$E9,1,0),0) -> 0 | ED9: =EC9+ED8 -> 0 | EF9: =IF($E9-DW9=1,1,0) -> 0 | EG9: =EF9+EG8 -> 0 | EH9: =IF(DW9=$E9,1,0) -> 0 | EI9: =EH9+EI8 -> 0 | EJ9: =IF(DW9-$E9=1,1,0) -> 0 | EK9: =EJ9+EK8 -> 0 | EL9: =IF(DW9-$E9>=2,1,0) -> 1 | EM9: =EL9+EM8 -> 7 | EN9: =IF(DY9=0,1,0) -> 0 | EO9: =EN9+EO8 -> 0 | EP9: =IF(DY9=1,1,0) -> 0 | EQ9: =EP9+EQ8 -> 0 | ER9: =IF(DY9=2,1,0) -> 0 | ES9: =ER9+ES8 -> 3 | ET9: =IF(DY9>=3,1,0) -> 1 | EU9: =ET9+EU8 -> 4 | EX9: =IF($E9=5,DW9-5,NA()) -> 5 | EY9: =DW9-'Zusammenfassung Tag1-4'!$F$2/18 -> 7.5 | EZ9: =EY9+EZ8 -> 36.5 | FA9: 8 | FB9: 41 | FC9: 1 | FD9: =FC9+FD8 -> 14 | FE9: =IF(FA9-FC9<=$E9-2,1,0) -> 0 | FF9: =FE9+FF8 -> 0 | FG9: =IF(FE9=0,IF(FA9=$E9,1,0),0) -> 0 | FH9: =FG9+FH8 -> 0 | FJ9: =IF($E9-FA9=1,1,0) -> 0 | FK9: =FJ9+FK8 -> 0 | FL9: =IF(FA9=$E9,1,0) -> 0 | FM9: =FL9+FM8 -> 0 | FN9: =IF(FA9-$E9=1,1,0) -> 0 | FO9: =FN9+FO8 -> 2 | FP9: =IF(FA9-$E9>=2,1,0) -> 1 | FQ9: =FP9+FQ8 -> 5 | FR9: =IF(FC9=0,1,0) -> 0 | FS9: =FR9+FS8 -> 0 | FT9: =IF(FC9=1,1,0) -> 1 | FU9: =FT9+FU8 -> 1 | FV9: =IF(FC9=2,1,0) -> 0 | FW9: =FV9+FW8 -> 5 | FX9: =IF(FC9>=3,1,0) -> 0 | FY9: =FX9+FY8 -> 1 | GB9: =IF($E9=5,FA9-5,NA()) -> 3 | GC9: =FA9-'Zusammenfassung Tag1-4'!$G$2/18 -> 6.7222222 | GD9: =GC9+GD8 -> 35.055556 | GE9: 10 | GF9: 55 | GG9: 2 | GH9: =GG9+GH8 -> 14 | GI9: =IF(GE9-GG9<=$E9-2,1,0) -> 0 | GJ9: =GI9+GJ8 -> 0 | GK9: =IF(GI9=0,IF(GE9=$E9,1,0),0) -> 0 | GL9: =GK9+GL8 -> 0 | GN9: =IF($E9-GE9=1,1,0) -> 0 | GO9: =GN9+GO8 -> 0 | GP9: =IF(GE9=$E9,1,0) -> 0 | GQ9: =GP9+GQ8 -> 0 | GR9: =IF(GE9-$E9=1,1,0) -> 0 | GS9: =GR9+GS8 -> 1 | GT9: =IF(GE9-$E9>=2,1,0) -> 1 | GU9: =GT9+GU8 -> 6 | GV9: =IF(GG9=0,1,0) -> 0 | GW9: =GV9+GW8 -> 0 | GX9: =IF(GG9=1,1,0) -> 0 | GY9: =GX9+GY8 -> 1 | GZ9: =IF(GG9=2,1,0) -> 1 | HA9: =GZ9+HA8 -> 5 | HB9: =IF(GG9>=3,1,0) -> 0 | HC9: =HB9+HC8 -> 1 | HF9: =IF($E9=5,GE9-5,NA()) -> 5 | HG9: =GE9-'Zusammenfassung Tag1-4'!$H$2/18 -> 8.2222222 | HH9: =HG9+HH8 -> 40.555556 | HI9: 7 | HJ9: 36 | HK9: 1 | HL9: =HK9+HL8 -> 12 | HM9: =IF(HI9-HK9<=$E9-2,1,0) -> 0 | HN9: =HM9+HN8 -> 0 | HO9: =IF(HM9=0,IF(HI9=$E9,1,0),0) -> 0 | HP9: =HO9+HP8 -> 1 | HR9: =IF($E9-HI9=1,1,0) -> 0 | HS9: =HR9+HS8 -> 0 | HT9: =IF(HI9=$E9,1,0) -> 0 | HU9: =HT9+HU8 -> 1 | HV9: =IF(HI9-$E9=1,1,0) -> 0 | HW9: =HV9+HW8 -> 0 | HX9: =IF(HI9-$E9>=2,1,0) -> 1 | HY9: =HX9+HY8 -> 6 | HZ9: =IF(HK9=0,1,0) -> 0 | IA9: =HZ9+IA8 -> 0 | IB9: =IF(HK9=1,1,0) -> 1 | IC9: =IB9+IC8 -> 2 | ID9: =IF(HK9=2,1,0) -> 0 | IE9: =ID9+IE8 -> 5 | IF9: =IF(HK9>=3,1,0) -> 0 | IG9: =IF9+IG8 -> 0 | IJ9: =IF($E9=5,HI9-5,NA()) -> 2 | IK9: =HI9-'Zusammenfassung Tag1-4'!$I$2/18 -> 6.1111111 | IL9: =IK9+IL8 -> 36.777778 | IM9: 9 | IN9: 189 | IO9: 2 | IP9: =IO9+IP8 -> 21 | IQ9: =IF(IM9-IO9<=$E9-2,1,0) -> 0 | IR9: =IQ9+IR8 -> 2 | IS9: =IF(IQ9=0,IF(IM9=$E9,1,0),0) -> 0 | IT9: =IS9+IT8 -> 0 | IV9: =IF($E9-IM9=1,1,0) -> 0 | IW9: =IV9+IW8 -> 0 | IX9: =IF(IM9=$E9,1,0) -> 0 | IY9: =IX9+IY8 -> 1 | IZ9: =IF(IM9-$E9=1,1,0) -> 0 | JA9: =IZ9+JA8 -> 0 | JB9: =IF(IM9-$E9>=2,1,0) -> 1 | JC9: =JB9+JC8 -> 6 | JD9: =IF(IO9=0,1,0) -> 0 | JE9: =JD9+JE8 -> 0 | JF9: =IF(IO9=1,1,0) -> 0 | JG9: =JF9+JG8 -> 0 | JH9: =IF(IO9=2,1,0) -> 1 | JI9: =JH9+JI8 -> 3 | JJ9: =IF(IO9>=3,1,0) -> 0 | JK9: =JJ9+JK8 -> 4 | JN9: =IF($E9=5,IM9-5,NA()) -> 4 | JO9: =IM9-'Zusammenfassung Tag1-4'!$J$2/18 -> 6.6666667 | JP9: =JO9+JP8 -> 34.666667 | JT9: =JS9+JT8 -> 0 | JU9: =IF(JQ9-JS9<=$E9-2,1,0) -> 1 | JV9: =JU9+JV8 -> 7 | JW9: =IF(JU9=0,IF(JQ9=$E9,1,0),0) -> 0 | JX9: =JW9+JX8 -> 0 | JZ9: =IF($E9-JQ9=1,1,0) -> 0 | KA9: =JZ9+KA8 -> 0 | KB9: =IF(JQ9=$E9,1,0) -> 0 | KC9: =KB9+KC8 -> 0 | KD9: =IF(JQ9-$E9=1,1,0) -> 0 | KE9: =KD9+KE8 -> 0 | KF9: =IF(JQ9-$E9>=2,1,0) -> 0 | KG9: =KF9+KG8 -> 0 | KH9: =IF(JS9=0,1,0) -> 1 | KI9: =KH9+KI8 -> 7 | KJ9: =IF(JS9=1,1,0) -> 0 | KK9: =KJ9+KK8 -> 0 | KL9: =IF(JS9=2,1,0) -> 0 | KM9: =KL9+KM8 -> 0 | KN9: =IF(JS9>=3,1,0) -> 0 | KO9: =KN9+KO8 -> 0 | KR9: =IF($E9=5,JQ9-5,NA()) -> -5 | KS9: =JQ9-'Zusammenfassung Tag1-4'!#REF!/18 -> #REF! | KT9: =KS9+KT8 -> #REF!
C10: 8 | D10: =D9+1 -> 8 | E10: 3 | F10: =E10+F9 -> 32 | G10: 3 | H10: =G10+H9 -> 37 | I10: 2 | J10: =I10+J9 -> 15 | K10: =IF(G10-I10<=$E10-2,1,0) -> 1 | L10: =K10+L9 -> 2 | M10: =IF(K10=0,IF(G10=$E10,1,0),0) -> 0 | N10: =M10+N9 -> 1 | P10: =IF($E10-G10=1,1,0) -> 0 | Q10: =P10+Q9 -> 0 | R10: =IF(G10=$E10,1,0) -> 1 | S10: =R10+S9 -> 3 | T10: =IF(G10-$E10=1,1,0) -> 0 | U10: =T10+U9 -> 5 | V10: =IF(G10-$E10>=2,1,0) -> 0 | W10: =V10+W9 -> 0 | X10: =IF(I10=0,1,0) -> 0 | Y10: =X10+Y9 -> 0 | Z10: =IF(I10=1,1,0) -> 0 | AA10: =Z10+AA9 -> 1 | AB10: =IF(I10=2,1,0) -> 1 | AC10: =AB10+AC9 -> 7 | AD10: =IF(I10>=3,1,0) -> 0 | AE10: =AD10+AE9 -> 0 | AF10: =IF($E10=3,G10-3,NA()) -> 0 | AI10: =G10-'Zusammenfassung Tag1-4'!$B$2/18 -> 2.1666667 | AJ10: =AI10+AJ9 -> 30.333333 | AK10: 3 | AL10: =AK10+AL9 -> 42 | AM10: 2 | AN10: =AM10+AN9 -> 16 | AO10: =IF(AK10-AM10<=$E10-2,1,0) -> 1 | AP10: =AO10+AP9 -> 4 | AQ10: =IF(AO10=0,IF(AK10=$E10,1,0),0) -> 0 | AR10: =AQ10+AR9 -> 1 | AT10: =IF($E10-AK10=1,1,0) -> 0 | AU10: =AT10+AU9 -> 0 | AV10: =IF(AK10=$E10,1,0) -> 1 | AW10: =AV10+AW9 -> 4 | AX10: =IF(AK10-$E10=1,1,0) -> 0 | AY10: =AX10+AY9 -> 2 | AZ10: =IF(AK10-$E10>=2,1,0) -> 0 | BA10: =AZ10+BA9 -> 2 | BB10: =IF(AM10=0,1,0) -> 0 | BC10: =BB10+BC9 -> 0 | BD10: =IF(AM10=1,1,0) -> 0 | BE10: =BD10+BE9 -> 1 | BF10: =IF(AM10=2,1,0) -> 1 | BG10: =BF10+BG9 -> 6 | BH10: =IF(AM10>=3,1,0) -> 0 | BI10: =BH10+BI9 -> 1 | BJ10: =IF($E10=3,AK10-3,NA()) -> 0 | BM10: =AK10-'Zusammenfassung Tag1-4'!$C$2/18 -> 2.4444444 | BN10: =BM10+BN9 -> 37.555556 | BO10: 4 | BP10: =BO10+BP9 -> 45 | BQ10: 3 | BR10: =BQ10+BR9 -> 19 | BS10: =IF(BO10-BQ10<=$E10-2,1,0) -> 1 | BT10: =BS10+BT9 -> 3 | BU10: =IF(BS10=0,IF(BO10=$E10,1,0),0) -> 0 | BV10: =BU10+BV9 -> 0 | BX10: =IF($E10-BO10=1,1,0) -> 0 | BY10: =BX10+BY9 -> 0 | BZ10: =IF(BO10=$E10,1,0) -> 0 | CA10: =BZ10+CA9 -> 1 | CB10: =IF(BO10-$E10=1,1,0) -> 1 | CC10: =CB10+CC9 -> 4 | CD10: =IF(BO10-$E10>=2,1,0) -> 0 | CE10: =CD10+CE9 -> 3 | CF10: =IF(BQ10=0,1,0) -> 0 | CG10: =CF10+CG9 -> 0 | CH10: =IF(BQ10=1,1,0) -> 0 | CI10: =CH10+CI9 -> 0 | CJ10: =IF(BQ10=2,1,0) -> 0 | CK10: =CJ10+CK9 -> 5 | CL10: =IF(BQ10>=3,1,0) -> 1 | CM10: =CL10+CM9 -> 3 | CN10: =IF($E10=3,BO10-3,NA()) -> 1 | CQ10: =BO10-'Zusammenfassung Tag1-4'!$D$2/18 -> 2.9444444 | CR10: =CQ10+CR9 -> 36.555556 | CS10: 4 | CT10: =CS10+CT9 -> 43 | CU10: 2 | CV10: =CU10+CV9 -> 20 | CW10: =IF(CS10-CU10<=$E10-2,1,0) -> 0 | CX10: =CW10+CX9 -> 4 | CY10: =IF(CW10=0,IF(CS10=$E10,1,0),0) -> 0 | CZ10: =CY10+CZ9 -> 0 | DB10: =IF($E10-CS10=1,1,0) -> 0 | DC10: =DB10+DC9 -> 0 | DD10: =IF(CS10=$E10,1,0) -> 0 | DE10: =DD10+DE9 -> 1 | DF10: =IF(CS10-$E10=1,1,0) -> 1 | DG10: =DF10+DG9 -> 4 | DH10: =IF(CS10-$E10>=2,1,0) -> 0 | DI10: =DH10+DI9 -> 3 | DJ10: =IF(CU10=0,1,0) -> 0 | DK10: =DJ10+DK9 -> 0 | DL10: =IF(CU10=1,1,0) -> 0 | DM10: =DL10+DM9 -> 0 | DN10: =IF(CU10=2,1,0) -> 1 | DO10: =DN10+DO9 -> 4 | DP10: =IF(CU10>=3,1,0) -> 0 | DQ10: =DP10+DQ9 -> 4 | DR10: =IF($E10=3,CS10-3,NA()) -> 1 | DU10: =CS10-'Zusammenfassung Tag1-4'!$E$2/18 -> 3 | DV10: =DU10+DV9 -> 35 | DW10: 6 | DX10: 121 | DY10: 2 | DZ10: =DY10+DZ9 -> 20 | EA10: =IF(DW10-DY10<=$E10-2,1,0) -> 0 | EB10: =EA10+EB9 -> 0 | EC10: =IF(EA10=0,IF(DW10=$E10,1,0),0) -> 0 | ED10: =EC10+ED9 -> 0 | EF10: =IF($E10-DW10=1,1,0) -> 0 | EG10: =EF10+EG9 -> 0 | EH10: =IF(DW10=$E10,1,0) -> 0 | EI10: =EH10+EI9 -> 0 | EJ10: =IF(DW10-$E10=1,1,0) -> 0 | EK10: =EJ10+EK9 -> 0 | EL10: =IF(DW10-$E10>=2,1,0) -> 1 | EM10: =EL10+EM9 -> 8 | EN10: =IF(DY10=0,1,0) -> 0 | EO10: =EN10+EO9 -> 0 | EP10: =IF(DY10=1,1,0) -> 0 | EQ10: =EP10+EQ9 -> 0 | ER10: =IF(DY10=2,1,0) -> 1 | ES10: =ER10+ES9 -> 4 | ET10: =IF(DY10>=3,1,0) -> 0 | EU10: =ET10+EU9 -> 4 | EV10: =IF($E10=3,DW10-3,NA()) -> 3 | EY10: =DW10-'Zusammenfassung Tag1-4'!$F$2/18 -> 3.5 | EZ10: =EY10+EZ9 -> 40 | FA10: 5 | FB10: 45 | FC10: 3 | FD10: =FC10+FD9 -> 17 | FE10: =IF(FA10-FC10<=$E10-2,1,0) -> 0 | FF10: =FE10+FF9 -> 0 | FG10: =IF(FE10=0,IF(FA10=$E10,1,0),0) -> 0 | FH10: =FG10+FH9 -> 0 | FJ10: =IF($E10-FA10=1,1,0) -> 0 | FK10: =FJ10+FK9 -> 0 | FL10: =IF(FA10=$E10,1,0) -> 0 | FM10: =FL10+FM9 -> 0 | FN10: =IF(FA10-$E10=1,1,0) -> 0 | FO10: =FN10+FO9 -> 2 | FP10: =IF(FA10-$E10>=2,1,0) -> 1 | FQ10: =FP10+FQ9 -> 6 | FR10: =IF(FC10=0,1,0) -> 0 | FS10: =FR10+FS9 -> 0 | FT10: =IF(FC10=1,1,0) -> 0 | FU10: =FT10+FU9 -> 1 | FV10: =IF(FC10=2,1,0) -> 0 | FW10: =FV10+FW9 -> 5 | FX10: =IF(FC10>=3,1,0) -> 1 | FY10: =FX10+FY9 -> 2 | FZ10: =IF($E10=3,FA10-3,NA()) -> 2 | GC10: =FA10-'Zusammenfassung Tag1-4'!$G$2/18 -> 3.7222222 | GD10: =GC10+GD9 -> 38.777778 | GE10: 3 | GF10: 60 | GG10: 2 | GH10: =GG10+GH9 -> 16 | GI10: =IF(GE10-GG10<=$E10-2,1,0) -> 1 | GJ10: =GI10+GJ9 -> 1 | GK10: =IF(GI10=0,IF(GE10=$E10,1,0),0) -> 0 | GL10: =GK10+GL9 -> 0 | GN10: =IF($E10-GE10=1,1,0) -> 0 | GO10: =GN10+GO9 -> 0 | GP10: =IF(GE10=$E10,1,0) -> 1 | GQ10: =GP10+GQ9 -> 1 | GR10: =IF(GE10-$E10=1,1,0) -> 0 | GS10: =GR10+GS9 -> 1 | GT10: =IF(GE10-$E10>=2,1,0) -> 0 | GU10: =GT10+GU9 -> 6 | GV10: =IF(GG10=0,1,0) -> 0 | GW10: =GV10+GW9 -> 0 | GX10: =IF(GG10=1,1,0) -> 0 | GY10: =GX10+GY9 -> 1 | GZ10: =IF(GG10=2,1,0) -> 1 | HA10: =GZ10+HA9 -> 6 | HB10: =IF(GG10>=3,1,0) -> 0 | HC10: =HB10+HC9 -> 1 | HD10: =IF($E10=3,GE10-3,NA()) -> 0 | HG10: =GE10-'Zusammenfassung Tag1-4'!$H$2/18 -> 1.2222222 | HH10: =HG10+HH9 -> 41.777778 | HI10: 5 | HJ10: 40 | HK10: 3 | HL10: =HK10+HL9 -> 15 | HM10: =IF(HI10-HK10<=$E10-2,1,0) -> 0 | HN10: =HM10+HN9 -> 0 | HO10: =IF(HM10=0,IF(HI10=$E10,1,0),0) -> 0 | HP10: =HO10+HP9 -> 1 | HR10: =IF($E10-HI10=1,1,0) -> 0 | HS10: =HR10+HS9 -> 0 | HT10: =IF(HI10=$E10,1,0) -> 0 | HU10: =HT10+HU9 -> 1 | HV10: =IF(HI10-$E10=1,1,0) -> 0 | HW10: =HV10+HW9 -> 0 | HX10: =IF(HI10-$E10>=2,1,0) -> 1 | HY10: =HX10+HY9 -> 7 | HZ10: =IF(HK10=0,1,0) -> 0 | IA10: =HZ10+IA9 -> 0 | IB10: =IF(HK10=1,1,0) -> 0 | IC10: =IB10+IC9 -> 2 | ID10: =IF(HK10=2,1,0) -> 0 | IE10: =ID10+IE9 -> 5 | IF10: =IF(HK10>=3,1,0) -> 1 | IG10: =IF10+IG9 -> 1 | IH10: =IF($E10=3,HI10-3,NA()) -> 2 | IK10: =HI10-'Zusammenfassung Tag1-4'!$I$2/18 -> 4.1111111 | IL10: =IK10+IL9 -> 40.888889 | IM10: 4 | IN10: 194 | IO10: 3 | IP10: =IO10+IP9 -> 24 | IQ10: =IF(IM10-IO10<=$E10-2,1,0) -> 1 | IR10: =IQ10+IR9 -> 3 | IS10: =IF(IQ10=0,IF(IM10=$E10,1,0),0) -> 0 | IT10: =IS10+IT9 -> 0 | IV10: =IF($E10-IM10=1,1,0) -> 0 | IW10: =IV10+IW9 -> 0 | IX10: =IF(IM10=$E10,1,0) -> 0 | IY10: =IX10+IY9 -> 1 | IZ10: =IF(IM10-$E10=1,1,0) -> 1 | JA10: =IZ10+JA9 -> 1 | JB10: =IF(IM10-$E10>=2,1,0) -> 0 | JC10: =JB10+JC9 -> 6 | JD10: =IF(IO10=0,1,0) -> 0 | JE10: =JD10+JE9 -> 0 | JF10: =IF(IO10=1,1,0) -> 0 | JG10: =JF10+JG9 -> 0 | JH10: =IF(IO10=2,1,0) -> 0 | JI10: =JH10+JI9 -> 3 | JJ10: =IF(IO10>=3,1,0) -> 1 | JK10: =JJ10+JK9 -> 5 | JL10: =IF($E10=3,IM10-3,NA()) -> 1 | JO10: =IM10-'Zusammenfassung Tag1-4'!$J$2/18 -> 1.6666667 | JP10: =JO10+JP9 -> 36.333333 | JT10: =JS10+JT9 -> 0 | JU10: =IF(JQ10-JS10<=$E10-2,1,0) -> 1 | JV10: =JU10+JV9 -> 8 | JW10: =IF(JU10=0,IF(JQ10=$E10,1,0),0) -> 0 | JX10: =JW10+JX9 -> 0 | JZ10: =IF($E10-JQ10=1,1,0) -> 0 | KA10: =JZ10+KA9 -> 0 | KB10: =IF(JQ10=$E10,1,0) -> 0 | KC10: =KB10+KC9 -> 0 | KD10: =IF(JQ10-$E10=1,1,0) -> 0 | KE10: =KD10+KE9 -> 0 | KF10: =IF(JQ10-$E10>=2,1,0) -> 0 | KG10: =KF10+KG9 -> 0 | KH10: =IF(JS10=0,1,0) -> 1 | KI10: =KH10+KI9 -> 8 | KJ10: =IF(JS10=1,1,0) -> 0 | KK10: =KJ10+KK9 -> 0 | KL10: =IF(JS10=2,1,0) -> 0 | KM10: =KL10+KM9 -> 0 | KN10: =IF(JS10>=3,1,0) -> 0 | KO10: =KN10+KO9 -> 0 | KP10: =IF($E10=3,JQ10-3,NA()) -> -3 | KS10: =JQ10-'Zusammenfassung Tag1-4'!#REF!/18 -> #REF! | KT10: =KS10+KT9 -> #REF!
C11: 9 | D11: =D10+1 -> 9 | E11: 4 | F11: =E11+F10 -> 36 | G11: 4 | H11: =G11+H10 -> 41 | I11: 1 | J11: =I11+J10 -> 16 | K11: =IF(G11-I11<=$E11-2,1,0) -> 0 | L11: =K11+L10 -> 2 | M11: =IF(K11=0,IF(G11=$E11,1,0),0) -> 1 | N11: =M11+N10 -> 2 | P11: =IF($E11-G11=1,1,0) -> 0 | Q11: =P11+Q10 -> 0 | R11: =IF(G11=$E11,1,0) -> 1 | S11: =R11+S10 -> 4 | T11: =IF(G11-$E11=1,1,0) -> 0 | U11: =T11+U10 -> 5 | V11: =IF(G11-$E11>=2,1,0) -> 0 | W11: =V11+W10 -> 0 | X11: =IF(I11=0,1,0) -> 0 | Y11: =X11+Y10 -> 0 | Z11: =IF(I11=1,1,0) -> 1 | AA11: =Z11+AA10 -> 2 | AB11: =IF(I11=2,1,0) -> 0 | AC11: =AB11+AC10 -> 7 | AD11: =IF(I11>=3,1,0) -> 0 | AE11: =AD11+AE10 -> 0 | AG11: =IF($E11=4,G11-4,NA()) -> 0 | AI11: =G11-'Zusammenfassung Tag1-4'!$B$2/18 -> 3.1666667 | AJ11: =AI11+AJ10 -> 33.5 | AK11: 4 | AL11: =AK11+AL10 -> 46 | AM11: 2 | AN11: =AM11+AN10 -> 18 | AO11: =IF(AK11-AM11<=$E11-2,1,0) -> 1 | AP11: =AO11+AP10 -> 5 | AQ11: =IF(AO11=0,IF(AK11=$E11,1,0),0) -> 0 | AR11: =AQ11+AR10 -> 1 | AT11: =IF($E11-AK11=1,1,0) -> 0 | AU11: =AT11+AU10 -> 0 | AV11: =IF(AK11=$E11,1,0) -> 1 | AW11: =AV11+AW10 -> 5 | AX11: =IF(AK11-$E11=1,1,0) -> 0 | AY11: =AX11+AY10 -> 2 | AZ11: =IF(AK11-$E11>=2,1,0) -> 0 | BA11: =AZ11+BA10 -> 2 | BB11: =IF(AM11=0,1,0) -> 0 | BC11: =BB11+BC10 -> 0 | BD11: =IF(AM11=1,1,0) -> 0 | BE11: =BD11+BE10 -> 1 | BF11: =IF(AM11=2,1,0) -> 1 | BG11: =BF11+BG10 -> 7 | BH11: =IF(AM11>=3,1,0) -> 0 | BI11: =BH11+BI10 -> 1 | BK11: =IF($E11=4,AK11-4,NA()) -> 0 | BM11: =AK11-'Zusammenfassung Tag1-4'!$C$2/18 -> 3.4444444 | BN11: =BM11+BN10 -> 41 | BO11: 10 | BP11: =BO11+BP10 -> 55 | BQ11: 3 | BR11: =BQ11+BR10 -> 22 | BS11: =IF(BO11-BQ11<=$E11-2,1,0) -> 0 | BT11: =BS11+BT10 -> 3 | BU11: =IF(BS11=0,IF(BO11=$E11,1,0),0) -> 0 | BV11: =BU11+BV10 -> 0 | BX11: =IF($E11-BO11=1,1,0) -> 0 | BY11: =BX11+BY10 -> 0 | BZ11: =IF(BO11=$E11,1,0) -> 0 | CA11: =BZ11+CA10 -> 1 | CB11: =IF(BO11-$E11=1,1,0) -> 0 | CC11: =CB11+CC10 -> 4 | CD11: =IF(BO11-$E11>=2,1,0) -> 1 | CE11: =CD11+CE10 -> 4 | CF11: =IF(BQ11=0,1,0) -> 0 | CG11: =CF11+CG10 -> 0 | CH11: =IF(BQ11=1,1,0) -> 0 | CI11: =CH11+CI10 -> 0 | CJ11: =IF(BQ11=2,1,0) -> 0 | CK11: =CJ11+CK10 -> 5 | CL11: =IF(BQ11>=3,1,0) -> 1 | CM11: =CL11+CM10 -> 4 | CO11: =IF($E11=4,BO11-4,NA()) -> 6 | CQ11: =BO11-'Zusammenfassung Tag1-4'!$D$2/18 -> 8.9444444 | CR11: =CQ11+CR10 -> 45.5 | CS11: 8 | CT11: =CS11+CT10 -> 51 | CU11: 3 | CV11: =CU11+CV10 -> 23 | CW11: =IF(CS11-CU11<=$E11-2,1,0) -> 0 | CX11: =CW11+CX10 -> 4 | CY11: =IF(CW11=0,IF(CS11=$E11,1,0),0) -> 0 | CZ11: =CY11+CZ10 -> 0 | DB11: =IF($E11-CS11=1,1,0) -> 0 | DC11: =DB11+DC10 -> 0 | DD11: =IF(CS11=$E11,1,0) -> 0 | DE11: =DD11+DE10 -> 1 | DF11: =IF(CS11-$E11=1,1,0) -> 0 | DG11: =DF11+DG10 -> 4 | DH11: =IF(CS11-$E11>=2,1,0) -> 1 | DI11: =DH11+DI10 -> 4 | DJ11: =IF(CU11=0,1,0) -> 0 | DK11: =DJ11+DK10 -> 0 | DL11: =IF(CU11=1,1,0) -> 0 | DM11: =DL11+DM10 -> 0 | DN11: =IF(CU11=2,1,0) -> 0 | DO11: =DN11+DO10 -> 4 | DP11: =IF(CU11>=3,1,0) -> 1 | DQ11: =DP11+DQ10 -> 5 | DS11: =IF($E11=4,CS11-4,NA()) -> 4 | DU11: =CS11-'Zusammenfassung Tag1-4'!$E$2/18 -> 7 | DV11: =DU11+DV10 -> 42 | DW11: 10 | DX11: 126 | DY11: 2 | DZ11: =DY11+DZ10 -> 22 | EA11: =IF(DW11-DY11<=$E11-2,1,0) -> 0 | EB11: =EA11+EB10 -> 0 | EC11: =IF(EA11=0,IF(DW11=$E11,1,0),0) -> 0 | ED11: =EC11+ED10 -> 0 | EF11: =IF($E11-DW11=1,1,0) -> 0 | EG11: =EF11+EG10 -> 0 | EH11: =IF(DW11=$E11,1,0) -> 0 | EI11: =EH11+EI10 -> 0 | EJ11: =IF(DW11-$E11=1,1,0) -> 0 | EK11: =EJ11+EK10 -> 0 | EL11: =IF(DW11-$E11>=2,1,0) -> 1 | EM11: =EL11+EM10 -> 9 | EN11: =IF(DY11=0,1,0) -> 0 | EO11: =EN11+EO10 -> 0 | EP11: =IF(DY11=1,1,0) -> 0 | EQ11: =EP11+EQ10 -> 0 | ER11: =IF(DY11=2,1,0) -> 1 | ES11: =ER11+ES10 -> 5 | ET11: =IF(DY11>=3,1,0) -> 0 | EU11: =ET11+EU10 -> 4 | EW11: =IF($E11=4,DW11-4,NA()) -> 6 | EY11: =DW11-'Zusammenfassung Tag1-4'!$F$2/18 -> 7.5 | EZ11: =EY11+EZ10 -> 47.5 | FA11: 6 | FB11: 51 | FC11: 2 | FD11: =FC11+FD10 -> 19 | FE11: =IF(FA11-FC11<=$E11-2,1,0) -> 0 | FF11: =FE11+FF10 -> 0 | FG11: =IF(FE11=0,IF(FA11=$E11,1,0),0) -> 0 | FH11: =FG11+FH10 -> 0 | FJ11: =IF($E11-FA11=1,1,0) -> 0 | FK11: =FJ11+FK10 -> 0 | FL11: =IF(FA11=$E11,1,0) -> 0 | FM11: =FL11+FM10 -> 0 | FN11: =IF(FA11-$E11=1,1,0) -> 0 | FO11: =FN11+FO10 -> 2 | FP11: =IF(FA11-$E11>=2,1,0) -> 1 | FQ11: =FP11+FQ10 -> 7 | FR11: =IF(FC11=0,1,0) -> 0 | FS11: =FR11+FS10 -> 0 | FT11: =IF(FC11=1,1,0) -> 0 | FU11: =FT11+FU10 -> 1 | FV11: =IF(FC11=2,1,0) -> 1 | FW11: =FV11+FW10 -> 6 | FX11: =IF(FC11>=3,1,0) -> 0 | FY11: =FX11+FY10 -> 2 | GA11: =IF($E11=4,FA11-4,NA()) -> 2 | GC11: =FA11-'Zusammenfassung Tag1-4'!$G$2/18 -> 4.7222222 | GD11: =GC11+GD10 -> 43.5 | GE11: 8 | GF11: 66 | GG11: 2 | GH11: =GG11+GH10 -> 18 | GI11: =IF(GE11-GG11<=$E11-2,1,0) -> 0 | GJ11: =GI11+GJ10 -> 1 | GK11: =IF(GI11=0,IF(GE11=$E11,1,0),0) -> 0 | GL11: =GK11+GL10 -> 0 | GN11: =IF($E11-GE11=1,1,0) -> 0 | GO11: =GN11+GO10 -> 0 | GP11: =IF(GE11=$E11,1,0) -> 0 | GQ11: =GP11+GQ10 -> 1 | GR11: =IF(GE11-$E11=1,1,0) -> 0 | GS11: =GR11+GS10 -> 1 | GT11: =IF(GE11-$E11>=2,1,0) -> 1 | GU11: =GT11+GU10 -> 7 | GV11: =IF(GG11=0,1,0) -> 0 | GW11: =GV11+GW10 -> 0 | GX11: =IF(GG11=1,1,0) -> 0 | GY11: =GX11+GY10 -> 1 | GZ11: =IF(GG11=2,1,0) -> 1 | HA11: =GZ11+HA10 -> 7 | HB11: =IF(GG11>=3,1,0) -> 0 | HC11: =HB11+HC10 -> 1 | HE11: =IF($E11=4,GE11-4,NA()) -> 4 | HG11: =GE11-'Zusammenfassung Tag1-4'!$H$2/18 -> 6.2222222 | HH11: =HG11+HH10 -> 48 | HI11: 5 | HJ11: 47 | HK11: 2 | HL11: =HK11+HL10 -> 17 | HM11: =IF(HI11-HK11<=$E11-2,1,0) -> 0 | HN11: =HM11+HN10 -> 0 | HO11: =IF(HM11=0,IF(HI11=$E11,1,0),0) -> 0 | HP11: =HO11+HP10 -> 1 | HR11: =IF($E11-HI11=1,1,0) -> 0 | HS11: =HR11+HS10 -> 0 | HT11: =IF(HI11=$E11,1,0) -> 0 | HU11: =HT11+HU10 -> 1 | HV11: =IF(HI11-$E11=1,1,0) -> 1 | HW11: =HV11+HW10 -> 1 | HX11: =IF(HI11-$E11>=2,1,0) -> 0 | HY11: =HX11+HY10 -> 7 | HZ11: =IF(HK11=0,1,0) -> 0 | IA11: =HZ11+IA10 -> 0 | IB11: =IF(HK11=1,1,0) -> 0 | IC11: =IB11+IC10 -> 2 | ID11: =IF(HK11=2,1,0) -> 1 | IE11: =ID11+IE10 -> 6 | IF11: =IF(HK11>=3,1,0) -> 0 | IG11: =IF11+IG10 -> 1 | II11: =IF($E11=4,HI11-4,NA()) -> 1 | IK11: =HI11-'Zusammenfassung Tag1-4'!$I$2/18 -> 4.1111111 | IL11: =IK11+IL10 -> 45 | IM11: 8 | IN11: 200 | IO11: 3 | IP11: =IO11+IP10 -> 27 | IQ11: =IF(IM11-IO11<=$E11-2,1,0) -> 0 | IR11: =IQ11+IR10 -> 3 | IS11: =IF(IQ11=0,IF(IM11=$E11,1,0),0) -> 0 | IT11: =IS11+IT10 -> 0 | IV11: =IF($E11-IM11=1,1,0) -> 0 | IW11: =IV11+IW10 -> 0 | IX11: =IF(IM11=$E11,1,0) -> 0 | IY11: =IX11+IY10 -> 1 | IZ11: =IF(IM11-$E11=1,1,0) -> 0 | JA11: =IZ11+JA10 -> 1 | JB11: =IF(IM11-$E11>=2,1,0) -> 1 | JC11: =JB11+JC10 -> 7 | JD11: =IF(IO11=0,1,0) -> 0 | JE11: =JD11+JE10 -> 0 | JF11: =IF(IO11=1,1,0) -> 0 | JG11: =JF11+JG10 -> 0 | JH11: =IF(IO11=2,1,0) -> 0 | JI11: =JH11+JI10 -> 3 | JJ11: =IF(IO11>=3,1,0) -> 1 | JK11: =JJ11+JK10 -> 6 | JM11: =IF($E11=4,IM11-4,NA()) -> 4 | JO11: =IM11-'Zusammenfassung Tag1-4'!$J$2/18 -> 5.6666667 | JP11: =JO11+JP10 -> 42 | JT11: =JS11+JT10 -> 0 | JU11: =IF(JQ11-JS11<=$E11-2,1,0) -> 1 | JV11: =JU11+JV10 -> 9 | JW11: =IF(JU11=0,IF(JQ11=$E11,1,0),0) -> 0 | JX11: =JW11+JX10 -> 0 | JZ11: =IF($E11-JQ11=1,1,0) -> 0 | KA11: =JZ11+KA10 -> 0 | KB11: =IF(JQ11=$E11,1,0) -> 0 | KC11: =KB11+KC10 -> 0 | KD11: =IF(JQ11-$E11=1,1,0) -> 0 | KE11: =KD11+KE10 -> 0 | KF11: =IF(JQ11-$E11>=2,1,0) -> 0 | KG11: =KF11+KG10 -> 0 | KH11: =IF(JS11=0,1,0) -> 1 | KI11: =KH11+KI10 -> 9 | KJ11: =IF(JS11=1,1,0) -> 0 | KK11: =KJ11+KK10 -> 0 | KL11: =IF(JS11=2,1,0) -> 0 | KM11: =KL11+KM10 -> 0 | KN11: =IF(JS11>=3,1,0) -> 0 | KO11: =KN11+KO10 -> 0 | KQ11: =IF($E11=4,JQ11-4,NA()) -> -4 | KS11: =JQ11-'Zusammenfassung Tag1-4'!#REF!/18 -> #REF! | KT11: =KS11+KT10 -> #REF!
C12: Total | E12: =SUM(E3:E11) -> 36 | G12: =SUM(G3:G11) -> 41 | I12: =SUM(I3:I11) -> 16 | K12: =SUM(K3:K11) -> 2 | M12: =SUM(M3:M11) -> 2 | P12: =SUM(P3:P11) -> 0 | R12: =SUM(R3:R11) -> 4 | T12: =SUM(T3:T11) -> 5 | V12: =SUM(V3:V11) -> 0 | X12: =SUM(X3:X11) -> 0 | Z12: =SUM(Z3:Z11) -> 2 | AB12: =SUM(AB3:AB11) -> 7 | AD12: =SUM(AD3:AD11) -> 0 | AF12: =AVERAGE(AF3:AF11) -> 0.5 | AG12: =AVERAGE(AG3:AG11) -> 0.4 | AH12: =AVERAGE(AH3:AH11) -> 1 | AI12: =SUM(AI3:AI11) -> 33.5 | AK12: =SUM(AK3:AK11) -> 46 | AM12: =SUM(AM3:AM11) -> 18 | AO12: =SUM(AO3:AO11) -> 5 | AQ12: =SUM(AQ3:AQ11) -> 1 | AT12: =SUM(AT3:AT11) -> 0 | AV12: =SUM(AV3:AV11) -> 5 | AX12: =SUM(AX3:AX11) -> 2 | AZ12: =SUM(AZ3:AZ11) -> 2 | BB12: =SUM(BB3:BB11) -> 0 | BD12: =SUM(BD3:BD11) -> 1 | BF12: =SUM(BF3:BF11) -> 7 | BH12: =SUM(BH3:BH11) -> 1 | BJ12: =AVERAGE(BJ3:BJ11) -> 0.5 | BK12: =AVERAGE(BK3:BK11) -> 1.2 | BL12: =AVERAGE(BL3:BL11) -> 1.5 | BM12: =SUM(BM3:BM11) -> 41 | BO12: =SUM(BO3:BO11) -> 55 | BQ12: =SUM(BQ3:BQ11) -> 22 | BS12: =SUM(BS3:BS11) -> 3 | BU12: =SUM(BU3:BU11) -> 0 | BX12: =SUM(BX3:BX11) -> 0 | BZ12: =SUM(BZ3:BZ11) -> 1 | CB12: =SUM(CB3:CB11) -> 4 | CD12: =SUM(CD3:CD11) -> 4 | CF12: =SUM(CF3:CF11) -> 0 | CH12: =SUM(CH3:CH11) -> 0 | CJ12: =SUM(CJ3:CJ11) -> 5 | CL12: =SUM(CL3:CL11) -> 4 | CN12: =AVERAGE(CN3:CN11) -> 1 | CO12: =AVERAGE(CO3:CO11) -> 2.8 | CP12: =AVERAGE(CP3:CP11) -> 1.5 | CQ12: =SUM(CQ3:CQ11) -> 45.5 | CS12: =SUM(CS3:CS11) -> 51 | CU12: =SUM(CU3:CU11) -> 23 | CW12: =SUM(CW3:CW11) -> 4 | CY12: =SUM(CY3:CY11) -> 0 | DB12: =SUM(DB3:DB11) -> 0 | DD12: =SUM(DD3:DD11) -> 1 | DF12: =SUM(DF3:DF11) -> 4 | DH12: =SUM(DH3:DH11) -> 4 | DJ12: =SUM(DJ3:DJ11) -> 0 | DL12: =SUM(DL3:DL11) -> 0 | DN12: =SUM(DN3:DN11) -> 4 | DP12: =SUM(DP3:DP11) -> 5 | DR12: =AVERAGE(DR3:DR11) -> 1 | DS12: =AVERAGE(DS3:DS11) -> 1.6 | DT12: =AVERAGE(DT3:DT11) -> 2.5 | DU12: =SUM(DU3:DU11) -> 42 | DW12: =SUM(DW3:DW11) -> 70 | DY12: =SUM(DY3:DY11) -> 22 | EA12: =SUM(EA3:EA11) -> 0 | EC12: =SUM(EC3:EC11) -> 0 | EF12: =SUM(EF3:EF11) -> 0 | EH12: =SUM(EH3:EH11) -> 0 | EJ12: =SUM(EJ3:EJ11) -> 0 | EL12: =SUM(EL3:EL11) -> 9 | EN12: =SUM(EN3:EN11) -> 0 | EP12: =SUM(EP3:EP11) -> 0 | ER12: =SUM(ER3:ER11) -> 5 | ET12: =SUM(ET3:ET11) -> 4 | EV12: =AVERAGE(EV3:EV11) -> 3 | EW12: =AVERAGE(EW3:EW11) -> 4 | EX12: =AVERAGE(EX3:EX11) -> 4 | EY12: =SUM(EY3:EY11) -> 47.5 | FA12: =SUM(FA3:FA11) -> 55 | FC12: =SUM(FC3:FC11) -> 19 | FE12: =SUM(FE3:FE11) -> 0 | FG12: =SUM(FG3:FG11) -> 0 | FJ12: =SUM(FJ3:FJ11) -> 0 | FL12: =SUM(FL3:FL11) -> 0 | FN12: =SUM(FN3:FN11) -> 2 | FP12: =SUM(FP3:FP11) -> 7 | FR12: =SUM(FR3:FR11) -> 0 | FT12: =SUM(FT3:FT11) -> 1 | FV12: =SUM(FV3:FV11) -> 6 | FX12: =SUM(FX3:FX11) -> 2 | FZ12: =AVERAGE(FZ3:FZ11) -> 1.5 | GA12: =AVERAGE(GA3:GA11) -> 2.2 | GB12: =AVERAGE(GB3:GB11) -> 2.5 | GC12: =SUM(GC3:GC11) -> 43.5 | GE12: =SUM(GE3:GE11) -> 64 | GG12: =SUM(GG3:GG11) -> 18 | GI12: =SUM(GI3:GI11) -> 1 | GK12: =SUM(GK3:GK11) -> 0 | GN12: =SUM(GN3:GN11) -> 0 | GP12: =SUM(GP3:GP11) -> 1 | GR12: =SUM(GR3:GR11) -> 1 | GT12: =SUM(GT3:GT11) -> 7 | GV12: =SUM(GV3:GV11) -> 0 | GX12: =SUM(GX3:GX11) -> 1 | GZ12: =SUM(GZ3:GZ11) -> 7 | HB12: =SUM(HB3:HB11) -> 1 | HD12: =AVERAGE(HD3:HD11) -> 1.5 | HE12: =AVERAGE(HE3:HE11) -> 3 | HF12: =AVERAGE(HF3:HF11) -> 5 | HG12: =SUM(HG3:HG11) -> 48 | HI12: =SUM(HI3:HI11) -> 53 | HK12: =SUM(HK3:HK11) -> 17 | HM12: =SUM(HM3:HM11) -> 0 | HO12: =SUM(HO3:HO11) -> 1 | HR12: =SUM(HR3:HR11) -> 0 | HT12: =SUM(HT3:HT11) -> 1 | HV12: =SUM(HV3:HV11) -> 1 | HX12: =SUM(HX3:HX11) -> 7 | HZ12: =SUM(HZ3:HZ11) -> 0 | IB12: =SUM(IB3:IB11) -> 2 | ID12: =SUM(ID3:ID11) -> 6 | IF12: =SUM(IF3:IF11) -> 1 | IH12: =AVERAGE(IH3:IH11) -> 2.5 | II12: =AVERAGE(II3:II11) -> 1.6 | IJ12: =AVERAGE(IJ3:IJ11) -> 2 | IK12: =SUM(IK3:IK11) -> 45 | IM12: =SUM(IM3:IM11) -> 63 | IO12: =SUM(IO3:IO11) -> 27 | IQ12: =SUM(IQ3:IQ11) -> 3 | IS12: =SUM(IS3:IS11) -> 0 | IV12: =SUM(IV3:IV11) -> 0 | IX12: =SUM(IX3:IX11) -> 1 | IZ12: =SUM(IZ3:IZ11) -> 1 | JB12: =SUM(JB3:JB11) -> 7 | JD12: =SUM(JD3:JD11) -> 0 | JF12: =SUM(JF3:JF11) -> 0 | JH12: =SUM(JH3:JH11) -> 3 | JJ12: =SUM(JJ3:JJ11) -> 6 | JL12: =AVERAGE(JL3:JL11) -> 1.5 | JM12: =AVERAGE(JM3:JM11) -> 4 | JN12: =AVERAGE(JN3:JN11) -> 2 | JO12: =SUM(JO3:JO11) -> 42 | JQ12: 67 | JS12: 23 | JU12: =SUM(JU3:JU11) -> 9 | JW12: =SUM(JW3:JW11) -> 0 | JZ12: =SUM(JZ3:JZ11) -> 0 | KB12: =SUM(KB3:KB11) -> 0 | KD12: =SUM(KD3:KD11) -> 0 | KF12: =SUM(KF3:KF11) -> 0 | KH12: =SUM(KH3:KH11) -> 9 | KJ12: =SUM(KJ3:KJ11) -> 0 | KL12: =SUM(KL3:KL11) -> 0 | KN12: =SUM(KN3:KN11) -> 0 | KP12: =AVERAGE(KP3:KP11) -> -3 | KQ12: =AVERAGE(KQ3:KQ11) -> -4 | KR12: =AVERAGE(KR3:KR11) -> -5 | KS12: =SUM(KS3:KS11) -> #REF!
B13: Back Nine | C13: 10 | D13: =D11+1 -> 10 | E13: 4 | F13: =E13+F11 -> 40 | G13: 4 | H13: =G13+H11 -> 45 | I13: 2 | J13: =I13+J11 -> 18 | K13: =IF(G13-I13<=$E13-2,1,0) -> 1 | L13: =K13+L11 -> 3 | M13: =IF(K13=0,IF(G13=$E13,1,0),0) -> 0 | N13: =M13+N11 -> 2 | P13: =IF($E13-G13=1,1,0) -> 0 | Q13: =P13+Q11 -> 0 | R13: =IF(G13=$E13,1,0) -> 1 | S13: =R13+S11 -> 5 | T13: =IF(G13-$E13=1,1,0) -> 0 | U13: =T13+U11 -> 5 | V13: =IF(G13-$E13>=2,1,0) -> 0 | W13: =V13+W11 -> 0 | X13: =IF(I13=0,1,0) -> 0 | Y13: =X13+Y11 -> 0 | Z13: =IF(I13=1,1,0) -> 0 | AA13: =Z13+AA11 -> 2 | AB13: =IF(I13=2,1,0) -> 1 | AC13: =AB13+AC11 -> 8 | AD13: =IF(I13>=3,1,0) -> 0 | AE13: =AD13+AE11 -> 0 | AG13: =IF($E13=4,G13-4,NA()) -> 0 | AI13: =G13-'Zusammenfassung Tag1-4'!$B$2/18 -> 3.1666667 | AJ13: =AI13+AJ11 -> 36.666667 | AK13: 4 | AL13: =AK13+AL11 -> 50 | AM13: 2 | AN13: =AM13+AN11 -> 20 | AO13: =IF(AK13-AM13<=$E13-2,1,0) -> 1 | AP13: =AO13+AP11 -> 6 | AQ13: =IF(AO13=0,IF(AK13=$E13,1,0),0) -> 0 | AR13: =AQ13+AR11 -> 1 | AT13: =IF($E13-AK13=1,1,0) -> 0 | AU13: =AT13+AU11 -> 0 | AV13: =IF(AK13=$E13,1,0) -> 1 | AW13: =AV13+AW11 -> 6 | AX13: =IF(AK13-$E13=1,1,0) -> 0 | AY13: =AX13+AY11 -> 2 | AZ13: =IF(AK13-$E13>=2,1,0) -> 0 | BA13: =AZ13+BA11 -> 2 | BB13: =IF(AM13=0,1,0) -> 0 | BC13: =BB13+BC11 -> 0 | BD13: =IF(AM13=1,1,0) -> 0 | BE13: =BD13+BE11 -> 1 | BF13: =IF(AM13=2,1,0) -> 1 | BG13: =BF13+BG11 -> 8 | BH13: =IF(AM13>=3,1,0) -> 0 | BI13: =BH13+BI11 -> 1 | BK13: =IF($E13=4,AK13-4,NA()) -> 0 | BM13: =AK13-'Zusammenfassung Tag1-4'!$C$2/18 -> 3.4444444 | BN13: =BM13+BN11 -> 44.444444 | BO13: 5 | BP13: =BO13+BP11 -> 60 | BQ13: 2 | BR13: =BQ13+BR11 -> 24 | BS13: =IF(BO13-BQ13<=$E13-2,1,0) -> 0 | BT13: =BS13+BT11 -> 3 | BU13: =IF(BS13=0,IF(BO13=$E13,1,0),0) -> 0 | BV13: =BU13+BV11 -> 0 | BX13: =IF($E13-BO13=1,1,0) -> 0 | BY13: =BX13+BY11 -> 0 | BZ13: =IF(BO13=$E13,1,0) -> 0 | CA13: =BZ13+CA11 -> 1 | CB13: =IF(BO13-$E13=1,1,0) -> 1 | CC13: =CB13+CC11 -> 5 | CD13: =IF(BO13-$E13>=2,1,0) -> 0 | CE13: =CD13+CE11 -> 4 | CF13: =IF(BQ13=0,1,0) -> 0 | CG13: =CF13+CG11 -> 0 | CH13: =IF(BQ13=1,1,0) -> 0 | CI13: =CH13+CI11 -> 0 | CJ13: =IF(BQ13=2,1,0) -> 1 | CK13: =CJ13+CK11 -> 6 | CL13: =IF(BQ13>=3,1,0) -> 0 | CM13: =CL13+CM11 -> 4 | CO13: =IF($E13=4,BO13-4,NA()) -> 1 | CQ13: =BO13-'Zusammenfassung Tag1-4'!$D$2/18 -> 3.9444444 | CR13: =CQ13+CR11 -> 49.444444 | CS13: 5 | CT13: =CS13+CT11 -> 56 | CU13: 3 | CV13: =CU13+CV11 -> 26 | CW13: =IF(CS13-CU13<=$E13-2,1,0) -> 1 | CX13: =CW13+CX11 -> 5 | CY13: =IF(CW13=0,IF(CS13=$E13,1,0),0) -> 0 | CZ13: =CY13+CZ11 -> 0 | DB13: =IF($E13-CS13=1,1,0) -> 0 | DC13: =DB13+DC11 -> 0 | DD13: =IF(CS13=$E13,1,0) -> 0 | DE13: =DD13+DE11 -> 1 | DF13: =IF(CS13-$E13=1,1,0) -> 1 | DG13: =DF13+DG11 -> 5 | DH13: =IF(CS13-$E13>=2,1,0) -> 0 | DI13: =DH13+DI11 -> 4 | DJ13: =IF(CU13=0,1,0) -> 0 | DK13: =DJ13+DK11 -> 0 | DL13: =IF(CU13=1,1,0) -> 0 | DM13: =DL13+DM11 -> 0 | DN13: =IF(CU13=2,1,0) -> 0 | DO13: =DN13+DO11 -> 4 | DP13: =IF(CU13>=3,1,0) -> 1 | DQ13: =DP13+DQ11 -> 6 | DS13: =IF($E13=4,CS13-4,NA()) -> 1 | DU13: =CS13-'Zusammenfassung Tag1-4'!$E$2/18 -> 4 | DV13: =DU13+DV11 -> 46 | DW13: 10 | DX13: 132 | DY13: 2 | DZ13: =DY13+DZ11 -> 24 | EA13: =IF(DW13-DY13<=$E13-2,1,0) -> 0 | EB13: =EA13+EB11 -> 0 | EC13: =IF(EA13=0,IF(DW13=$E13,1,0),0) -> 0 | ED13: =EC13+ED11 -> 0 | EF13: =IF($E13-DW13=1,1,0) -> 0 | EG13: =EF13+EG11 -> 0 | EH13: =IF(DW13=$E13,1,0) -> 0 | EI13: =EH13+EI11 -> 0 | EJ13: =IF(DW13-$E13=1,1,0) -> 0 | EK13: =EJ13+EK11 -> 0 | EL13: =IF(DW13-$E13>=2,1,0) -> 1 | EM13: =EL13+EM11 -> 10 | EN13: =IF(DY13=0,1,0) -> 0 | EO13: =EN13+EO11 -> 0 | EP13: =IF(DY13=1,1,0) -> 0 | EQ13: =EP13+EQ11 -> 0 | ER13: =IF(DY13=2,1,0) -> 1 | ES13: =ER13+ES11 -> 6 | ET13: =IF(DY13>=3,1,0) -> 0 | EU13: =ET13+EU11 -> 4 | EW13: =IF($E13=4,DW13-4,NA()) -> 6 | EY13: =DW13-'Zusammenfassung Tag1-4'!$F$2/18 -> 7.5 | EZ13: =EY13+EZ11 -> 55 | FA13: 5 | FB13: 56 | FC13: 3 | FD13: =FC13+FD11 -> 22 | FE13: =IF(FA13-FC13<=$E13-2,1,0) -> 1 | FF13: =FE13+FF11 -> 1 | FG13: =IF(FE13=0,IF(FA13=$E13,1,0),0) -> 0 | FH13: =FG13+FH11 -> 0 | FJ13: =IF($E13-FA13=1,1,0) -> 0 | FK13: =FJ13+FK11 -> 0 | FL13: =IF(FA13=$E13,1,0) -> 0 | FM13: =FL13+FM11 -> 0 | FN13: =IF(FA13-$E13=1,1,0) -> 1 | FO13: =FN13+FO11 -> 3 | FP13: =IF(FA13-$E13>=2,1,0) -> 0 | FQ13: =FP13+FQ11 -> 7 | FR13: =IF(FC13=0,1,0) -> 0 | FS13: =FR13+FS11 -> 0 | FT13: =IF(FC13=1,1,0) -> 0 | FU13: =FT13+FU11 -> 1 | FV13: =IF(FC13=2,1,0) -> 0 | FW13: =FV13+FW11 -> 6 | FX13: =IF(FC13>=3,1,0) -> 1 | FY13: =FX13+FY11 -> 3 | GA13: =IF($E13=4,FA13-4,NA()) -> 1 | GC13: =FA13-'Zusammenfassung Tag1-4'!$G$2/18 -> 3.7222222 | GD13: =GC13+GD11 -> 47.222222 | GE13: 8 | GF13: 73 | GG13: 2 | GH13: =GG13+GH11 -> 20 | GI13: =IF(GE13-GG13<=$E13-2,1,0) -> 0 | GJ13: =GI13+GJ11 -> 1 | GK13: =IF(GI13=0,IF(GE13=$E13,1,0),0) -> 0 | GL13: =GK13+GL11 -> 0 | GN13: =IF($E13-GE13=1,1,0) -> 0 | GO13: =GN13+GO11 -> 0 | GP13: =IF(GE13=$E13,1,0) -> 0 | GQ13: =GP13+GQ11 -> 1 | GR13: =IF(GE13-$E13=1,1,0) -> 0 | GS13: =GR13+GS11 -> 1 | GT13: =IF(GE13-$E13>=2,1,0) -> 1 | GU13: =GT13+GU11 -> 8 | GV13: =IF(GG13=0,1,0) -> 0 | GW13: =GV13+GW11 -> 0 | GX13: =IF(GG13=1,1,0) -> 0 | GY13: =GX13+GY11 -> 1 | GZ13: =IF(GG13=2,1,0) -> 1 | HA13: =GZ13+HA11 -> 8 | HB13: =IF(GG13>=3,1,0) -> 0 | HC13: =HB13+HC11 -> 1 | HE13: =IF($E13=4,GE13-4,NA()) -> 4 | HG13: =GE13-'Zusammenfassung Tag1-4'!$H$2/18 -> 6.2222222 | HH13: =HG13+HH11 -> 54.222222 | HI13: 6 | HJ13: 51 | HK13: 2 | HL13: =HK13+HL11 -> 19 | HM13: =IF(HI13-HK13<=$E13-2,1,0) -> 0 | HN13: =HM13+HN11 -> 0 | HO13: =IF(HM13=0,IF(HI13=$E13,1,0),0) -> 0 | HP13: =HO13+HP11 -> 1 | HR13: =IF($E13-HI13=1,1,0) -> 0 | HS13: =HR13+HS11 -> 0 | HT13: =IF(HI13=$E13,1,0) -> 0 | HU13: =HT13+HU11 -> 1 | HV13: =IF(HI13-$E13=1,1,0) -> 0 | HW13: =HV13+HW11 -> 1 | HX13: =IF(HI13-$E13>=2,1,0) -> 1 | HY13: =HX13+HY11 -> 8 | HZ13: =IF(HK13=0,1,0) -> 0 | IA13: =HZ13+IA11 -> 0 | IB13: =IF(HK13=1,1,0) -> 0 | IC13: =IB13+IC11 -> 2 | ID13: =IF(HK13=2,1,0) -> 1 | IE13: =ID13+IE11 -> 7 | IF13: =IF(HK13>=3,1,0) -> 0 | IG13: =IF13+IG11 -> 1 | II13: =IF($E13=4,HI13-4,NA()) -> 2 | IK13: =HI13-'Zusammenfassung Tag1-4'!$I$2/18 -> 5.1111111 | IL13: =IK13+IL11 -> 50.111111 | IM13: 5 | IN13: 207 | IO13: 3 | IP13: =IO13+IP11 -> 30 | IQ13: =IF(IM13-IO13<=$E13-2,1,0) -> 1 | IR13: =IQ13+IR11 -> 4 | IS13: =IF(IQ13=0,IF(IM13=$E13,1,0),0) -> 0 | IT13: =IS13+IT11 -> 0 | IV13: =IF($E13-IM13=1,1,0) -> 0 | IW13: =IV13+IW11 -> 0 | IX13: =IF(IM13=$E13,1,0) -> 0 | IY13: =IX13+IY11 -> 1 | IZ13: =IF(IM13-$E13=1,1,0) -> 1 | JA13: =IZ13+JA11 -> 2 | JB13: =IF(IM13-$E13>=2,1,0) -> 0 | JC13: =JB13+JC11 -> 7 | JD13: =IF(IO13=0,1,0) -> 0 | JE13: =JD13+JE11 -> 0 | JF13: =IF(IO13=1,1,0) -> 0 | JG13: =JF13+JG11 -> 0 | JH13: =IF(IO13=2,1,0) -> 0 | JI13: =JH13+JI11 -> 3 | JJ13: =IF(IO13>=3,1,0) -> 1 | JK13: =JJ13+JK11 -> 7 | JM13: =IF($E13=4,IM13-4,NA()) -> 1 | JO13: =IM13-'Zusammenfassung Tag1-4'!$J$2/18 -> 2.6666667 | JP13: =JO13+JP11 -> 44.666667 | JT13: =JS13+JT11 -> 0 | JU13: =IF(JQ13-JS13<=$E13-2,1,0) -> 1 | JV13: =JU13+JV11 -> 10 | JW13: =IF(JU13=0,IF(JQ13=$E13,1,0),0) -> 0 | JX13: =JW13+JX11 -> 0 | JZ13: =IF($E13-JQ13=1,1,0) -> 0 | KA13: =JZ13+KA11 -> 0 | KB13: =IF(JQ13=$E13,1,0) -> 0 | KC13: =KB13+KC11 -> 0 | KD13: =IF(JQ13-$E13=1,1,0) -> 0 | KE13: =KD13+KE11 -> 0 | KF13: =IF(JQ13-$E13>=2,1,0) -> 0 | KG13: =KF13+KG11 -> 0 | KH13: =IF(JS13=0,1,0) -> 1 | KI13: =KH13+KI11 -> 10 | KJ13: =IF(JS13=1,1,0) -> 0 | KK13: =KJ13+KK11 -> 0 | KL13: =IF(JS13=2,1,0) -> 0 | KM13: =KL13+KM11 -> 0 | KN13: =IF(JS13>=3,1,0) -> 0 | KO13: =KN13+KO11 -> 0 | KQ13: =IF($E13=4,JQ13-4,NA()) -> -4 | KS13: =JQ13-'Zusammenfassung Tag1-4'!#REF!/18 -> #REF! | KT13: =KS13+KT11 -> #REF!
C14: 11 | D14: =D13+1 -> 11 | E14: 4 | F14: =E14+F13 -> 44 | G14: 3 | H14: =G14+H13 -> 48 | I14: 1 | J14: =I14+J13 -> 19 | K14: =IF(G14-I14<=$E14-2,1,0) -> 1 | L14: =K14+L13 -> 4 | M14: =IF(K14=0,IF(G14=$E14,1,0),0) -> 0 | N14: =M14+N13 -> 2 | P14: =IF($E14-G14=1,1,0) -> 1 | Q14: =P14+Q13 -> 1 | R14: =IF(G14=$E14,1,0) -> 0 | S14: =R14+S13 -> 5 | T14: =IF(G14-$E14=1,1,0) -> 0 | U14: =T14+U13 -> 5 | V14: =IF(G14-$E14>=2,1,0) -> 0 | W14: =V14+W13 -> 0 | X14: =IF(I14=0,1,0) -> 0 | Y14: =X14+Y13 -> 0 | Z14: =IF(I14=1,1,0) -> 1 | AA14: =Z14+AA13 -> 3 | AB14: =IF(I14=2,1,0) -> 0 | AC14: =AB14+AC13 -> 8 | AD14: =IF(I14>=3,1,0) -> 0 | AE14: =AD14+AE13 -> 0 | AG14: =IF($E14=4,G14-4,NA()) -> -1 | AI14: =G14-'Zusammenfassung Tag1-4'!$B$2/18 -> 2.1666667 | AJ14: =AI14+AJ13 -> 38.833333 | AK14: 4 | AL14: =AK14+AL13 -> 54 | AM14: 2 | AN14: =AM14+AN13 -> 22 | AO14: =IF(AK14-AM14<=$E14-2,1,0) -> 1 | AP14: =AO14+AP13 -> 7 | AQ14: =IF(AO14=0,IF(AK14=$E14,1,0),0) -> 0 | AR14: =AQ14+AR13 -> 1 | AT14: =IF($E14-AK14=1,1,0) -> 0 | AU14: =AT14+AU13 -> 0 | AV14: =IF(AK14=$E14,1,0) -> 1 | AW14: =AV14+AW13 -> 7 | AX14: =IF(AK14-$E14=1,1,0) -> 0 | AY14: =AX14+AY13 -> 2 | AZ14: =IF(AK14-$E14>=2,1,0) -> 0 | BA14: =AZ14+BA13 -> 2 | BB14: =IF(AM14=0,1,0) -> 0 | BC14: =BB14+BC13 -> 0 | BD14: =IF(AM14=1,1,0) -> 0 | BE14: =BD14+BE13 -> 1 | BF14: =IF(AM14=2,1,0) -> 1 | BG14: =BF14+BG13 -> 9 | BH14: =IF(AM14>=3,1,0) -> 0 | BI14: =BH14+BI13 -> 1 | BK14: =IF($E14=4,AK14-4,NA()) -> 0 | BM14: =AK14-'Zusammenfassung Tag1-4'!$C$2/18 -> 3.4444444 | BN14: =BM14+BN13 -> 47.888889 | BO14: 5 | BP14: =BO14+BP13 -> 65 | BQ14: 3 | BR14: =BQ14+BR13 -> 27 | BS14: =IF(BO14-BQ14<=$E14-2,1,0) -> 1 | BT14: =BS14+BT13 -> 4 | BU14: =IF(BS14=0,IF(BO14=$E14,1,0),0) -> 0 | BV14: =BU14+BV13 -> 0 | BX14: =IF($E14-BO14=1,1,0) -> 0 | BY14: =BX14+BY13 -> 0 | BZ14: =IF(BO14=$E14,1,0) -> 0 | CA14: =BZ14+CA13 -> 1 | CB14: =IF(BO14-$E14=1,1,0) -> 1 | CC14: =CB14+CC13 -> 6 | CD14: =IF(BO14-$E14>=2,1,0) -> 0 | CE14: =CD14+CE13 -> 4 | CF14: =IF(BQ14=0,1,0) -> 0 | CG14: =CF14+CG13 -> 0 | CH14: =IF(BQ14=1,1,0) -> 0 | CI14: =CH14+CI13 -> 0 | CJ14: =IF(BQ14=2,1,0) -> 0 | CK14: =CJ14+CK13 -> 6 | CL14: =IF(BQ14>=3,1,0) -> 1 | CM14: =CL14+CM13 -> 5 | CO14: =IF($E14=4,BO14-4,NA()) -> 1 | CQ14: =BO14-'Zusammenfassung Tag1-4'!$D$2/18 -> 3.9444444 | CR14: =CQ14+CR13 -> 53.388889 | CS14: 4 | CT14: =CS14+CT13 -> 60 | CU14: 2 | CV14: =CU14+CV13 -> 28 | CW14: =IF(CS14-CU14<=$E14-2,1,0) -> 1 | CX14: =CW14+CX13 -> 6 | CY14: =IF(CW14=0,IF(CS14=$E14,1,0),0) -> 0 | CZ14: =CY14+CZ13 -> 0 | DB14: =IF($E14-CS14=1,1,0) -> 0 | DC14: =DB14+DC13 -> 0 | DD14: =IF(CS14=$E14,1,0) -> 1 | DE14: =DD14+DE13 -> 2 | DF14: =IF(CS14-$E14=1,1,0) -> 0 | DG14: =DF14+DG13 -> 5 | DH14: =IF(CS14-$E14>=2,1,0) -> 0 | DI14: =DH14+DI13 -> 4 | DJ14: =IF(CU14=0,1,0) -> 0 | DK14: =DJ14+DK13 -> 0 | DL14: =IF(CU14=1,1,0) -> 0 | DM14: =DL14+DM13 -> 0 | DN14: =IF(CU14=2,1,0) -> 1 | DO14: =DN14+DO13 -> 5 | DP14: =IF(CU14>=3,1,0) -> 0 | DQ14: =DP14+DQ13 -> 6 | DS14: =IF($E14=4,CS14-4,NA()) -> 0 | DU14: =CS14-'Zusammenfassung Tag1-4'!$E$2/18 -> 3 | DV14: =DU14+DV13 -> 49 | DW14: 8 | DX14: 136 | DY14: 3 | DZ14: =DY14+DZ13 -> 27 | EA14: =IF(DW14-DY14<=$E14-2,1,0) -> 0 | EB14: =EA14+EB13 -> 0 | EC14: =IF(EA14=0,IF(DW14=$E14,1,0),0) -> 0 | ED14: =EC14+ED13 -> 0 | EF14: =IF($E14-DW14=1,1,0) -> 0 | EG14: =EF14+EG13 -> 0 | EH14: =IF(DW14=$E14,1,0) -> 0 | EI14: =EH14+EI13 -> 0 | EJ14: =IF(DW14-$E14=1,1,0) -> 0 | EK14: =EJ14+EK13 -> 0 | EL14: =IF(DW14-$E14>=2,1,0) -> 1 | EM14: =EL14+EM13 -> 11 | EN14: =IF(DY14=0,1,0) -> 0 | EO14: =EN14+EO13 -> 0 | EP14: =IF(DY14=1,1,0) -> 0 | EQ14: =EP14+EQ13 -> 0 | ER14: =IF(DY14=2,1,0) -> 0 | ES14: =ER14+ES13 -> 6 | ET14: =IF(DY14>=3,1,0) -> 1 | EU14: =ET14+EU13 -> 5 | EW14: =IF($E14=4,DW14-4,NA()) -> 4 | EY14: =DW14-'Zusammenfassung Tag1-4'!$F$2/18 -> 5.5 | EZ14: =EY14+EZ13 -> 60.5 | FA14: 4 | FB14: 62 | FC14: 2 | FD14: =FC14+FD13 -> 24 | FE14: =IF(FA14-FC14<=$E14-2,1,0) -> 1 | FF14: =FE14+FF13 -> 2 | FG14: =IF(FE14=0,IF(FA14=$E14,1,0),0) -> 0 | FH14: =FG14+FH13 -> 0 | FJ14: =IF($E14-FA14=1,1,0) -> 0 | FK14: =FJ14+FK13 -> 0 | FL14: =IF(FA14=$E14,1,0) -> 1 | FM14: =FL14+FM13 -> 1 | FN14: =IF(FA14-$E14=1,1,0) -> 0 | FO14: =FN14+FO13 -> 3 | FP14: =IF(FA14-$E14>=2,1,0) -> 0 | FQ14: =FP14+FQ13 -> 7 | FR14: =IF(FC14=0,1,0) -> 0 | FS14: =FR14+FS13 -> 0 | FT14: =IF(FC14=1,1,0) -> 0 | FU14: =FT14+FU13 -> 1 | FV14: =IF(FC14=2,1,0) -> 1 | FW14: =FV14+FW13 -> 7 | FX14: =IF(FC14>=3,1,0) -> 0 | FY14: =FX14+FY13 -> 3 | GA14: =IF($E14=4,FA14-4,NA()) -> 0 | GC14: =FA14-'Zusammenfassung Tag1-4'!$G$2/18 -> 2.7222222 | GD14: =GC14+GD13 -> 49.944444 | GE14: 4 | GF14: 83 | GG14: 1 | GH14: =GG14+GH13 -> 21 | GI14: =IF(GE14-GG14<=$E14-2,1,0) -> 0 | GJ14: =GI14+GJ13 -> 1 | GK14: =IF(GI14=0,IF(GE14=$E14,1,0),0) -> 1 | GL14: =GK14+GL13 -> 1 | GN14: =IF($E14-GE14=1,1,0) -> 0 | GO14: =GN14+GO13 -> 0 | GP14: =IF(GE14=$E14,1,0) -> 1 | GQ14: =GP14+GQ13 -> 2 | GR14: =IF(GE14-$E14=1,1,0) -> 0 | GS14: =GR14+GS13 -> 1 | GT14: =IF(GE14-$E14>=2,1,0) -> 0 | GU14: =GT14+GU13 -> 8 | GV14: =IF(GG14=0,1,0) -> 0 | GW14: =GV14+GW13 -> 0 | GX14: =IF(GG14=1,1,0) -> 1 | GY14: =GX14+GY13 -> 2 | GZ14: =IF(GG14=2,1,0) -> 0 | HA14: =GZ14+HA13 -> 8 | HB14: =IF(GG14>=3,1,0) -> 0 | HC14: =HB14+HC13 -> 1 | HE14: =IF($E14=4,GE14-4,NA()) -> 0 | HG14: =GE14-'Zusammenfassung Tag1-4'!$H$2/18 -> 2.2222222 | HH14: =HG14+HH13 -> 56.444444 | HI14: 6 | HJ14: 57 | HK14: 2 | HL14: =HK14+HL13 -> 21 | HM14: =IF(HI14-HK14<=$E14-2,1,0) -> 0 | HN14: =HM14+HN13 -> 0 | HO14: =IF(HM14=0,IF(HI14=$E14,1,0),0) -> 0 | HP14: =HO14+HP13 -> 1 | HR14: =IF($E14-HI14=1,1,0) -> 0 | HS14: =HR14+HS13 -> 0 | HT14: =IF(HI14=$E14,1,0) -> 0 | HU14: =HT14+HU13 -> 1 | HV14: =IF(HI14-$E14=1,1,0) -> 0 | HW14: =HV14+HW13 -> 1 | HX14: =IF(HI14-$E14>=2,1,0) -> 1 | HY14: =HX14+HY13 -> 9 | HZ14: =IF(HK14=0,1,0) -> 0 | IA14: =HZ14+IA13 -> 0 | IB14: =IF(HK14=1,1,0) -> 0 | IC14: =IB14+IC13 -> 2 | ID14: =IF(HK14=2,1,0) -> 1 | IE14: =ID14+IE13 -> 8 | IF14: =IF(HK14>=3,1,0) -> 0 | IG14: =IF14+IG13 -> 1 | II14: =IF($E14=4,HI14-4,NA()) -> 2 | IK14: =HI14-'Zusammenfassung Tag1-4'!$I$2/18 -> 5.1111111 | IL14: =IK14+IL13 -> 55.222222 | IM14: 7 | IN14: 213 | IO14: 2 | IP14: =IO14+IP13 -> 32 | IQ14: =IF(IM14-IO14<=$E14-2,1,0) -> 0 | IR14: =IQ14+IR13 -> 4 | IS14: =IF(IQ14=0,IF(IM14=$E14,1,0),0) -> 0 | IT14: =IS14+IT13 -> 0 | IV14: =IF($E14-IM14=1,1,0) -> 0 | IW14: =IV14+IW13 -> 0 | IX14: =IF(IM14=$E14,1,0) -> 0 | IY14: =IX14+IY13 -> 1 | IZ14: =IF(IM14-$E14=1,1,0) -> 0 | JA14: =IZ14+JA13 -> 2 | JB14: =IF(IM14-$E14>=2,1,0) -> 1 | JC14: =JB14+JC13 -> 8 | JD14: =IF(IO14=0,1,0) -> 0 | JE14: =JD14+JE13 -> 0 | JF14: =IF(IO14=1,1,0) -> 0 | JG14: =JF14+JG13 -> 0 | JH14: =IF(IO14=2,1,0) -> 1 | JI14: =JH14+JI13 -> 4 | JJ14: =IF(IO14>=3,1,0) -> 0 | JK14: =JJ14+JK13 -> 7 | JM14: =IF($E14=4,IM14-4,NA()) -> 3 | JO14: =IM14-'Zusammenfassung Tag1-4'!$J$2/18 -> 4.6666667 | JP14: =JO14+JP13 -> 49.333333 | JT14: =JS14+JT13 -> 0 | JU14: =IF(JQ14-JS14<=$E14-2,1,0) -> 1 | JV14: =JU14+JV13 -> 11 | JW14: =IF(JU14=0,IF(JQ14=$E14,1,0),0) -> 0 | JX14: =JW14+JX13 -> 0 | JZ14: =IF($E14-JQ14=1,1,0) -> 0 | KA14: =JZ14+KA13 -> 0 | KB14: =IF(JQ14=$E14,1,0) -> 0 | KC14: =KB14+KC13 -> 0 | KD14: =IF(JQ14-$E14=1,1,0) -> 0 | KE14: =KD14+KE13 -> 0 | KF14: =IF(JQ14-$E14>=2,1,0) -> 0 | KG14: =KF14+KG13 -> 0 | KH14: =IF(JS14=0,1,0) -> 1 | KI14: =KH14+KI13 -> 11 | KJ14: =IF(JS14=1,1,0) -> 0 | KK14: =KJ14+KK13 -> 0 | KL14: =IF(JS14=2,1,0) -> 0 | KM14: =KL14+KM13 -> 0 | KN14: =IF(JS14>=3,1,0) -> 0 | KO14: =KN14+KO13 -> 0 | KQ14: =IF($E14=4,JQ14-4,NA()) -> -4 | KS14: =JQ14-'Zusammenfassung Tag1-4'!#REF!/18 -> #REF! | KT14: =KS14+KT13 -> #REF!
C15: 12 | D15: =D14+1 -> 12 | E15: 4 | F15: =E15+F14 -> 48 | G15: 5 | H15: =G15+H14 -> 53 | I15: 2 | J15: =I15+J14 -> 21 | K15: =IF(G15-I15<=$E15-2,1,0) -> 0 | L15: =K15+L14 -> 4 | M15: =IF(K15=0,IF(G15=$E15,1,0),0) -> 0 | N15: =M15+N14 -> 2 | P15: =IF($E15-G15=1,1,0) -> 0 | Q15: =P15+Q14 -> 1 | R15: =IF(G15=$E15,1,0) -> 0 | S15: =R15+S14 -> 5 | T15: =IF(G15-$E15=1,1,0) -> 1 | U15: =T15+U14 -> 6 | V15: =IF(G15-$E15>=2,1,0) -> 0 | W15: =V15+W14 -> 0 | X15: =IF(I15=0,1,0) -> 0 | Y15: =X15+Y14 -> 0 | Z15: =IF(I15=1,1,0) -> 0 | AA15: =Z15+AA14 -> 3 | AB15: =IF(I15=2,1,0) -> 1 | AC15: =AB15+AC14 -> 9 | AD15: =IF(I15>=3,1,0) -> 0 | AE15: =AD15+AE14 -> 0 | AG15: =IF($E15=4,G15-4,NA()) -> 1 | AI15: =G15-'Zusammenfassung Tag1-4'!$B$2/18 -> 4.1666667 | AJ15: =AI15+AJ14 -> 43 | AK15: 5 | AL15: =AK15+AL14 -> 59 | AM15: 1 | AN15: =AM15+AN14 -> 23 | AO15: =IF(AK15-AM15<=$E15-2,1,0) -> 0 | AP15: =AO15+AP14 -> 7 | AQ15: =IF(AO15=0,IF(AK15=$E15,1,0),0) -> 0 | AR15: =AQ15+AR14 -> 1 | AT15: =IF($E15-AK15=1,1,0) -> 0 | AU15: =AT15+AU14 -> 0 | AV15: =IF(AK15=$E15,1,0) -> 0 | AW15: =AV15+AW14 -> 7 | AX15: =IF(AK15-$E15=1,1,0) -> 1 | AY15: =AX15+AY14 -> 3 | AZ15: =IF(AK15-$E15>=2,1,0) -> 0 | BA15: =AZ15+BA14 -> 2 | BB15: =IF(AM15=0,1,0) -> 0 | BC15: =BB15+BC14 -> 0 | BD15: =IF(AM15=1,1,0) -> 1 | BE15: =BD15+BE14 -> 2 | BF15: =IF(AM15=2,1,0) -> 0 | BG15: =BF15+BG14 -> 9 | BH15: =IF(AM15>=3,1,0) -> 0 | BI15: =BH15+BI14 -> 1 | BK15: =IF($E15=4,AK15-4,NA()) -> 1 | BM15: =AK15-'Zusammenfassung Tag1-4'!$C$2/18 -> 4.4444444 | BN15: =BM15+BN14 -> 52.333333 | BO15: 6 | BP15: =BO15+BP14 -> 71 | BQ15: 2 | BR15: =BQ15+BR14 -> 29 | BS15: =IF(BO15-BQ15<=$E15-2,1,0) -> 0 | BT15: =BS15+BT14 -> 4 | BU15: =IF(BS15=0,IF(BO15=$E15,1,0),0) -> 0 | BV15: =BU15+BV14 -> 0 | BX15: =IF($E15-BO15=1,1,0) -> 0 | BY15: =BX15+BY14 -> 0 | BZ15: =IF(BO15=$E15,1,0) -> 0 | CA15: =BZ15+CA14 -> 1 | CB15: =IF(BO15-$E15=1,1,0) -> 0 | CC15: =CB15+CC14 -> 6 | CD15: =IF(BO15-$E15>=2,1,0) -> 1 | CE15: =CD15+CE14 -> 5 | CF15: =IF(BQ15=0,1,0) -> 0 | CG15: =CF15+CG14 -> 0 | CH15: =IF(BQ15=1,1,0) -> 0 | CI15: =CH15+CI14 -> 0 | CJ15: =IF(BQ15=2,1,0) -> 1 | CK15: =CJ15+CK14 -> 7 | CL15: =IF(BQ15>=3,1,0) -> 0 | CM15: =CL15+CM14 -> 5 | CO15: =IF($E15=4,BO15-4,NA()) -> 2 | CQ15: =BO15-'Zusammenfassung Tag1-4'!$D$2/18 -> 4.9444444 | CR15: =CQ15+CR14 -> 58.333333 | CS15: 5 | CT15: =CS15+CT14 -> 65 | CU15: 1 | CV15: =CU15+CV14 -> 29 | CW15: =IF(CS15-CU15<=$E15-2,1,0) -> 0 | CX15: =CW15+CX14 -> 6 | CY15: =IF(CW15=0,IF(CS15=$E15,1,0),0) -> 0 | CZ15: =CY15+CZ14 -> 0 | DB15: =IF($E15-CS15=1,1,0) -> 0 | DC15: =DB15+DC14 -> 0 | DD15: =IF(CS15=$E15,1,0) -> 0 | DE15: =DD15+DE14 -> 2 | DF15: =IF(CS15-$E15=1,1,0) -> 1 | DG15: =DF15+DG14 -> 6 | DH15: =IF(CS15-$E15>=2,1,0) -> 0 | DI15: =DH15+DI14 -> 4 | DJ15: =IF(CU15=0,1,0) -> 0 | DK15: =DJ15+DK14 -> 0 | DL15: =IF(CU15=1,1,0) -> 1 | DM15: =DL15+DM14 -> 1 | DN15: =IF(CU15=2,1,0) -> 0 | DO15: =DN15+DO14 -> 5 | DP15: =IF(CU15>=3,1,0) -> 0 | DQ15: =DP15+DQ14 -> 6 | DS15: =IF($E15=4,CS15-4,NA()) -> 1 | DU15: =CS15-'Zusammenfassung Tag1-4'!$E$2/18 -> 4 | DV15: =DU15+DV14 -> 53 | DW15: 7 | DX15: 140 | DY15: 3 | DZ15: =DY15+DZ14 -> 30 | EA15: =IF(DW15-DY15<=$E15-2,1,0) -> 0 | EB15: =EA15+EB14 -> 0 | EC15: =IF(EA15=0,IF(DW15=$E15,1,0),0) -> 0 | ED15: =EC15+ED14 -> 0 | EF15: =IF($E15-DW15=1,1,0) -> 0 | EG15: =EF15+EG14 -> 0 | EH15: =IF(DW15=$E15,1,0) -> 0 | EI15: =EH15+EI14 -> 0 | EJ15: =IF(DW15-$E15=1,1,0) -> 0 | EK15: =EJ15+EK14 -> 0 | EL15: =IF(DW15-$E15>=2,1,0) -> 1 | EM15: =EL15+EM14 -> 12 | EN15: =IF(DY15=0,1,0) -> 0 | EO15: =EN15+EO14 -> 0 | EP15: =IF(DY15=1,1,0) -> 0 | EQ15: =EP15+EQ14 -> 0 | ER15: =IF(DY15=2,1,0) -> 0 | ES15: =ER15+ES14 -> 6 | ET15: =IF(DY15>=3,1,0) -> 1 | EU15: =ET15+EU14 -> 6 | EW15: =IF($E15=4,DW15-4,NA()) -> 3 | EY15: =DW15-'Zusammenfassung Tag1-4'!$F$2/18 -> 4.5 | EZ15: =EY15+EZ14 -> 65 | FA15: 7 | FB15: 69 | FC15: 3 | FD15: =FC15+FD14 -> 27 | FE15: =IF(FA15-FC15<=$E15-2,1,0) -> 0 | FF15: =FE15+FF14 -> 2 | FG15: =IF(FE15=0,IF(FA15=$E15,1,0),0) -> 0 | FH15: =FG15+FH14 -> 0 | FJ15: =IF($E15-FA15=1,1,0) -> 0 | FK15: =FJ15+FK14 -> 0 | FL15: =IF(FA15=$E15,1,0) -> 0 | FM15: =FL15+FM14 -> 1 | FN15: =IF(FA15-$E15=1,1,0) -> 0 | FO15: =FN15+FO14 -> 3 | FP15: =IF(FA15-$E15>=2,1,0) -> 1 | FQ15: =FP15+FQ14 -> 8 | FR15: =IF(FC15=0,1,0) -> 0 | FS15: =FR15+FS14 -> 0 | FT15: =IF(FC15=1,1,0) -> 0 | FU15: =FT15+FU14 -> 1 | FV15: =IF(FC15=2,1,0) -> 0 | FW15: =FV15+FW14 -> 7 | FX15: =IF(FC15>=3,1,0) -> 1 | FY15: =FX15+FY14 -> 4 | GA15: =IF($E15=4,FA15-4,NA()) -> 3 | GC15: =FA15-'Zusammenfassung Tag1-4'!$G$2/18 -> 5.7222222 | GD15: =GC15+GD14 -> 55.666667 | GE15: 5 | GF15: 91 | GG15: 2 | GH15: =GG15+GH14 -> 23 | GI15: =IF(GE15-GG15<=$E15-2,1,0) -> 0 | GJ15: =GI15+GJ14 -> 1 | GK15: =IF(GI15=0,IF(GE15=$E15,1,0),0) -> 0 | GL15: =GK15+GL14 -> 1 | GN15: =IF($E15-GE15=1,1,0) -> 0 | GO15: =GN15+GO14 -> 0 | GP15: =IF(GE15=$E15,1,0) -> 0 | GQ15: =GP15+GQ14 -> 2 | GR15: =IF(GE15-$E15=1,1,0) -> 1 | GS15: =GR15+GS14 -> 2 | GT15: =IF(GE15-$E15>=2,1,0) -> 0 | GU15: =GT15+GU14 -> 8 | GV15: =IF(GG15=0,1,0) -> 0 | GW15: =GV15+GW14 -> 0 | GX15: =IF(GG15=1,1,0) -> 0 | GY15: =GX15+GY14 -> 2 | GZ15: =IF(GG15=2,1,0) -> 1 | HA15: =GZ15+HA14 -> 9 | HB15: =IF(GG15>=3,1,0) -> 0 | HC15: =HB15+HC14 -> 1 | HE15: =IF($E15=4,GE15-4,NA()) -> 1 | HG15: =GE15-'Zusammenfassung Tag1-4'!$H$2/18 -> 3.2222222 | HH15: =HG15+HH14 -> 59.666667 | HI15: 5 | HJ15: 62 | HK15: 2 | HL15: =HK15+HL14 -> 23 | HM15: =IF(HI15-HK15<=$E15-2,1,0) -> 0 | HN15: =HM15+HN14 -> 0 | HO15: =IF(HM15=0,IF(HI15=$E15,1,0),0) -> 0 | HP15: =HO15+HP14 -> 1 | HR15: =IF($E15-HI15=1,1,0) -> 0 | HS15: =HR15+HS14 -> 0 | HT15: =IF(HI15=$E15,1,0) -> 0 | HU15: =HT15+HU14 -> 1 | HV15: =IF(HI15-$E15=1,1,0) -> 1 | HW15: =HV15+HW14 -> 2 | HX15: =IF(HI15-$E15>=2,1,0) -> 0 | HY15: =HX15+HY14 -> 9 | HZ15: =IF(HK15=0,1,0) -> 0 | IA15: =HZ15+IA14 -> 0 | IB15: =IF(HK15=1,1,0) -> 0 | IC15: =IB15+IC14 -> 2 | ID15: =IF(HK15=2,1,0) -> 1 | IE15: =ID15+IE14 -> 9 | IF15: =IF(HK15>=3,1,0) -> 0 | IG15: =IF15+IG14 -> 1 | II15: =IF($E15=4,HI15-4,NA()) -> 1 | IK15: =HI15-'Zusammenfassung Tag1-4'!$I$2/18 -> 4.1111111 | IL15: =IK15+IL14 -> 59.333333 | IM15: 5 | IN15: 223 | IO15: 2 | IP15: =IO15+IP14 -> 34 | IQ15: =IF(IM15-IO15<=$E15-2,1,0) -> 0 | IR15: =IQ15+IR14 -> 4 | IS15: =IF(IQ15=0,IF(IM15=$E15,1,0),0) -> 0 | IT15: =IS15+IT14 -> 0 | IV15: =IF($E15-IM15=1,1,0) -> 0 | IW15: =IV15+IW14 -> 0 | IX15: =IF(IM15=$E15,1,0) -> 0 | IY15: =IX15+IY14 -> 1 | IZ15: =IF(IM15-$E15=1,1,0) -> 1 | JA15: =IZ15+JA14 -> 3 | JB15: =IF(IM15-$E15>=2,1,0) -> 0 | JC15: =JB15+JC14 -> 8 | JD15: =IF(IO15=0,1,0) -> 0 | JE15: =JD15+JE14 -> 0 | JF15: =IF(IO15=1,1,0) -> 0 | JG15: =JF15+JG14 -> 0 | JH15: =IF(IO15=2,1,0) -> 1 | JI15: =JH15+JI14 -> 5 | JJ15: =IF(IO15>=3,1,0) -> 0 | JK15: =JJ15+JK14 -> 7 | JM15: =IF($E15=4,IM15-4,NA()) -> 1 | JO15: =IM15-'Zusammenfassung Tag1-4'!$J$2/18 -> 2.6666667 | JP15: =JO15+JP14 -> 52 | JT15: =JS15+JT14 -> 0 | JU15: =IF(JQ15-JS15<=$E15-2,1,0) -> 1 | JV15: =JU15+JV14 -> 12 | JW15: =IF(JU15=0,IF(JQ15=$E15,1,0),0) -> 0 | JX15: =JW15+JX14 -> 0 | JZ15: =IF($E15-JQ15=1,1,0) -> 0 | KA15: =JZ15+KA14 -> 0 | KB15: =IF(JQ15=$E15,1,0) -> 0 | KC15: =KB15+KC14 -> 0 | KD15: =IF(JQ15-$E15=1,1,0) -> 0 | KE15: =KD15+KE14 -> 0 | KF15: =IF(JQ15-$E15>=2,1,0) -> 0 | KG15: =KF15+KG14 -> 0 | KH15: =IF(JS15=0,1,0) -> 1 | KI15: =KH15+KI14 -> 12 | KJ15: =IF(JS15=1,1,0) -> 0 | KK15: =KJ15+KK14 -> 0 | KL15: =IF(JS15=2,1,0) -> 0 | KM15: =KL15+KM14 -> 0 | KN15: =IF(JS15>=3,1,0) -> 0 | KO15: =KN15+KO14 -> 0 | KQ15: =IF($E15=4,JQ15-4,NA()) -> -4 | KS15: =JQ15-'Zusammenfassung Tag1-4'!#REF!/18 -> #REF! | KT15: =KS15+KT14 -> #REF!
C16: 13 | D16: =D15+1 -> 13 | E16: 5 | F16: =E16+F15 -> 53 | G16: 6 | H16: =G16+H15 -> 59 | I16: 2 | J16: =I16+J15 -> 23 | K16: =IF(G16-I16<=$E16-2,1,0) -> 0 | L16: =K16+L15 -> 4 | M16: =IF(K16=0,IF(G16=$E16,1,0),0) -> 0 | N16: =M16+N15 -> 2 | P16: =IF($E16-G16=1,1,0) -> 0 | Q16: =P16+Q15 -> 1 | R16: =IF(G16=$E16,1,0) -> 0 | S16: =R16+S15 -> 5 | T16: =IF(G16-$E16=1,1,0) -> 1 | U16: =T16+U15 -> 7 | V16: =IF(G16-$E16>=2,1,0) -> 0 | W16: =V16+W15 -> 0 | X16: =IF(I16=0,1,0) -> 0 | Y16: =X16+Y15 -> 0 | Z16: =IF(I16=1,1,0) -> 0 | AA16: =Z16+AA15 -> 3 | AB16: =IF(I16=2,1,0) -> 1 | AC16: =AB16+AC15 -> 10 | AD16: =IF(I16>=3,1,0) -> 0 | AE16: =AD16+AE15 -> 0 | AH16: =IF($E16=5,G16-5,NA()) -> 1 | AI16: =G16-'Zusammenfassung Tag1-4'!$B$2/18 -> 5.1666667 | AJ16: =AI16+AJ15 -> 48.166667 | AK16: 6 | AL16: =AK16+AL15 -> 65 | AM16: 2 | AN16: =AM16+AN15 -> 25 | AO16: =IF(AK16-AM16<=$E16-2,1,0) -> 0 | AP16: =AO16+AP15 -> 7 | AQ16: =IF(AO16=0,IF(AK16=$E16,1,0),0) -> 0 | AR16: =AQ16+AR15 -> 1 | AT16: =IF($E16-AK16=1,1,0) -> 0 | AU16: =AT16+AU15 -> 0 | AV16: =IF(AK16=$E16,1,0) -> 0 | AW16: =AV16+AW15 -> 7 | AX16: =IF(AK16-$E16=1,1,0) -> 1 | AY16: =AX16+AY15 -> 4 | AZ16: =IF(AK16-$E16>=2,1,0) -> 0 | BA16: =AZ16+BA15 -> 2 | BB16: =IF(AM16=0,1,0) -> 0 | BC16: =BB16+BC15 -> 0 | BD16: =IF(AM16=1,1,0) -> 0 | BE16: =BD16+BE15 -> 2 | BF16: =IF(AM16=2,1,0) -> 1 | BG16: =BF16+BG15 -> 10 | BH16: =IF(AM16>=3,1,0) -> 0 | BI16: =BH16+BI15 -> 1 | BL16: =IF($E16=5,AK16-5,NA()) -> 1 | BM16: =AK16-'Zusammenfassung Tag1-4'!$C$2/18 -> 5.4444444 | BN16: =BM16+BN15 -> 57.777778 | BO16: 6 | BP16: =BO16+BP15 -> 77 | BQ16: 2 | BR16: =BQ16+BR15 -> 31 | BS16: =IF(BO16-BQ16<=$E16-2,1,0) -> 0 | BT16: =BS16+BT15 -> 4 | BU16: =IF(BS16=0,IF(BO16=$E16,1,0),0) -> 0 | BV16: =BU16+BV15 -> 0 | BX16: =IF($E16-BO16=1,1,0) -> 0 | BY16: =BX16+BY15 -> 0 | BZ16: =IF(BO16=$E16,1,0) -> 0 | CA16: =BZ16+CA15 -> 1 | CB16: =IF(BO16-$E16=1,1,0) -> 1 | CC16: =CB16+CC15 -> 7 | CD16: =IF(BO16-$E16>=2,1,0) -> 0 | CE16: =CD16+CE15 -> 5 | CF16: =IF(BQ16=0,1,0) -> 0 | CG16: =CF16+CG15 -> 0 | CH16: =IF(BQ16=1,1,0) -> 0 | CI16: =CH16+CI15 -> 0 | CJ16: =IF(BQ16=2,1,0) -> 1 | CK16: =CJ16+CK15 -> 8 | CL16: =IF(BQ16>=3,1,0) -> 0 | CM16: =CL16+CM15 -> 5 | CP16: =IF($E16=5,BO16-5,NA()) -> 1 | CQ16: =BO16-'Zusammenfassung Tag1-4'!$D$2/18 -> 4.9444444 | CR16: =CQ16+CR15 -> 63.277778 | CS16: 8 | CT16: =CS16+CT15 -> 73 | CU16: 4 | CV16: =CU16+CV15 -> 33 | CW16: =IF(CS16-CU16<=$E16-2,1,0) -> 0 | CX16: =CW16+CX15 -> 6 | CY16: =IF(CW16=0,IF(CS16=$E16,1,0),0) -> 0 | CZ16: =CY16+CZ15 -> 0 | DB16: =IF($E16-CS16=1,1,0) -> 0 | DC16: =DB16+DC15 -> 0 | DD16: =IF(CS16=$E16,1,0) -> 0 | DE16: =DD16+DE15 -> 2 | DF16: =IF(CS16-$E16=1,1,0) -> 0 | DG16: =DF16+DG15 -> 6 | DH16: =IF(CS16-$E16>=2,1,0) -> 1 | DI16: =DH16+DI15 -> 5 | DJ16: =IF(CU16=0,1,0) -> 0 | DK16: =DJ16+DK15 -> 0 | DL16: =IF(CU16=1,1,0) -> 0 | DM16: =DL16+DM15 -> 1 | DN16: =IF(CU16=2,1,0) -> 0 | DO16: =DN16+DO15 -> 5 | DP16: =IF(CU16>=3,1,0) -> 1 | DQ16: =DP16+DQ15 -> 7 | DT16: =IF($E16=5,CS16-5,NA()) -> 3 | DU16: =CS16-'Zusammenfassung Tag1-4'!$E$2/18 -> 7 | DV16: =DU16+DV15 -> 60 | DW16: 9 | DX16: 146 | DY16: 4 | DZ16: =DY16+DZ15 -> 34 | EA16: =IF(DW16-DY16<=$E16-2,1,0) -> 0 | EB16: =EA16+EB15 -> 0 | EC16: =IF(EA16=0,IF(DW16=$E16,1,0),0) -> 0 | ED16: =EC16+ED15 -> 0 | EF16: =IF($E16-DW16=1,1,0) -> 0 | EG16: =EF16+EG15 -> 0 | EH16: =IF(DW16=$E16,1,0) -> 0 | EI16: =EH16+EI15 -> 0 | EJ16: =IF(DW16-$E16=1,1,0) -> 0 | EK16: =EJ16+EK15 -> 0 | EL16: =IF(DW16-$E16>=2,1,0) -> 1 | EM16: =EL16+EM15 -> 13 | EN16: =IF(DY16=0,1,0) -> 0 | EO16: =EN16+EO15 -> 0 | EP16: =IF(DY16=1,1,0) -> 0 | EQ16: =EP16+EQ15 -> 0 | ER16: =IF(DY16=2,1,0) -> 0 | ES16: =ER16+ES15 -> 6 | ET16: =IF(DY16>=3,1,0) -> 1 | EU16: =ET16+EU15 -> 7 | EX16: =IF($E16=5,DW16-5,NA()) -> 4 | EY16: =DW16-'Zusammenfassung Tag1-4'!$F$2/18 -> 6.5 | EZ16: =EY16+EZ15 -> 71.5 | FA16: 6 | FB16: 76 | FC16: 3 | FD16: =FC16+FD15 -> 30 | FE16: =IF(FA16-FC16<=$E16-2,1,0) -> 1 | FF16: =FE16+FF15 -> 3 | FG16: =IF(FE16=0,IF(FA16=$E16,1,0),0) -> 0 | FH16: =FG16+FH15 -> 0 | FJ16: =IF($E16-FA16=1,1,0) -> 0 | FK16: =FJ16+FK15 -> 0 | FL16: =IF(FA16=$E16,1,0) -> 0 | FM16: =FL16+FM15 -> 1 | FN16: =IF(FA16-$E16=1,1,0) -> 1 | FO16: =FN16+FO15 -> 4 | FP16: =IF(FA16-$E16>=2,1,0) -> 0 | FQ16: =FP16+FQ15 -> 8 | FR16: =IF(FC16=0,1,0) -> 0 | FS16: =FR16+FS15 -> 0 | FT16: =IF(FC16=1,1,0) -> 0 | FU16: =FT16+FU15 -> 1 | FV16: =IF(FC16=2,1,0) -> 0 | FW16: =FV16+FW15 -> 7 | FX16: =IF(FC16>=3,1,0) -> 1 | FY16: =FX16+FY15 -> 5 | GB16: =IF($E16=5,FA16-5,NA()) -> 1 | GC16: =FA16-'Zusammenfassung Tag1-4'!$G$2/18 -> 4.7222222 | GD16: =GC16+GD15 -> 60.388889 | GE16: 8 | GF16: 98 | GG16: 3 | GH16: =GG16+GH15 -> 26 | GI16: =IF(GE16-GG16<=$E16-2,1,0) -> 0 | GJ16: =GI16+GJ15 -> 1 | GK16: =IF(GI16=0,IF(GE16=$E16,1,0),0) -> 0 | GL16: =GK16+GL15 -> 1 | GN16: =IF($E16-GE16=1,1,0) -> 0 | GO16: =GN16+GO15 -> 0 | GP16: =IF(GE16=$E16,1,0) -> 0 | GQ16: =GP16+GQ15 -> 2 | GR16: =IF(GE16-$E16=1,1,0) -> 0 | GS16: =GR16+GS15 -> 2 | GT16: =IF(GE16-$E16>=2,1,0) -> 1 | GU16: =GT16+GU15 -> 9 | GV16: =IF(GG16=0,1,0) -> 0 | GW16: =GV16+GW15 -> 0 | GX16: =IF(GG16=1,1,0) -> 0 | GY16: =GX16+GY15 -> 2 | GZ16: =IF(GG16=2,1,0) -> 0 | HA16: =GZ16+HA15 -> 9 | HB16: =IF(GG16>=3,1,0) -> 1 | HC16: =HB16+HC15 -> 2 | HF16: =IF($E16=5,GE16-5,NA()) -> 3 | HG16: =GE16-'Zusammenfassung Tag1-4'!$H$2/18 -> 6.2222222 | HH16: =HG16+HH15 -> 65.888889 | HI16: 6 | HJ16: 68 | HK16: 2 | HL16: =HK16+HL15 -> 25 | HM16: =IF(HI16-HK16<=$E16-2,1,0) -> 0 | HN16: =HM16+HN15 -> 0 | HO16: =IF(HM16=0,IF(HI16=$E16,1,0),0) -> 0 | HP16: =HO16+HP15 -> 1 | HR16: =IF($E16-HI16=1,1,0) -> 0 | HS16: =HR16+HS15 -> 0 | HT16: =IF(HI16=$E16,1,0) -> 0 | HU16: =HT16+HU15 -> 1 | HV16: =IF(HI16-$E16=1,1,0) -> 1 | HW16: =HV16+HW15 -> 3 | HX16: =IF(HI16-$E16>=2,1,0) -> 0 | HY16: =HX16+HY15 -> 9 | HZ16: =IF(HK16=0,1,0) -> 0 | IA16: =HZ16+IA15 -> 0 | IB16: =IF(HK16=1,1,0) -> 0 | IC16: =IB16+IC15 -> 2 | ID16: =IF(HK16=2,1,0) -> 1 | IE16: =ID16+IE15 -> 10 | IF16: =IF(HK16>=3,1,0) -> 0 | IG16: =IF16+IG15 -> 1 | IJ16: =IF($E16=5,HI16-5,NA()) -> 1 | IK16: =HI16-'Zusammenfassung Tag1-4'!$I$2/18 -> 5.1111111 | IL16: =IK16+IL15 -> 64.444444 | IM16: 10 | IN16: 232 | IO16: 2 | IP16: =IO16+IP15 -> 36 | IQ16: =IF(IM16-IO16<=$E16-2,1,0) -> 0 | IR16: =IQ16+IR15 -> 4 | IS16: =IF(IQ16=0,IF(IM16=$E16,1,0),0) -> 0 | IT16: =IS16+IT15 -> 0 | IV16: =IF($E16-IM16=1,1,0) -> 0 | IW16: =IV16+IW15 -> 0 | IX16: =IF(IM16=$E16,1,0) -> 0 | IY16: =IX16+IY15 -> 1 | IZ16: =IF(IM16-$E16=1,1,0) -> 0 | JA16: =IZ16+JA15 -> 3 | JB16: =IF(IM16-$E16>=2,1,0) -> 1 | JC16: =JB16+JC15 -> 9 | JD16: =IF(IO16=0,1,0) -> 0 | JE16: =JD16+JE15 -> 0 | JF16: =IF(IO16=1,1,0) -> 0 | JG16: =JF16+JG15 -> 0 | JH16: =IF(IO16=2,1,0) -> 1 | JI16: =JH16+JI15 -> 6 | JJ16: =IF(IO16>=3,1,0) -> 0 | JK16: =JJ16+JK15 -> 7 | JN16: =IF($E16=5,IM16-5,NA()) -> 5 | JO16: =IM16-'Zusammenfassung Tag1-4'!$J$2/18 -> 7.6666667 | JP16: =JO16+JP15 -> 59.666667 | JT16: =JS16+JT15 -> 0 | JU16: =IF(JQ16-JS16<=$E16-2,1,0) -> 1 | JV16: =JU16+JV15 -> 13 | JW16: =IF(JU16=0,IF(JQ16=$E16,1,0),0) -> 0 | JX16: =JW16+JX15 -> 0 | JZ16: =IF($E16-JQ16=1,1,0) -> 0 | KA16: =JZ16+KA15 -> 0 | KB16: =IF(JQ16=$E16,1,0) -> 0 | KC16: =KB16+KC15 -> 0 | KD16: =IF(JQ16-$E16=1,1,0) -> 0 | KE16: =KD16+KE15 -> 0 | KF16: =IF(JQ16-$E16>=2,1,0) -> 0 | KG16: =KF16+KG15 -> 0 | KH16: =IF(JS16=0,1,0) -> 1 | KI16: =KH16+KI15 -> 13 | KJ16: =IF(JS16=1,1,0) -> 0 | KK16: =KJ16+KK15 -> 0 | KL16: =IF(JS16=2,1,0) -> 0 | KM16: =KL16+KM15 -> 0 | KN16: =IF(JS16>=3,1,0) -> 0 | KO16: =KN16+KO15 -> 0 | KR16: =IF($E16=5,JQ16-5,NA()) -> -5 | KS16: =JQ16-'Zusammenfassung Tag1-4'!#REF!/18 -> #REF! | KT16: =KS16+KT15 -> #REF!
C17: 14 | D17: =D16+1 -> 14 | E17: 3 | F17: =E17+F16 -> 56 | G17: 5 | H17: =G17+H16 -> 64 | I17: 4 | J17: =I17+J16 -> 27 | K17: =IF(G17-I17<=$E17-2,1,0) -> 1 | L17: =K17+L16 -> 5 | M17: =IF(K17=0,IF(G17=$E17,1,0),0) -> 0 | N17: =M17+N16 -> 2 | P17: =IF($E17-G17=1,1,0) -> 0 | Q17: =P17+Q16 -> 1 | R17: =IF(G17=$E17,1,0) -> 0 | S17: =R17+S16 -> 5 | T17: =IF(G17-$E17=1,1,0) -> 0 | U17: =T17+U16 -> 7 | V17: =IF(G17-$E17>=2,1,0) -> 1 | W17: =V17+W16 -> 1 | X17: =IF(I17=0,1,0) -> 0 | Y17: =X17+Y16 -> 0 | Z17: =IF(I17=1,1,0) -> 0 | AA17: =Z17+AA16 -> 3 | AB17: =IF(I17=2,1,0) -> 0 | AC17: =AB17+AC16 -> 10 | AD17: =IF(I17>=3,1,0) -> 1 | AE17: =AD17+AE16 -> 1 | AF17: =IF($E17=3,G17-3,NA()) -> 2 | AI17: =G17-'Zusammenfassung Tag1-4'!$B$2/18 -> 4.1666667 | AJ17: =AI17+AJ16 -> 52.333333 | AK17: 6 | AL17: =AK17+AL16 -> 71 | AM17: 2 | AN17: =AM17+AN16 -> 27 | AO17: =IF(AK17-AM17<=$E17-2,1,0) -> 0 | AP17: =AO17+AP16 -> 7 | AQ17: =IF(AO17=0,IF(AK17=$E17,1,0),0) -> 0 | AR17: =AQ17+AR16 -> 1 | AT17: =IF($E17-AK17=1,1,0) -> 0 | AU17: =AT17+AU16 -> 0 | AV17: =IF(AK17=$E17,1,0) -> 0 | AW17: =AV17+AW16 -> 7 | AX17: =IF(AK17-$E17=1,1,0) -> 0 | AY17: =AX17+AY16 -> 4 | AZ17: =IF(AK17-$E17>=2,1,0) -> 1 | BA17: =AZ17+BA16 -> 3 | BB17: =IF(AM17=0,1,0) -> 0 | BC17: =BB17+BC16 -> 0 | BD17: =IF(AM17=1,1,0) -> 0 | BE17: =BD17+BE16 -> 2 | BF17: =IF(AM17=2,1,0) -> 1 | BG17: =BF17+BG16 -> 11 | BH17: =IF(AM17>=3,1,0) -> 0 | BI17: =BH17+BI16 -> 1 | BJ17: =IF($E17=3,AK17-3,NA()) -> 3 | BM17: =AK17-'Zusammenfassung Tag1-4'!$C$2/18 -> 5.4444444 | BN17: =BM17+BN16 -> 63.222222 | BO17: 5 | BP17: =BO17+BP16 -> 82 | BQ17: 3 | BR17: =BQ17+BR16 -> 34 | BS17: =IF(BO17-BQ17<=$E17-2,1,0) -> 0 | BT17: =BS17+BT16 -> 4 | BU17: =IF(BS17=0,IF(BO17=$E17,1,0),0) -> 0 | BV17: =BU17+BV16 -> 0 | BX17: =IF($E17-BO17=1,1,0) -> 0 | BY17: =BX17+BY16 -> 0 | BZ17: =IF(BO17=$E17,1,0) -> 0 | CA17: =BZ17+CA16 -> 1 | CB17: =IF(BO17-$E17=1,1,0) -> 0 | CC17: =CB17+CC16 -> 7 | CD17: =IF(BO17-$E17>=2,1,0) -> 1 | CE17: =CD17+CE16 -> 6 | CF17: =IF(BQ17=0,1,0) -> 0 | CG17: =CF17+CG16 -> 0 | CH17: =IF(BQ17=1,1,0) -> 0 | CI17: =CH17+CI16 -> 0 | CJ17: =IF(BQ17=2,1,0) -> 0 | CK17: =CJ17+CK16 -> 8 | CL17: =IF(BQ17>=3,1,0) -> 1 | CM17: =CL17+CM16 -> 6 | CN17: =IF($E17=3,BO17-3,NA()) -> 2 | CQ17: =BO17-'Zusammenfassung Tag1-4'!$D$2/18 -> 3.9444444 | CR17: =CQ17+CR16 -> 67.222222 | CS17: 5 | CT17: =CS17+CT16 -> 78 | CU17: 2 | CV17: =CU17+CV16 -> 35 | CW17: =IF(CS17-CU17<=$E17-2,1,0) -> 0 | CX17: =CW17+CX16 -> 6 | CY17: =IF(CW17=0,IF(CS17=$E17,1,0),0) -> 0 | CZ17: =CY17+CZ16 -> 0 | DB17: =IF($E17-CS17=1,1,0) -> 0 | DC17: =DB17+DC16 -> 0 | DD17: =IF(CS17=$E17,1,0) -> 0 | DE17: =DD17+DE16 -> 2 | DF17: =IF(CS17-$E17=1,1,0) -> 0 | DG17: =DF17+DG16 -> 6 | DH17: =IF(CS17-$E17>=2,1,0) -> 1 | DI17: =DH17+DI16 -> 6 | DJ17: =IF(CU17=0,1,0) -> 0 | DK17: =DJ17+DK16 -> 0 | DL17: =IF(CU17=1,1,0) -> 0 | DM17: =DL17+DM16 -> 1 | DN17: =IF(CU17=2,1,0) -> 1 | DO17: =DN17+DO16 -> 6 | DP17: =IF(CU17>=3,1,0) -> 0 | DQ17: =DP17+DQ16 -> 7 | DR17: =IF($E17=3,CS17-3,NA()) -> 2 | DU17: =CS17-'Zusammenfassung Tag1-4'!$E$2/18 -> 4 | DV17: =DU17+DV16 -> 64 | DW17: 4 | DX17: 149 | DY17: 2 | DZ17: =DY17+DZ16 -> 36 | EA17: =IF(DW17-DY17<=$E17-2,1,0) -> 0 | EB17: =EA17+EB16 -> 0 | EC17: =IF(EA17=0,IF(DW17=$E17,1,0),0) -> 0 | ED17: =EC17+ED16 -> 0 | EF17: =IF($E17-DW17=1,1,0) -> 0 | EG17: =EF17+EG16 -> 0 | EH17: =IF(DW17=$E17,1,0) -> 0 | EI17: =EH17+EI16 -> 0 | EJ17: =IF(DW17-$E17=1,1,0) -> 1 | EK17: =EJ17+EK16 -> 1 | EL17: =IF(DW17-$E17>=2,1,0) -> 0 | EM17: =EL17+EM16 -> 13 | EN17: =IF(DY17=0,1,0) -> 0 | EO17: =EN17+EO16 -> 0 | EP17: =IF(DY17=1,1,0) -> 0 | EQ17: =EP17+EQ16 -> 0 | ER17: =IF(DY17=2,1,0) -> 1 | ES17: =ER17+ES16 -> 7 | ET17: =IF(DY17>=3,1,0) -> 0 | EU17: =ET17+EU16 -> 7 | EV17: =IF($E17=3,DW17-3,NA()) -> 1 | EY17: =DW17-'Zusammenfassung Tag1-4'!$F$2/18 -> 1.5 | EZ17: =EY17+EZ16 -> 73 | FA17: 4 | FB17: 80 | FC17: 2 | FD17: =FC17+FD16 -> 32 | FE17: =IF(FA17-FC17<=$E17-2,1,0) -> 0 | FF17: =FE17+FF16 -> 3 | FG17: =IF(FE17=0,IF(FA17=$E17,1,0),0) -> 0 | FH17: =FG17+FH16 -> 0 | FJ17: =IF($E17-FA17=1,1,0) -> 0 | FK17: =FJ17+FK16 -> 0 | FL17: =IF(FA17=$E17,1,0) -> 0 | FM17: =FL17+FM16 -> 1 | FN17: =IF(FA17-$E17=1,1,0) -> 1 | FO17: =FN17+FO16 -> 5 | FP17: =IF(FA17-$E17>=2,1,0) -> 0 | FQ17: =FP17+FQ16 -> 8 | FR17: =IF(FC17=0,1,0) -> 0 | FS17: =FR17+FS16 -> 0 | FT17: =IF(FC17=1,1,0) -> 0 | FU17: =FT17+FU16 -> 1 | FV17: =IF(FC17=2,1,0) -> 1 | FW17: =FV17+FW16 -> 8 | FX17: =IF(FC17>=3,1,0) -> 0 | FY17: =FX17+FY16 -> 5 | FZ17: =IF($E17=3,FA17-3,NA()) -> 1 | GC17: =FA17-'Zusammenfassung Tag1-4'!$G$2/18 -> 2.7222222 | GD17: =GC17+GD16 -> 63.111111 | GE17: 4 | GF17: 102 | GG17: 2 | GH17: =GG17+GH16 -> 28 | GI17: =IF(GE17-GG17<=$E17-2,1,0) -> 0 | GJ17: =GI17+GJ16 -> 1 | GK17: =IF(GI17=0,IF(GE17=$E17,1,0),0) -> 0 | GL17: =GK17+GL16 -> 1 | GN17: =IF($E17-GE17=1,1,0) -> 0 | GO17: =GN17+GO16 -> 0 | GP17: =IF(GE17=$E17,1,0) -> 0 | GQ17: =GP17+GQ16 -> 2 | GR17: =IF(GE17-$E17=1,1,0) -> 1 | GS17: =GR17+GS16 -> 3 | GT17: =IF(GE17-$E17>=2,1,0) -> 0 | GU17: =GT17+GU16 -> 9 | GV17: =IF(GG17=0,1,0) -> 0 | GW17: =GV17+GW16 -> 0 | GX17: =IF(GG17=1,1,0) -> 0 | GY17: =GX17+GY16 -> 2 | GZ17: =IF(GG17=2,1,0) -> 1 | HA17: =GZ17+HA16 -> 10 | HB17: =IF(GG17>=3,1,0) -> 0 | HC17: =HB17+HC16 -> 2 | HD17: =IF($E17=3,GE17-3,NA()) -> 1 | HG17: =GE17-'Zusammenfassung Tag1-4'!$H$2/18 -> 2.2222222 | HH17: =HG17+HH16 -> 68.111111 | HI17: 6 | HJ17: 72 | HK17: 1 | HL17: =HK17+HL16 -> 26 | HM17: =IF(HI17-HK17<=$E17-2,1,0) -> 0 | HN17: =HM17+HN16 -> 0 | HO17: =IF(HM17=0,IF(HI17=$E17,1,0),0) -> 0 | HP17: =HO17+HP16 -> 1 | HR17: =IF($E17-HI17=1,1,0) -> 0 | HS17: =HR17+HS16 -> 0 | HT17: =IF(HI17=$E17,1,0) -> 0 | HU17: =HT17+HU16 -> 1 | HV17: =IF(HI17-$E17=1,1,0) -> 0 | HW17: =HV17+HW16 -> 3 | HX17: =IF(HI17-$E17>=2,1,0) -> 1 | HY17: =HX17+HY16 -> 10 | HZ17: =IF(HK17=0,1,0) -> 0 | IA17: =HZ17+IA16 -> 0 | IB17: =IF(HK17=1,1,0) -> 1 | IC17: =IB17+IC16 -> 3 | ID17: =IF(HK17=2,1,0) -> 0 | IE17: =ID17+IE16 -> 10 | IF17: =IF(HK17>=3,1,0) -> 0 | IG17: =IF17+IG16 -> 1 | IH17: =IF($E17=3,HI17-3,NA()) -> 3 | IK17: =HI17-'Zusammenfassung Tag1-4'!$I$2/18 -> 5.1111111 | IL17: =IK17+IL16 -> 69.555556 | IM17: 7 | IN17: 238 | IO17: 3 | IP17: =IO17+IP16 -> 39 | IQ17: =IF(IM17-IO17<=$E17-2,1,0) -> 0 | IR17: =IQ17+IR16 -> 4 | IS17: =IF(IQ17=0,IF(IM17=$E17,1,0),0) -> 0 | IT17: =IS17+IT16 -> 0 | IV17: =IF($E17-IM17=1,1,0) -> 0 | IW17: =IV17+IW16 -> 0 | IX17: =IF(IM17=$E17,1,0) -> 0 | IY17: =IX17+IY16 -> 1 | IZ17: =IF(IM17-$E17=1,1,0) -> 0 | JA17: =IZ17+JA16 -> 3 | JB17: =IF(IM17-$E17>=2,1,0) -> 1 | JC17: =JB17+JC16 -> 10 | JD17: =IF(IO17=0,1,0) -> 0 | JE17: =JD17+JE16 -> 0 | JF17: =IF(IO17=1,1,0) -> 0 | JG17: =JF17+JG16 -> 0 | JH17: =IF(IO17=2,1,0) -> 0 | JI17: =JH17+JI16 -> 6 | JJ17: =IF(IO17>=3,1,0) -> 1 | JK17: =JJ17+JK16 -> 8 | JL17: =IF($E17=3,IM17-3,NA()) -> 4 | JO17: =IM17-'Zusammenfassung Tag1-4'!$J$2/18 -> 4.6666667 | JP17: =JO17+JP16 -> 64.333333 | JT17: =JS17+JT16 -> 0 | JU17: =IF(JQ17-JS17<=$E17-2,1,0) -> 1 | JV17: =JU17+JV16 -> 14 | JW17: =IF(JU17=0,IF(JQ17=$E17,1,0),0) -> 0 | JX17: =JW17+JX16 -> 0 | JZ17: =IF($E17-JQ17=1,1,0) -> 0 | KA17: =JZ17+KA16 -> 0 | KB17: =IF(JQ17=$E17,1,0) -> 0 | KC17: =KB17+KC16 -> 0 | KD17: =IF(JQ17-$E17=1,1,0) -> 0 | KE17: =KD17+KE16 -> 0 | KF17: =IF(JQ17-$E17>=2,1,0) -> 0 | KG17: =KF17+KG16 -> 0 | KH17: =IF(JS17=0,1,0) -> 1 | KI17: =KH17+KI16 -> 14 | KJ17: =IF(JS17=1,1,0) -> 0 | KK17: =KJ17+KK16 -> 0 | KL17: =IF(JS17=2,1,0) -> 0 | KM17: =KL17+KM16 -> 0 | KN17: =IF(JS17>=3,1,0) -> 0 | KO17: =KN17+KO16 -> 0 | KP17: =IF($E17=3,JQ17-3,NA()) -> -3 | KS17: =JQ17-'Zusammenfassung Tag1-4'!#REF!/18 -> #REF! | KT17: =KS17+KT16 -> #REF!
C18: 15 | D18: =D17+1 -> 15 | E18: 4 | F18: =E18+F17 -> 60 | G18: 5 | H18: =G18+H17 -> 69 | I18: 2 | J18: =I18+J17 -> 29 | K18: =IF(G18-I18<=$E18-2,1,0) -> 0 | L18: =K18+L17 -> 5 | M18: =IF(K18=0,IF(G18=$E18,1,0),0) -> 0 | N18: =M18+N17 -> 2 | P18: =IF($E18-G18=1,1,0) -> 0 | Q18: =P18+Q17 -> 1 | R18: =IF(G18=$E18,1,0) -> 0 | S18: =R18+S17 -> 5 | T18: =IF(G18-$E18=1,1,0) -> 1 | U18: =T18+U17 -> 8 | V18: =IF(G18-$E18>=2,1,0) -> 0 | W18: =V18+W17 -> 1 | X18: =IF(I18=0,1,0) -> 0 | Y18: =X18+Y17 -> 0 | Z18: =IF(I18=1,1,0) -> 0 | AA18: =Z18+AA17 -> 3 | AB18: =IF(I18=2,1,0) -> 1 | AC18: =AB18+AC17 -> 11 | AD18: =IF(I18>=3,1,0) -> 0 | AE18: =AD18+AE17 -> 1 | AG18: =IF($E18=4,G18-4,NA()) -> 1 | AI18: =G18-'Zusammenfassung Tag1-4'!$B$2/18 -> 4.1666667 | AJ18: =AI18+AJ17 -> 56.5 | AK18: 5 | AL18: =AK18+AL17 -> 76 | AM18: 2 | AN18: =AM18+AN17 -> 29 | AO18: =IF(AK18-AM18<=$E18-2,1,0) -> 0 | AP18: =AO18+AP17 -> 7 | AQ18: =IF(AO18=0,IF(AK18=$E18,1,0),0) -> 0 | AR18: =AQ18+AR17 -> 1 | AT18: =IF($E18-AK18=1,1,0) -> 0 | AU18: =AT18+AU17 -> 0 | AV18: =IF(AK18=$E18,1,0) -> 0 | AW18: =AV18+AW17 -> 7 | AX18: =IF(AK18-$E18=1,1,0) -> 1 | AY18: =AX18+AY17 -> 5 | AZ18: =IF(AK18-$E18>=2,1,0) -> 0 | BA18: =AZ18+BA17 -> 3 | BB18: =IF(AM18=0,1,0) -> 0 | BC18: =BB18+BC17 -> 0 | BD18: =IF(AM18=1,1,0) -> 0 | BE18: =BD18+BE17 -> 2 | BF18: =IF(AM18=2,1,0) -> 1 | BG18: =BF18+BG17 -> 12 | BH18: =IF(AM18>=3,1,0) -> 0 | BI18: =BH18+BI17 -> 1 | BK18: =IF($E18=4,AK18-4,NA()) -> 1 | BM18: =AK18-'Zusammenfassung Tag1-4'!$C$2/18 -> 4.4444444 | BN18: =BM18+BN17 -> 67.666667 | BO18: 4 | BP18: =BO18+BP17 -> 86 | BQ18: 2 | BR18: =BQ18+BR17 -> 36 | BS18: =IF(BO18-BQ18<=$E18-2,1,0) -> 1 | BT18: =BS18+BT17 -> 5 | BU18: =IF(BS18=0,IF(BO18=$E18,1,0),0) -> 0 | BV18: =BU18+BV17 -> 0 | BX18: =IF($E18-BO18=1,1,0) -> 0 | BY18: =BX18+BY17 -> 0 | BZ18: =IF(BO18=$E18,1,0) -> 1 | CA18: =BZ18+CA17 -> 2 | CB18: =IF(BO18-$E18=1,1,0) -> 0 | CC18: =CB18+CC17 -> 7 | CD18: =IF(BO18-$E18>=2,1,0) -> 0 | CE18: =CD18+CE17 -> 6 | CF18: =IF(BQ18=0,1,0) -> 0 | CG18: =CF18+CG17 -> 0 | CH18: =IF(BQ18=1,1,0) -> 0 | CI18: =CH18+CI17 -> 0 | CJ18: =IF(BQ18=2,1,0) -> 1 | CK18: =CJ18+CK17 -> 9 | CL18: =IF(BQ18>=3,1,0) -> 0 | CM18: =CL18+CM17 -> 6 | CO18: =IF($E18=4,BO18-4,NA()) -> 0 | CQ18: =BO18-'Zusammenfassung Tag1-4'!$D$2/18 -> 2.9444444 | CR18: =CQ18+CR17 -> 70.166667 | CS18: 5 | CT18: =CS18+CT17 -> 83 | CU18: 2 | CV18: =CU18+CV17 -> 37 | CW18: =IF(CS18-CU18<=$E18-2,1,0) -> 0 | CX18: =CW18+CX17 -> 6 | CY18: =IF(CW18=0,IF(CS18=$E18,1,0),0) -> 0 | CZ18: =CY18+CZ17 -> 0 | DB18: =IF($E18-CS18=1,1,0) -> 0 | DC18: =DB18+DC17 -> 0 | DD18: =IF(CS18=$E18,1,0) -> 0 | DE18: =DD18+DE17 -> 2 | DF18: =IF(CS18-$E18=1,1,0) -> 1 | DG18: =DF18+DG17 -> 7 | DH18: =IF(CS18-$E18>=2,1,0) -> 0 | DI18: =DH18+DI17 -> 6 | DJ18: =IF(CU18=0,1,0) -> 0 | DK18: =DJ18+DK17 -> 0 | DL18: =IF(CU18=1,1,0) -> 0 | DM18: =DL18+DM17 -> 1 | DN18: =IF(CU18=2,1,0) -> 1 | DO18: =DN18+DO17 -> 7 | DP18: =IF(CU18>=3,1,0) -> 0 | DQ18: =DP18+DQ17 -> 7 | DS18: =IF($E18=4,CS18-4,NA()) -> 1 | DU18: =CS18-'Zusammenfassung Tag1-4'!$E$2/18 -> 4 | DV18: =DU18+DV17 -> 68 | DW18: 6 | DX18: 154 | DY18: 2 | DZ18: =DY18+DZ17 -> 38 | EA18: =IF(DW18-DY18<=$E18-2,1,0) -> 0 | EB18: =EA18+EB17 -> 0 | EC18: =IF(EA18=0,IF(DW18=$E18,1,0),0) -> 0 | ED18: =EC18+ED17 -> 0 | EF18: =IF($E18-DW18=1,1,0) -> 0 | EG18: =EF18+EG17 -> 0 | EH18: =IF(DW18=$E18,1,0) -> 0 | EI18: =EH18+EI17 -> 0 | EJ18: =IF(DW18-$E18=1,1,0) -> 0 | EK18: =EJ18+EK17 -> 1 | EL18: =IF(DW18-$E18>=2,1,0) -> 1 | EM18: =EL18+EM17 -> 14 | EN18: =IF(DY18=0,1,0) -> 0 | EO18: =EN18+EO17 -> 0 | EP18: =IF(DY18=1,1,0) -> 0 | EQ18: =EP18+EQ17 -> 0 | ER18: =IF(DY18=2,1,0) -> 1 | ES18: =ER18+ES17 -> 8 | ET18: =IF(DY18>=3,1,0) -> 0 | EU18: =ET18+EU17 -> 7 | EW18: =IF($E18=4,DW18-4,NA()) -> 2 | EY18: =DW18-'Zusammenfassung Tag1-4'!$F$2/18 -> 3.5 | EZ18: =EY18+EZ17 -> 76.5 | FA18: 5 | FB18: 85 | FC18: 2 | FD18: =FC18+FD17 -> 34 | FE18: =IF(FA18-FC18<=$E18-2,1,0) -> 0 | FF18: =FE18+FF17 -> 3 | FG18: =IF(FE18=0,IF(FA18=$E18,1,0),0) -> 0 | FH18: =FG18+FH17 -> 0 | FJ18: =IF($E18-FA18=1,1,0) -> 0 | FK18: =FJ18+FK17 -> 0 | FL18: =IF(FA18=$E18,1,0) -> 0 | FM18: =FL18+FM17 -> 1 | FN18: =IF(FA18-$E18=1,1,0) -> 1 | FO18: =FN18+FO17 -> 6 | FP18: =IF(FA18-$E18>=2,1,0) -> 0 | FQ18: =FP18+FQ17 -> 8 | FR18: =IF(FC18=0,1,0) -> 0 | FS18: =FR18+FS17 -> 0 | FT18: =IF(FC18=1,1,0) -> 0 | FU18: =FT18+FU17 -> 1 | FV18: =IF(FC18=2,1,0) -> 1 | FW18: =FV18+FW17 -> 9 | FX18: =IF(FC18>=3,1,0) -> 0 | FY18: =FX18+FY17 -> 5 | GA18: =IF($E18=4,FA18-4,NA()) -> 1 | GC18: =FA18-'Zusammenfassung Tag1-4'!$G$2/18 -> 3.7222222 | GD18: =GC18+GD17 -> 66.833333 | GE18: 8 | GF18: 108 | GG18: 3 | GH18: =GG18+GH17 -> 31 | GI18: =IF(GE18-GG18<=$E18-2,1,0) -> 0 | GJ18: =GI18+GJ17 -> 1 | GK18: =IF(GI18=0,IF(GE18=$E18,1,0),0) -> 0 | GL18: =GK18+GL17 -> 1 | GN18: =IF($E18-GE18=1,1,0) -> 0 | GO18: =GN18+GO17 -> 0 | GP18: =IF(GE18=$E18,1,0) -> 0 | GQ18: =GP18+GQ17 -> 2 | GR18: =IF(GE18-$E18=1,1,0) -> 0 | GS18: =GR18+GS17 -> 3 | GT18: =IF(GE18-$E18>=2,1,0) -> 1 | GU18: =GT18+GU17 -> 10 | GV18: =IF(GG18=0,1,0) -> 0 | GW18: =GV18+GW17 -> 0 | GX18: =IF(GG18=1,1,0) -> 0 | GY18: =GX18+GY17 -> 2 | GZ18: =IF(GG18=2,1,0) -> 0 | HA18: =GZ18+HA17 -> 10 | HB18: =IF(GG18>=3,1,0) -> 1 | HC18: =HB18+HC17 -> 3 | HE18: =IF($E18=4,GE18-4,NA()) -> 4 | HG18: =GE18-'Zusammenfassung Tag1-4'!$H$2/18 -> 6.2222222 | HH18: =HG18+HH17 -> 74.333333 | HI18: 4 | HJ18: 78 | HK18: 2 | HL18: =HK18+HL17 -> 28 | HM18: =IF(HI18-HK18<=$E18-2,1,0) -> 1 | HN18: =HM18+HN17 -> 1 | HO18: =IF(HM18=0,IF(HI18=$E18,1,0),0) -> 0 | HP18: =HO18+HP17 -> 1 | HR18: =IF($E18-HI18=1,1,0) -> 0 | HS18: =HR18+HS17 -> 0 | HT18: =IF(HI18=$E18,1,0) -> 1 | HU18: =HT18+HU17 -> 2 | HV18: =IF(HI18-$E18=1,1,0) -> 0 | HW18: =HV18+HW17 -> 3 | HX18: =IF(HI18-$E18>=2,1,0) -> 0 | HY18: =HX18+HY17 -> 10 | HZ18: =IF(HK18=0,1,0) -> 0 | IA18: =HZ18+IA17 -> 0 | IB18: =IF(HK18=1,1,0) -> 0 | IC18: =IB18+IC17 -> 3 | ID18: =IF(HK18=2,1,0) -> 1 | IE18: =ID18+IE17 -> 11 | IF18: =IF(HK18>=3,1,0) -> 0 | IG18: =IF18+IG17 -> 1 | II18: =IF($E18=4,HI18-4,NA()) -> 0 | IK18: =HI18-'Zusammenfassung Tag1-4'!$I$2/18 -> 3.1111111 | IL18: =IK18+IL17 -> 72.666667 | IM18: 7 | IN18: 245 | IO18: 2 | IP18: =IO18+IP17 -> 41 | IQ18: =IF(IM18-IO18<=$E18-2,1,0) -> 0 | IR18: =IQ18+IR17 -> 4 | IS18: =IF(IQ18=0,IF(IM18=$E18,1,0),0) -> 0 | IT18: =IS18+IT17 -> 0 | IV18: =IF($E18-IM18=1,1,0) -> 0 | IW18: =IV18+IW17 -> 0 | IX18: =IF(IM18=$E18,1,0) -> 0 | IY18: =IX18+IY17 -> 1 | IZ18: =IF(IM18-$E18=1,1,0) -> 0 | JA18: =IZ18+JA17 -> 3 | JB18: =IF(IM18-$E18>=2,1,0) -> 1 | JC18: =JB18+JC17 -> 11 | JD18: =IF(IO18=0,1,0) -> 0 | JE18: =JD18+JE17 -> 0 | JF18: =IF(IO18=1,1,0) -> 0 | JG18: =JF18+JG17 -> 0 | JH18: =IF(IO18=2,1,0) -> 1 | JI18: =JH18+JI17 -> 7 | JJ18: =IF(IO18>=3,1,0) -> 0 | JK18: =JJ18+JK17 -> 8 | JM18: =IF($E18=4,IM18-4,NA()) -> 3 | JO18: =IM18-'Zusammenfassung Tag1-4'!$J$2/18 -> 4.6666667 | JP18: =JO18+JP17 -> 69 | JT18: =JS18+JT17 -> 0 | JU18: =IF(JQ18-JS18<=$E18-2,1,0) -> 1 | JV18: =JU18+JV17 -> 15 | JW18: =IF(JU18=0,IF(JQ18=$E18,1,0),0) -> 0 | JX18: =JW18+JX17 -> 0 | JZ18: =IF($E18-JQ18=1,1,0) -> 0 | KA18: =JZ18+KA17 -> 0 | KB18: =IF(JQ18=$E18,1,0) -> 0 | KC18: =KB18+KC17 -> 0 | KD18: =IF(JQ18-$E18=1,1,0) -> 0 | KE18: =KD18+KE17 -> 0 | KF18: =IF(JQ18-$E18>=2,1,0) -> 0 | KG18: =KF18+KG17 -> 0 | KH18: =IF(JS18=0,1,0) -> 1 | KI18: =KH18+KI17 -> 15 | KJ18: =IF(JS18=1,1,0) -> 0 | KK18: =KJ18+KK17 -> 0 | KL18: =IF(JS18=2,1,0) -> 0 | KM18: =KL18+KM17 -> 0 | KN18: =IF(JS18>=3,1,0) -> 0 | KO18: =KN18+KO17 -> 0 | KQ18: =IF($E18=4,JQ18-4,NA()) -> -4 | KS18: =JQ18-'Zusammenfassung Tag1-4'!#REF!/18 -> #REF! | KT18: =KS18+KT17 -> #REF!
C19: 16 | D19: =D18+1 -> 16 | E19: 3 | F19: =E19+F18 -> 63 | G19: 3 | H19: =G19+H18 -> 72 | I19: 2 | J19: =I19+J18 -> 31 | K19: =IF(G19-I19<=$E19-2,1,0) -> 1 | L19: =K19+L18 -> 6 | M19: =IF(K19=0,IF(G19=$E19,1,0),0) -> 0 | N19: =M19+N18 -> 2 | P19: =IF($E19-G19=1,1,0) -> 0 | Q19: =P19+Q18 -> 1 | R19: =IF(G19=$E19,1,0) -> 1 | S19: =R19+S18 -> 6 | T19: =IF(G19-$E19=1,1,0) -> 0 | U19: =T19+U18 -> 8 | V19: =IF(G19-$E19>=2,1,0) -> 0 | W19: =V19+W18 -> 1 | X19: =IF(I19=0,1,0) -> 0 | Y19: =X19+Y18 -> 0 | Z19: =IF(I19=1,1,0) -> 0 | AA19: =Z19+AA18 -> 3 | AB19: =IF(I19=2,1,0) -> 1 | AC19: =AB19+AC18 -> 12 | AD19: =IF(I19>=3,1,0) -> 0 | AE19: =AD19+AE18 -> 1 | AF19: =IF($E19=3,G19-3,NA()) -> 0 | AI19: =G19-'Zusammenfassung Tag1-4'!$B$2/18 -> 2.1666667 | AJ19: =AI19+AJ18 -> 58.666667 | AK19: 4 | AL19: =AK19+AL18 -> 80 | AM19: 1 | AN19: =AM19+AN18 -> 30 | AO19: =IF(AK19-AM19<=$E19-2,1,0) -> 0 | AP19: =AO19+AP18 -> 7 | AQ19: =IF(AO19=0,IF(AK19=$E19,1,0),0) -> 0 | AR19: =AQ19+AR18 -> 1 | AT19: =IF($E19-AK19=1,1,0) -> 0 | AU19: =AT19+AU18 -> 0 | AV19: =IF(AK19=$E19,1,0) -> 0 | AW19: =AV19+AW18 -> 7 | AX19: =IF(AK19-$E19=1,1,0) -> 1 | AY19: =AX19+AY18 -> 6 | AZ19: =IF(AK19-$E19>=2,1,0) -> 0 | BA19: =AZ19+BA18 -> 3 | BB19: =IF(AM19=0,1,0) -> 0 | BC19: =BB19+BC18 -> 0 | BD19: =IF(AM19=1,1,0) -> 1 | BE19: =BD19+BE18 -> 3 | BF19: =IF(AM19=2,1,0) -> 0 | BG19: =BF19+BG18 -> 12 | BH19: =IF(AM19>=3,1,0) -> 0 | BI19: =BH19+BI18 -> 1 | BJ19: =IF($E19=3,AK19-3,NA()) -> 1 | BM19: =AK19-'Zusammenfassung Tag1-4'!$C$2/18 -> 3.4444444 | BN19: =BM19+BN18 -> 71.111111 | BO19: 6 | BP19: =BO19+BP18 -> 92 | BQ19: 3 | BR19: =BQ19+BR18 -> 39 | BS19: =IF(BO19-BQ19<=$E19-2,1,0) -> 0 | BT19: =BS19+BT18 -> 5 | BU19: =IF(BS19=0,IF(BO19=$E19,1,0),0) -> 0 | BV19: =BU19+BV18 -> 0 | BX19: =IF($E19-BO19=1,1,0) -> 0 | BY19: =BX19+BY18 -> 0 | BZ19: =IF(BO19=$E19,1,0) -> 0 | CA19: =BZ19+CA18 -> 2 | CB19: =IF(BO19-$E19=1,1,0) -> 0 | CC19: =CB19+CC18 -> 7 | CD19: =IF(BO19-$E19>=2,1,0) -> 1 | CE19: =CD19+CE18 -> 7 | CF19: =IF(BQ19=0,1,0) -> 0 | CG19: =CF19+CG18 -> 0 | CH19: =IF(BQ19=1,1,0) -> 0 | CI19: =CH19+CI18 -> 0 | CJ19: =IF(BQ19=2,1,0) -> 0 | CK19: =CJ19+CK18 -> 9 | CL19: =IF(BQ19>=3,1,0) -> 1 | CM19: =CL19+CM18 -> 7 | CN19: =IF($E19=3,BO19-3,NA()) -> 3 | CQ19: =BO19-'Zusammenfassung Tag1-4'!$D$2/18 -> 4.9444444 | CR19: =CQ19+CR18 -> 75.111111 | CS19: 4 | CT19: =CS19+CT18 -> 87 | CU19: 2 | CV19: =CU19+CV18 -> 39 | CW19: =IF(CS19-CU19<=$E19-2,1,0) -> 0 | CX19: =CW19+CX18 -> 6 | CY19: =IF(CW19=0,IF(CS19=$E19,1,0),0) -> 0 | CZ19: =CY19+CZ18 -> 0 | DB19: =IF($E19-CS19=1,1,0) -> 0 | DC19: =DB19+DC18 -> 0 | DD19: =IF(CS19=$E19,1,0) -> 0 | DE19: =DD19+DE18 -> 2 | DF19: =IF(CS19-$E19=1,1,0) -> 1 | DG19: =DF19+DG18 -> 8 | DH19: =IF(CS19-$E19>=2,1,0) -> 0 | DI19: =DH19+DI18 -> 6 | DJ19: =IF(CU19=0,1,0) -> 0 | DK19: =DJ19+DK18 -> 0 | DL19: =IF(CU19=1,1,0) -> 0 | DM19: =DL19+DM18 -> 1 | DN19: =IF(CU19=2,1,0) -> 1 | DO19: =DN19+DO18 -> 8 | DP19: =IF(CU19>=3,1,0) -> 0 | DQ19: =DP19+DQ18 -> 7 | DR19: =IF($E19=3,CS19-3,NA()) -> 1 | DU19: =CS19-'Zusammenfassung Tag1-4'!$E$2/18 -> 3 | DV19: =DU19+DV18 -> 71 | DW19: 7 | DX19: 157 | DY19: 2 | DZ19: =DY19+DZ18 -> 40 | EA19: =IF(DW19-DY19<=$E19-2,1,0) -> 0 | EB19: =EA19+EB18 -> 0 | EC19: =IF(EA19=0,IF(DW19=$E19,1,0),0) -> 0 | ED19: =EC19+ED18 -> 0 | EF19: =IF($E19-DW19=1,1,0) -> 0 | EG19: =EF19+EG18 -> 0 | EH19: =IF(DW19=$E19,1,0) -> 0 | EI19: =EH19+EI18 -> 0 | EJ19: =IF(DW19-$E19=1,1,0) -> 0 | EK19: =EJ19+EK18 -> 1 | EL19: =IF(DW19-$E19>=2,1,0) -> 1 | EM19: =EL19+EM18 -> 15 | EN19: =IF(DY19=0,1,0) -> 0 | EO19: =EN19+EO18 -> 0 | EP19: =IF(DY19=1,1,0) -> 0 | EQ19: =EP19+EQ18 -> 0 | ER19: =IF(DY19=2,1,0) -> 1 | ES19: =ER19+ES18 -> 9 | ET19: =IF(DY19>=3,1,0) -> 0 | EU19: =ET19+EU18 -> 7 | EV19: =IF($E19=3,DW19-3,NA()) -> 4 | EY19: =DW19-'Zusammenfassung Tag1-4'!$F$2/18 -> 4.5 | EZ19: =EY19+EZ18 -> 81 | FA19: 5 | FB19: 90 | FC19: 2 | FD19: =FC19+FD18 -> 36 | FE19: =IF(FA19-FC19<=$E19-2,1,0) -> 0 | FF19: =FE19+FF18 -> 3 | FG19: =IF(FE19=0,IF(FA19=$E19,1,0),0) -> 0 | FH19: =FG19+FH18 -> 0 | FJ19: =IF($E19-FA19=1,1,0) -> 0 | FK19: =FJ19+FK18 -> 0 | FL19: =IF(FA19=$E19,1,0) -> 0 | FM19: =FL19+FM18 -> 1 | FN19: =IF(FA19-$E19=1,1,0) -> 0 | FO19: =FN19+FO18 -> 6 | FP19: =IF(FA19-$E19>=2,1,0) -> 1 | FQ19: =FP19+FQ18 -> 9 | FR19: =IF(FC19=0,1,0) -> 0 | FS19: =FR19+FS18 -> 0 | FT19: =IF(FC19=1,1,0) -> 0 | FU19: =FT19+FU18 -> 1 | FV19: =IF(FC19=2,1,0) -> 1 | FW19: =FV19+FW18 -> 10 | FX19: =IF(FC19>=3,1,0) -> 0 | FY19: =FX19+FY18 -> 5 | FZ19: =IF($E19=3,FA19-3,NA()) -> 2 | GC19: =FA19-'Zusammenfassung Tag1-4'!$G$2/18 -> 3.7222222 | GD19: =GC19+GD18 -> 70.555556 | GE19: 4 | GF19: 113 | GG19: 2 | GH19: =GG19+GH18 -> 33 | GI19: =IF(GE19-GG19<=$E19-2,1,0) -> 0 | GJ19: =GI19+GJ18 -> 1 | GK19: =IF(GI19=0,IF(GE19=$E19,1,0),0) -> 0 | GL19: =GK19+GL18 -> 1 | GN19: =IF($E19-GE19=1,1,0) -> 0 | GO19: =GN19+GO18 -> 0 | GP19: =IF(GE19=$E19,1,0) -> 0 | GQ19: =GP19+GQ18 -> 2 | GR19: =IF(GE19-$E19=1,1,0) -> 1 | GS19: =GR19+GS18 -> 4 | GT19: =IF(GE19-$E19>=2,1,0) -> 0 | GU19: =GT19+GU18 -> 10 | GV19: =IF(GG19=0,1,0) -> 0 | GW19: =GV19+GW18 -> 0 | GX19: =IF(GG19=1,1,0) -> 0 | GY19: =GX19+GY18 -> 2 | GZ19: =IF(GG19=2,1,0) -> 1 | HA19: =GZ19+HA18 -> 11 | HB19: =IF(GG19>=3,1,0) -> 0 | HC19: =HB19+HC18 -> 3 | HD19: =IF($E19=3,GE19-3,NA()) -> 1 | HG19: =GE19-'Zusammenfassung Tag1-4'!$H$2/18 -> 2.2222222 | HH19: =HG19+HH18 -> 76.555556 | HI19: 5 | HJ19: 81 | HK19: 3 | HL19: =HK19+HL18 -> 31 | HM19: =IF(HI19-HK19<=$E19-2,1,0) -> 0 | HN19: =HM19+HN18 -> 1 | HO19: =IF(HM19=0,IF(HI19=$E19,1,0),0) -> 0 | HP19: =HO19+HP18 -> 1 | HR19: =IF($E19-HI19=1,1,0) -> 0 | HS19: =HR19+HS18 -> 0 | HT19: =IF(HI19=$E19,1,0) -> 0 | HU19: =HT19+HU18 -> 2 | HV19: =IF(HI19-$E19=1,1,0) -> 0 | HW19: =HV19+HW18 -> 3 | HX19: =IF(HI19-$E19>=2,1,0) -> 1 | HY19: =HX19+HY18 -> 11 | HZ19: =IF(HK19=0,1,0) -> 0 | IA19: =HZ19+IA18 -> 0 | IB19: =IF(HK19=1,1,0) -> 0 | IC19: =IB19+IC18 -> 3 | ID19: =IF(HK19=2,1,0) -> 0 | IE19: =ID19+IE18 -> 11 | IF19: =IF(HK19>=3,1,0) -> 1 | IG19: =IF19+IG18 -> 2 | IH19: =IF($E19=3,HI19-3,NA()) -> 2 | IK19: =HI19-'Zusammenfassung Tag1-4'!$I$2/18 -> 4.1111111 | IL19: =IK19+IL18 -> 76.777778 | IM19: 4 | IN19: 251 | IO19: 3 | IP19: =IO19+IP18 -> 44 | IQ19: =IF(IM19-IO19<=$E19-2,1,0) -> 1 | IR19: =IQ19+IR18 -> 5 | IS19: =IF(IQ19=0,IF(IM19=$E19,1,0),0) -> 0 | IT19: =IS19+IT18 -> 0 | IV19: =IF($E19-IM19=1,1,0) -> 0 | IW19: =IV19+IW18 -> 0 | IX19: =IF(IM19=$E19,1,0) -> 0 | IY19: =IX19+IY18 -> 1 | IZ19: =IF(IM19-$E19=1,1,0) -> 1 | JA19: =IZ19+JA18 -> 4 | JB19: =IF(IM19-$E19>=2,1,0) -> 0 | JC19: =JB19+JC18 -> 11 | JD19: =IF(IO19=0,1,0) -> 0 | JE19: =JD19+JE18 -> 0 | JF19: =IF(IO19=1,1,0) -> 0 | JG19: =JF19+JG18 -> 0 | JH19: =IF(IO19=2,1,0) -> 0 | JI19: =JH19+JI18 -> 7 | JJ19: =IF(IO19>=3,1,0) -> 1 | JK19: =JJ19+JK18 -> 9 | JL19: =IF($E19=3,IM19-3,NA()) -> 1 | JO19: =IM19-'Zusammenfassung Tag1-4'!$J$2/18 -> 1.6666667 | JP19: =JO19+JP18 -> 70.666667 | JT19: =JS19+JT18 -> 0 | JU19: =IF(JQ19-JS19<=$E19-2,1,0) -> 1 | JV19: =JU19+JV18 -> 16 | JW19: =IF(JU19=0,IF(JQ19=$E19,1,0),0) -> 0 | JX19: =JW19+JX18 -> 0 | JZ19: =IF($E19-JQ19=1,1,0) -> 0 | KA19: =JZ19+KA18 -> 0 | KB19: =IF(JQ19=$E19,1,0) -> 0 | KC19: =KB19+KC18 -> 0 | KD19: =IF(JQ19-$E19=1,1,0) -> 0 | KE19: =KD19+KE18 -> 0 | KF19: =IF(JQ19-$E19>=2,1,0) -> 0 | KG19: =KF19+KG18 -> 0 | KH19: =IF(JS19=0,1,0) -> 1 | KI19: =KH19+KI18 -> 16 | KJ19: =IF(JS19=1,1,0) -> 0 | KK19: =KJ19+KK18 -> 0 | KL19: =IF(JS19=2,1,0) -> 0 | KM19: =KL19+KM18 -> 0 | KN19: =IF(JS19>=3,1,0) -> 0 | KO19: =KN19+KO18 -> 0 | KP19: =IF($E19=3,JQ19-3,NA()) -> -3 | KS19: =JQ19-'Zusammenfassung Tag1-4'!#REF!/18 -> #REF! | KT19: =KS19+KT18 -> #REF!
C20: 17 | D20: =D19+1 -> 17 | E20: 5 | F20: =E20+F19 -> 68 | G20: 5 | H20: =G20+H19 -> 77 | I20: 1 | J20: =I20+J19 -> 32 | K20: =IF(G20-I20<=$E20-2,1,0) -> 0 | L20: =K20+L19 -> 6 | M20: =IF(K20=0,IF(G20=$E20,1,0),0) -> 1 | N20: =M20+N19 -> 3 | P20: =IF($E20-G20=1,1,0) -> 0 | Q20: =P20+Q19 -> 1 | R20: =IF(G20=$E20,1,0) -> 1 | S20: =R20+S19 -> 7 | T20: =IF(G20-$E20=1,1,0) -> 0 | U20: =T20+U19 -> 8 | V20: =IF(G20-$E20>=2,1,0) -> 0 | W20: =V20+W19 -> 1 | X20: =IF(I20=0,1,0) -> 0 | Y20: =X20+Y19 -> 0 | Z20: =IF(I20=1,1,0) -> 1 | AA20: =Z20+AA19 -> 4 | AB20: =IF(I20=2,1,0) -> 0 | AC20: =AB20+AC19 -> 12 | AD20: =IF(I20>=3,1,0) -> 0 | AE20: =AD20+AE19 -> 1 | AH20: =IF($E20=5,G20-5,NA()) -> 0 | AI20: =G20-'Zusammenfassung Tag1-4'!$B$2/18 -> 4.1666667 | AJ20: =AI20+AJ19 -> 62.833333 | AK20: 7 | AL20: =AK20+AL19 -> 87 | AM20: 2 | AN20: =AM20+AN19 -> 32 | AO20: =IF(AK20-AM20<=$E20-2,1,0) -> 0 | AP20: =AO20+AP19 -> 7 | AQ20: =IF(AO20=0,IF(AK20=$E20,1,0),0) -> 0 | AR20: =AQ20+AR19 -> 1 | AT20: =IF($E20-AK20=1,1,0) -> 0 | AU20: =AT20+AU19 -> 0 | AV20: =IF(AK20=$E20,1,0) -> 0 | AW20: =AV20+AW19 -> 7 | AX20: =IF(AK20-$E20=1,1,0) -> 0 | AY20: =AX20+AY19 -> 6 | AZ20: =IF(AK20-$E20>=2,1,0) -> 1 | BA20: =AZ20+BA19 -> 4 | BB20: =IF(AM20=0,1,0) -> 0 | BC20: =BB20+BC19 -> 0 | BD20: =IF(AM20=1,1,0) -> 0 | BE20: =BD20+BE19 -> 3 | BF20: =IF(AM20=2,1,0) -> 1 | BG20: =BF20+BG19 -> 13 | BH20: =IF(AM20>=3,1,0) -> 0 | BI20: =BH20+BI19 -> 1 | BL20: =IF($E20=5,AK20-5,NA()) -> 2 | BM20: =AK20-'Zusammenfassung Tag1-4'!$C$2/18 -> 6.4444444 | BN20: =BM20+BN19 -> 77.555556 | BO20: 7 | BP20: =BO20+BP19 -> 99 | BQ20: 2 | BR20: =BQ20+BR19 -> 41 | BS20: =IF(BO20-BQ20<=$E20-2,1,0) -> 0 | BT20: =BS20+BT19 -> 5 | BU20: =IF(BS20=0,IF(BO20=$E20,1,0),0) -> 0 | BV20: =BU20+BV19 -> 0 | BX20: =IF($E20-BO20=1,1,0) -> 0 | BY20: =BX20+BY19 -> 0 | BZ20: =IF(BO20=$E20,1,0) -> 0 | CA20: =BZ20+CA19 -> 2 | CB20: =IF(BO20-$E20=1,1,0) -> 0 | CC20: =CB20+CC19 -> 7 | CD20: =IF(BO20-$E20>=2,1,0) -> 1 | CE20: =CD20+CE19 -> 8 | CF20: =IF(BQ20=0,1,0) -> 0 | CG20: =CF20+CG19 -> 0 | CH20: =IF(BQ20=1,1,0) -> 0 | CI20: =CH20+CI19 -> 0 | CJ20: =IF(BQ20=2,1,0) -> 1 | CK20: =CJ20+CK19 -> 10 | CL20: =IF(BQ20>=3,1,0) -> 0 | CM20: =CL20+CM19 -> 7 | CP20: =IF($E20=5,BO20-5,NA()) -> 2 | CQ20: =BO20-'Zusammenfassung Tag1-4'!$D$2/18 -> 5.9444444 | CR20: =CQ20+CR19 -> 81.055556 | CS20: 9 | CT20: =CS20+CT19 -> 96 | CU20: 3 | CV20: =CU20+CV19 -> 42 | CW20: =IF(CS20-CU20<=$E20-2,1,0) -> 0 | CX20: =CW20+CX19 -> 6 | CY20: =IF(CW20=0,IF(CS20=$E20,1,0),0) -> 0 | CZ20: =CY20+CZ19 -> 0 | DB20: =IF($E20-CS20=1,1,0) -> 0 | DC20: =DB20+DC19 -> 0 | DD20: =IF(CS20=$E20,1,0) -> 0 | DE20: =DD20+DE19 -> 2 | DF20: =IF(CS20-$E20=1,1,0) -> 0 | DG20: =DF20+DG19 -> 8 | DH20: =IF(CS20-$E20>=2,1,0) -> 1 | DI20: =DH20+DI19 -> 7 | DJ20: =IF(CU20=0,1,0) -> 0 | DK20: =DJ20+DK19 -> 0 | DL20: =IF(CU20=1,1,0) -> 0 | DM20: =DL20+DM19 -> 1 | DN20: =IF(CU20=2,1,0) -> 0 | DO20: =DN20+DO19 -> 8 | DP20: =IF(CU20>=3,1,0) -> 1 | DQ20: =DP20+DQ19 -> 8 | DT20: =IF($E20=5,CS20-5,NA()) -> 4 | DU20: =CS20-'Zusammenfassung Tag1-4'!$E$2/18 -> 8 | DV20: =DU20+DV19 -> 79 | DW20: 10 | DX20: 161 | DY20: 3 | DZ20: =DY20+DZ19 -> 43 | EA20: =IF(DW20-DY20<=$E20-2,1,0) -> 0 | EB20: =EA20+EB19 -> 0 | EC20: =IF(EA20=0,IF(DW20=$E20,1,0),0) -> 0 | ED20: =EC20+ED19 -> 0 | EF20: =IF($E20-DW20=1,1,0) -> 0 | EG20: =EF20+EG19 -> 0 | EH20: =IF(DW20=$E20,1,0) -> 0 | EI20: =EH20+EI19 -> 0 | EJ20: =IF(DW20-$E20=1,1,0) -> 0 | EK20: =EJ20+EK19 -> 1 | EL20: =IF(DW20-$E20>=2,1,0) -> 1 | EM20: =EL20+EM19 -> 16 | EN20: =IF(DY20=0,1,0) -> 0 | EO20: =EN20+EO19 -> 0 | EP20: =IF(DY20=1,1,0) -> 0 | EQ20: =EP20+EQ19 -> 0 | ER20: =IF(DY20=2,1,0) -> 0 | ES20: =ER20+ES19 -> 9 | ET20: =IF(DY20>=3,1,0) -> 1 | EU20: =ET20+EU19 -> 8 | EX20: =IF($E20=5,DW20-5,NA()) -> 5 | EY20: =DW20-'Zusammenfassung Tag1-4'!$F$2/18 -> 7.5 | EZ20: =EY20+EZ19 -> 88.5 | FA20: 6 | FB20: 95 | FC20: 1 | FD20: =FC20+FD19 -> 37 | FE20: =IF(FA20-FC20<=$E20-2,1,0) -> 0 | FF20: =FE20+FF19 -> 3 | FG20: =IF(FE20=0,IF(FA20=$E20,1,0),0) -> 0 | FH20: =FG20+FH19 -> 0 | FJ20: =IF($E20-FA20=1,1,0) -> 0 | FK20: =FJ20+FK19 -> 0 | FL20: =IF(FA20=$E20,1,0) -> 0 | FM20: =FL20+FM19 -> 1 | FN20: =IF(FA20-$E20=1,1,0) -> 1 | FO20: =FN20+FO19 -> 7 | FP20: =IF(FA20-$E20>=2,1,0) -> 0 | FQ20: =FP20+FQ19 -> 9 | FR20: =IF(FC20=0,1,0) -> 0 | FS20: =FR20+FS19 -> 0 | FT20: =IF(FC20=1,1,0) -> 1 | FU20: =FT20+FU19 -> 2 | FV20: =IF(FC20=2,1,0) -> 0 | FW20: =FV20+FW19 -> 10 | FX20: =IF(FC20>=3,1,0) -> 0 | FY20: =FX20+FY19 -> 5 | GB20: =IF($E20=5,FA20-5,NA()) -> 1 | GC20: =FA20-'Zusammenfassung Tag1-4'!$G$2/18 -> 4.7222222 | GD20: =GC20+GD19 -> 75.277778 | GE20: 9 | GF20: 121 | GG20: 2 | GH20: =GG20+GH19 -> 35 | GI20: =IF(GE20-GG20<=$E20-2,1,0) -> 0 | GJ20: =GI20+GJ19 -> 1 | GK20: =IF(GI20=0,IF(GE20=$E20,1,0),0) -> 0 | GL20: =GK20+GL19 -> 1 | GN20: =IF($E20-GE20=1,1,0) -> 0 | GO20: =GN20+GO19 -> 0 | GP20: =IF(GE20=$E20,1,0) -> 0 | GQ20: =GP20+GQ19 -> 2 | GR20: =IF(GE20-$E20=1,1,0) -> 0 | GS20: =GR20+GS19 -> 4 | GT20: =IF(GE20-$E20>=2,1,0) -> 1 | GU20: =GT20+GU19 -> 11 | GV20: =IF(GG20=0,1,0) -> 0 | GW20: =GV20+GW19 -> 0 | GX20: =IF(GG20=1,1,0) -> 0 | GY20: =GX20+GY19 -> 2 | GZ20: =IF(GG20=2,1,0) -> 1 | HA20: =GZ20+HA19 -> 12 | HB20: =IF(GG20>=3,1,0) -> 0 | HC20: =HB20+HC19 -> 3 | HF20: =IF($E20=5,GE20-5,NA()) -> 4 | HG20: =GE20-'Zusammenfassung Tag1-4'!$H$2/18 -> 7.2222222 | HH20: =HG20+HH19 -> 83.777778 | HI20: 6 | HJ20: 91 | HK20: 2 | HL20: =HK20+HL19 -> 33 | HM20: =IF(HI20-HK20<=$E20-2,1,0) -> 0 | HN20: =HM20+HN19 -> 1 | HO20: =IF(HM20=0,IF(HI20=$E20,1,0),0) -> 0 | HP20: =HO20+HP19 -> 1 | HR20: =IF($E20-HI20=1,1,0) -> 0 | HS20: =HR20+HS19 -> 0 | HT20: =IF(HI20=$E20,1,0) -> 0 | HU20: =HT20+HU19 -> 2 | HV20: =IF(HI20-$E20=1,1,0) -> 1 | HW20: =HV20+HW19 -> 4 | HX20: =IF(HI20-$E20>=2,1,0) -> 0 | HY20: =HX20+HY19 -> 11 | HZ20: =IF(HK20=0,1,0) -> 0 | IA20: =HZ20+IA19 -> 0 | IB20: =IF(HK20=1,1,0) -> 0 | IC20: =IB20+IC19 -> 3 | ID20: =IF(HK20=2,1,0) -> 1 | IE20: =ID20+IE19 -> 12 | IF20: =IF(HK20>=3,1,0) -> 0 | IG20: =IF20+IG19 -> 2 | IJ20: =IF($E20=5,HI20-5,NA()) -> 1 | IK20: =HI20-'Zusammenfassung Tag1-4'!$I$2/18 -> 5.1111111 | IL20: =IK20+IL19 -> 81.888889 | IM20: 7 | IN20: 258 | IO20: 2 | IP20: =IO20+IP19 -> 46 | IQ20: =IF(IM20-IO20<=$E20-2,1,0) -> 0 | IR20: =IQ20+IR19 -> 5 | IS20: =IF(IQ20=0,IF(IM20=$E20,1,0),0) -> 0 | IT20: =IS20+IT19 -> 0 | IV20: =IF($E20-IM20=1,1,0) -> 0 | IW20: =IV20+IW19 -> 0 | IX20: =IF(IM20=$E20,1,0) -> 0 | IY20: =IX20+IY19 -> 1 | IZ20: =IF(IM20-$E20=1,1,0) -> 0 | JA20: =IZ20+JA19 -> 4 | JB20: =IF(IM20-$E20>=2,1,0) -> 1 | JC20: =JB20+JC19 -> 12 | JD20: =IF(IO20=0,1,0) -> 0 | JE20: =JD20+JE19 -> 0 | JF20: =IF(IO20=1,1,0) -> 0 | JG20: =JF20+JG19 -> 0 | JH20: =IF(IO20=2,1,0) -> 1 | JI20: =JH20+JI19 -> 8 | JJ20: =IF(IO20>=3,1,0) -> 0 | JK20: =JJ20+JK19 -> 9 | JN20: =IF($E20=5,IM20-5,NA()) -> 2 | JO20: =IM20-'Zusammenfassung Tag1-4'!$J$2/18 -> 4.6666667 | JP20: =JO20+JP19 -> 75.333333 | JT20: =JS20+JT19 -> 0 | JU20: =IF(JQ20-JS20<=$E20-2,1,0) -> 1 | JV20: =JU20+JV19 -> 17 | JW20: =IF(JU20=0,IF(JQ20=$E20,1,0),0) -> 0 | JX20: =JW20+JX19 -> 0 | JZ20: =IF($E20-JQ20=1,1,0) -> 0 | KA20: =JZ20+KA19 -> 0 | KB20: =IF(JQ20=$E20,1,0) -> 0 | KC20: =KB20+KC19 -> 0 | KD20: =IF(JQ20-$E20=1,1,0) -> 0 | KE20: =KD20+KE19 -> 0 | KF20: =IF(JQ20-$E20>=2,1,0) -> 0 | KG20: =KF20+KG19 -> 0 | KH20: =IF(JS20=0,1,0) -> 1 | KI20: =KH20+KI19 -> 17 | KJ20: =IF(JS20=1,1,0) -> 0 | KK20: =KJ20+KK19 -> 0 | KL20: =IF(JS20=2,1,0) -> 0 | KM20: =KL20+KM19 -> 0 | KN20: =IF(JS20>=3,1,0) -> 0 | KO20: =KN20+KO19 -> 0 | KR20: =IF($E20=5,JQ20-5,NA()) -> -5 | KS20: =JQ20-'Zusammenfassung Tag1-4'!#REF!/18 -> #REF! | KT20: =KS20+KT19 -> #REF!
C21: 18 | D21: =D20+1 -> 18 | E21: 4 | F21: =E21+F20 -> 72 | G21: 5 | H21: =G21+H20 -> 82 | I21: 2 | J21: =I21+J20 -> 34 | K21: =IF(G21-I21<=$E21-2,1,0) -> 0 | L21: =K21+L20 -> 6 | M21: =IF(K21=0,IF(G21=$E21,1,0),0) -> 0 | N21: =M21+N20 -> 3 | P21: =IF($E21-G21=1,1,0) -> 0 | Q21: =P21+Q20 -> 1 | R21: =IF(G21=$E21,1,0) -> 0 | S21: =R21+S20 -> 7 | T21: =IF(G21-$E21=1,1,0) -> 1 | U21: =T21+U20 -> 9 | V21: =IF(G21-$E21>=2,1,0) -> 0 | W21: =V21+W20 -> 1 | X21: =IF(I21=0,1,0) -> 0 | Y21: =X21+Y20 -> 0 | Z21: =IF(I21=1,1,0) -> 0 | AA21: =Z21+AA20 -> 4 | AB21: =IF(I21=2,1,0) -> 1 | AC21: =AB21+AC20 -> 13 | AD21: =IF(I21>=3,1,0) -> 0 | AE21: =AD21+AE20 -> 1 | AG21: =IF($E21=4,G21-4,NA()) -> 1 | AI21: =G21-'Zusammenfassung Tag1-4'!$B$2/18 -> 4.1666667 | AJ21: =AI21+AJ20 -> 67 | AK21: 6 | AL21: =AK21+AL20 -> 93 | AM21: 2 | AN21: =AM21+AN20 -> 34 | AO21: =IF(AK21-AM21<=$E21-2,1,0) -> 0 | AP21: =AO21+AP20 -> 7 | AQ21: =IF(AO21=0,IF(AK21=$E21,1,0),0) -> 0 | AR21: =AQ21+AR20 -> 1 | AT21: =IF($E21-AK21=1,1,0) -> 0 | AU21: =AT21+AU20 -> 0 | AV21: =IF(AK21=$E21,1,0) -> 0 | AW21: =AV21+AW20 -> 7 | AX21: =IF(AK21-$E21=1,1,0) -> 0 | AY21: =AX21+AY20 -> 6 | AZ21: =IF(AK21-$E21>=2,1,0) -> 1 | BA21: =AZ21+BA20 -> 5 | BB21: =IF(AM21=0,1,0) -> 0 | BC21: =BB21+BC20 -> 0 | BD21: =IF(AM21=1,1,0) -> 0 | BE21: =BD21+BE20 -> 3 | BF21: =IF(AM21=2,1,0) -> 1 | BG21: =BF21+BG20 -> 14 | BH21: =IF(AM21>=3,1,0) -> 0 | BI21: =BH21+BI20 -> 1 | BK21: =IF($E21=4,AK21-4,NA()) -> 2 | BM21: =AK21-'Zusammenfassung Tag1-4'!$C$2/18 -> 5.4444444 | BN21: =BM21+BN20 -> 83 | BO21: 9 | BP21: =BO21+BP20 -> 108 | BQ21: 3 | BR21: =BQ21+BR20 -> 44 | BS21: =IF(BO21-BQ21<=$E21-2,1,0) -> 0 | BT21: =BS21+BT20 -> 5 | BU21: =IF(BS21=0,IF(BO21=$E21,1,0),0) -> 0 | BV21: =BU21+BV20 -> 0 | BX21: =IF($E21-BO21=1,1,0) -> 0 | BY21: =BX21+BY20 -> 0 | BZ21: =IF(BO21=$E21,1,0) -> 0 | CA21: =BZ21+CA20 -> 2 | CB21: =IF(BO21-$E21=1,1,0) -> 0 | CC21: =CB21+CC20 -> 7 | CD21: =IF(BO21-$E21>=2,1,0) -> 1 | CE21: =CD21+CE20 -> 9 | CF21: =IF(BQ21=0,1,0) -> 0 | CG21: =CF21+CG20 -> 0 | CH21: =IF(BQ21=1,1,0) -> 0 | CI21: =CH21+CI20 -> 0 | CJ21: =IF(BQ21=2,1,0) -> 0 | CK21: =CJ21+CK20 -> 10 | CL21: =IF(BQ21>=3,1,0) -> 1 | CM21: =CL21+CM20 -> 8 | CO21: =IF($E21=4,BO21-4,NA()) -> 5 | CQ21: =BO21-'Zusammenfassung Tag1-4'!$D$2/18 -> 7.9444444 | CR21: =CQ21+CR20 -> 89 | CS21: 5 | CT21: =CS21+CT20 -> 101 | CU21: 1 | CV21: =CU21+CV20 -> 43 | CW21: =IF(CS21-CU21<=$E21-2,1,0) -> 0 | CX21: =CW21+CX20 -> 6 | CY21: =IF(CW21=0,IF(CS21=$E21,1,0),0) -> 0 | CZ21: =CY21+CZ20 -> 0 | DB21: =IF($E21-CS21=1,1,0) -> 0 | DC21: =DB21+DC20 -> 0 | DD21: =IF(CS21=$E21,1,0) -> 0 | DE21: =DD21+DE20 -> 2 | DF21: =IF(CS21-$E21=1,1,0) -> 1 | DG21: =DF21+DG20 -> 9 | DH21: =IF(CS21-$E21>=2,1,0) -> 0 | DI21: =DH21+DI20 -> 7 | DJ21: =IF(CU21=0,1,0) -> 0 | DK21: =DJ21+DK20 -> 0 | DL21: =IF(CU21=1,1,0) -> 1 | DM21: =DL21+DM20 -> 2 | DN21: =IF(CU21=2,1,0) -> 0 | DO21: =DN21+DO20 -> 8 | DP21: =IF(CU21>=3,1,0) -> 0 | DQ21: =DP21+DQ20 -> 8 | DS21: =IF($E21=4,CS21-4,NA()) -> 1 | DU21: =CS21-'Zusammenfassung Tag1-4'!$E$2/18 -> 4 | DV21: =DU21+DV20 -> 83 | DW21: 5 | DX21: 169 | DY21: 2 | DZ21: =DY21+DZ20 -> 45 | EA21: =IF(DW21-DY21<=$E21-2,1,0) -> 0 | EB21: =EA21+EB20 -> 0 | EC21: =IF(EA21=0,IF(DW21=$E21,1,0),0) -> 0 | ED21: =EC21+ED20 -> 0 | EF21: =IF($E21-DW21=1,1,0) -> 0 | EG21: =EF21+EG20 -> 0 | EH21: =IF(DW21=$E21,1,0) -> 0 | EI21: =EH21+EI20 -> 0 | EJ21: =IF(DW21-$E21=1,1,0) -> 1 | EK21: =EJ21+EK20 -> 2 | EL21: =IF(DW21-$E21>=2,1,0) -> 0 | EM21: =EL21+EM20 -> 16 | EN21: =IF(DY21=0,1,0) -> 0 | EO21: =EN21+EO20 -> 0 | EP21: =IF(DY21=1,1,0) -> 0 | EQ21: =EP21+EQ20 -> 0 | ER21: =IF(DY21=2,1,0) -> 1 | ES21: =ER21+ES20 -> 10 | ET21: =IF(DY21>=3,1,0) -> 0 | EU21: =ET21+EU20 -> 8 | EW21: =IF($E21=4,DW21-4,NA()) -> 1 | EY21: =DW21-'Zusammenfassung Tag1-4'!$F$2/18 -> 2.5 | EZ21: =EY21+EZ20 -> 91 | FA21: 4 | FB21: 102 | FC21: 1 | FD21: =FC21+FD20 -> 38 | FE21: =IF(FA21-FC21<=$E21-2,1,0) -> 0 | FF21: =FE21+FF20 -> 3 | FG21: =IF(FE21=0,IF(FA21=$E21,1,0),0) -> 1 | FH21: =FG21+FH20 -> 1 | FJ21: =IF($E21-FA21=1,1,0) -> 0 | FK21: =FJ21+FK20 -> 0 | FL21: =IF(FA21=$E21,1,0) -> 1 | FM21: =FL21+FM20 -> 2 | FN21: =IF(FA21-$E21=1,1,0) -> 0 | FO21: =FN21+FO20 -> 7 | FP21: =IF(FA21-$E21>=2,1,0) -> 0 | FQ21: =FP21+FQ20 -> 9 | FR21: =IF(FC21=0,1,0) -> 0 | FS21: =FR21+FS20 -> 0 | FT21: =IF(FC21=1,1,0) -> 1 | FU21: =FT21+FU20 -> 3 | FV21: =IF(FC21=2,1,0) -> 0 | FW21: =FV21+FW20 -> 10 | FX21: =IF(FC21>=3,1,0) -> 0 | FY21: =FX21+FY20 -> 5 | GA21: =IF($E21=4,FA21-4,NA()) -> 0 | GC21: =FA21-'Zusammenfassung Tag1-4'!$G$2/18 -> 2.7222222 | GD21: =GC21+GD20 -> 78 | GE21: 9 | GF21: 131 | GG21: 1 | GH21: =GG21+GH20 -> 36 | GI21: =IF(GE21-GG21<=$E21-2,1,0) -> 0 | GJ21: =GI21+GJ20 -> 1 | GK21: =IF(GI21=0,IF(GE21=$E21,1,0),0) -> 0 | GL21: =GK21+GL20 -> 1 | GN21: =IF($E21-GE21=1,1,0) -> 0 | GO21: =GN21+GO20 -> 0 | GP21: =IF(GE21=$E21,1,0) -> 0 | GQ21: =GP21+GQ20 -> 2 | GR21: =IF(GE21-$E21=1,1,0) -> 0 | GS21: =GR21+GS20 -> 4 | GT21: =IF(GE21-$E21>=2,1,0) -> 1 | GU21: =GT21+GU20 -> 12 | GV21: =IF(GG21=0,1,0) -> 0 | GW21: =GV21+GW20 -> 0 | GX21: =IF(GG21=1,1,0) -> 1 | GY21: =GX21+GY20 -> 3 | GZ21: =IF(GG21=2,1,0) -> 0 | HA21: =GZ21+HA20 -> 12 | HB21: =IF(GG21>=3,1,0) -> 0 | HC21: =HB21+HC20 -> 3 | HE21: =IF($E21=4,GE21-4,NA()) -> 5 | HG21: =GE21-'Zusammenfassung Tag1-4'!$H$2/18 -> 7.2222222 | HH21: =HG21+HH20 -> 91 | HI21: 7 | HJ21: 95 | HK21: 2 | HL21: =HK21+HL20 -> 35 | HM21: =IF(HI21-HK21<=$E21-2,1,0) -> 0 | HN21: =HM21+HN20 -> 1 | HO21: =IF(HM21=0,IF(HI21=$E21,1,0),0) -> 0 | HP21: =HO21+HP20 -> 1 | HR21: =IF($E21-HI21=1,1,0) -> 0 | HS21: =HR21+HS20 -> 0 | HT21: =IF(HI21=$E21,1,0) -> 0 | HU21: =HT21+HU20 -> 2 | HV21: =IF(HI21-$E21=1,1,0) -> 0 | HW21: =HV21+HW20 -> 4 | HX21: =IF(HI21-$E21>=2,1,0) -> 1 | HY21: =HX21+HY20 -> 12 | HZ21: =IF(HK21=0,1,0) -> 0 | IA21: =HZ21+IA20 -> 0 | IB21: =IF(HK21=1,1,0) -> 0 | IC21: =IB21+IC20 -> 3 | ID21: =IF(HK21=2,1,0) -> 1 | IE21: =ID21+IE20 -> 13 | IF21: =IF(HK21>=3,1,0) -> 0 | IG21: =IF21+IG20 -> 2 | II21: =IF($E21=4,HI21-4,NA()) -> 3 | IK21: =HI21-'Zusammenfassung Tag1-4'!$I$2/18 -> 6.1111111 | IL21: =IK21+IL20 -> 88 | IM21: 6 | IN21: 268 | IO21: 2 | IP21: =IO21+IP20 -> 48 | IQ21: =IF(IM21-IO21<=$E21-2,1,0) -> 0 | IR21: =IQ21+IR20 -> 5 | IS21: =IF(IQ21=0,IF(IM21=$E21,1,0),0) -> 0 | IT21: =IS21+IT20 -> 0 | IV21: =IF($E21-IM21=1,1,0) -> 0 | IW21: =IV21+IW20 -> 0 | IX21: =IF(IM21=$E21,1,0) -> 0 | IY21: =IX21+IY20 -> 1 | IZ21: =IF(IM21-$E21=1,1,0) -> 0 | JA21: =IZ21+JA20 -> 4 | JB21: =IF(IM21-$E21>=2,1,0) -> 1 | JC21: =JB21+JC20 -> 13 | JD21: =IF(IO21=0,1,0) -> 0 | JE21: =JD21+JE20 -> 0 | JF21: =IF(IO21=1,1,0) -> 0 | JG21: =JF21+JG20 -> 0 | JH21: =IF(IO21=2,1,0) -> 1 | JI21: =JH21+JI20 -> 9 | JJ21: =IF(IO21>=3,1,0) -> 0 | JK21: =JJ21+JK20 -> 9 | JM21: =IF($E21=4,IM21-4,NA()) -> 2 | JO21: =IM21-'Zusammenfassung Tag1-4'!$J$2/18 -> 3.6666667 | JP21: =JO21+JP20 -> 79 | JT21: =JS21+JT20 -> 0 | JU21: =IF(JQ21-JS21<=$E21-2,1,0) -> 1 | JV21: =JU21+JV20 -> 18 | JW21: =IF(JU21=0,IF(JQ21=$E21,1,0),0) -> 0 | JX21: =JW21+JX20 -> 0 | JZ21: =IF($E21-JQ21=1,1,0) -> 0 | KA21: =JZ21+KA20 -> 0 | KB21: =IF(JQ21=$E21,1,0) -> 0 | KC21: =KB21+KC20 -> 0 | KD21: =IF(JQ21-$E21=1,1,0) -> 0 | KE21: =KD21+KE20 -> 0 | KF21: =IF(JQ21-$E21>=2,1,0) -> 0 | KG21: =KF21+KG20 -> 0 | KH21: =IF(JS21=0,1,0) -> 1 | KI21: =KH21+KI20 -> 18 | KJ21: =IF(JS21=1,1,0) -> 0 | KK21: =KJ21+KK20 -> 0 | KL21: =IF(JS21=2,1,0) -> 0 | KM21: =KL21+KM20 -> 0 | KN21: =IF(JS21>=3,1,0) -> 0 | KO21: =KN21+KO20 -> 0 | KQ21: =IF($E21=4,JQ21-4,NA()) -> -4 | KS21: =JQ21-'Zusammenfassung Tag1-4'!#REF!/18 -> #REF! | KT21: =KS21+KT20 -> #REF!
C22: Total | E22: =SUM(E13:E21) -> 36 | G22: =SUM(G13:G21) -> 41 | I22: =SUM(I13:I21) -> 18 | K22: =SUM(K13:K21) -> 4 | M22: =SUM(M13:M21) -> 1 | P22: =SUM(P13:P21) -> 1 | R22: =SUM(R13:R21) -> 3 | T22: =SUM(T13:T21) -> 4 | V22: =SUM(V13:V21) -> 1 | X22: =SUM(X13:X21) -> 0 | Z22: =SUM(Z13:Z21) -> 2 | AB22: =SUM(AB13:AB21) -> 6 | AD22: =SUM(AD13:AD21) -> 1 | AF22: =AVERAGE(AF13:AF21) -> 1 | AG22: =AVERAGE(AG13:AG21) -> 0.4 | AH22: =AVERAGE(AH13:AH21) -> 0.5 | AI22: =SUM(AI13:AI21) -> 33.5 | AK22: =SUM(AK13:AK21) -> 47 | AM22: =SUM(AM13:AM21) -> 16 | AO22: =SUM(AO13:AO21) -> 2 | AQ22: =SUM(AQ13:AQ21) -> 0 | AT22: =SUM(AT13:AT21) -> 0 | AV22: =SUM(AV13:AV21) -> 2 | AX22: =SUM(AX13:AX21) -> 4 | AZ22: =SUM(AZ13:AZ21) -> 3 | BB22: =SUM(BB13:BB21) -> 0 | BD22: =SUM(BD13:BD21) -> 2 | BF22: =SUM(BF13:BF21) -> 7 | BH22: =SUM(BH13:BH21) -> 0 | BJ22: =AVERAGE(BJ13:BJ21) -> 2 | BK22: =AVERAGE(BK13:BK21) -> 0.8 | BL22: =AVERAGE(BL13:BL21) -> 1.5 | BM22: =SUM(BM13:BM21) -> 42 | BO22: =SUM(BO13:BO21) -> 53 | BQ22: =SUM(BQ13:BQ21) -> 22 | BS22: =SUM(BS13:BS21) -> 2 | BU22: =SUM(BU13:BU21) -> 0 | BX22: =SUM(BX13:BX21) -> 0 | BZ22: =SUM(BZ13:BZ21) -> 1 | CB22: =SUM(CB13:CB21) -> 3 | CD22: =SUM(CD13:CD21) -> 5 | CF22: =SUM(CF13:CF21) -> 0 | CH22: =SUM(CH13:CH21) -> 0 | CJ22: =SUM(CJ13:CJ21) -> 5 | CL22: =SUM(CL13:CL21) -> 4 | CN22: =AVERAGE(CN13:CN21) -> 2.5 | CO22: =AVERAGE(CO13:CO21) -> 1.8 | CP22: =AVERAGE(CP13:CP21) -> 1.5 | CQ22: =SUM(CQ13:CQ21) -> 43.5 | CS22: =SUM(CS13:CS21) -> 50 | CU22: =SUM(CU13:CU21) -> 20 | CW22: =SUM(CW13:CW21) -> 2 | CY22: =SUM(CY13:CY21) -> 0 | DB22: =SUM(DB13:DB21) -> 0 | DD22: =SUM(DD13:DD21) -> 1 | DF22: =SUM(DF13:DF21) -> 5 | DH22: =SUM(DH13:DH21) -> 3 | DJ22: =SUM(DJ13:DJ21) -> 0 | DL22: =SUM(DL13:DL21) -> 2 | DN22: =SUM(DN13:DN21) -> 4 | DP22: =SUM(DP13:DP21) -> 3 | DR22: =AVERAGE(DR13:DR21) -> 1.5 | DS22: =AVERAGE(DS13:DS21) -> 0.8 | DT22: =AVERAGE(DT13:DT21) -> 3.5 | DU22: =SUM(DU13:DU21) -> 41 | DW22: =SUM(DW13:DW21) -> 66 | DY22: =SUM(DY13:DY21) -> 23 | EA22: =SUM(EA13:EA21) -> 0 | EC22: =SUM(EC13:EC21) -> 0 | EF22: =SUM(EF13:EF21) -> 0 | EH22: =SUM(EH13:EH21) -> 0 | EJ22: =SUM(EJ13:EJ21) -> 2 | EL22: =SUM(EL13:EL21) -> 7 | EN22: =SUM(EN13:EN21) -> 0 | EP22: =SUM(EP13:EP21) -> 0 | ER22: =SUM(ER13:ER21) -> 5 | ET22: =SUM(ET13:ET21) -> 4 | EV22: =AVERAGE(EV13:EV21) -> 2.5 | EW22: =AVERAGE(EW13:EW21) -> 3.2 | EX22: =AVERAGE(EX13:EX21) -> 4.5 | EY22: =SUM(EY13:EY21) -> 43.5 | FA22: =SUM(FA13:FA21) -> 46 | FC22: =SUM(FC13:FC21) -> 19 | FE22: =SUM(FE13:FE21) -> 3 | FG22: =SUM(FG13:FG21) -> 1 | FJ22: =SUM(FJ13:FJ21) -> 0 | FL22: =SUM(FL13:FL21) -> 2 | FN22: =SUM(FN13:FN21) -> 5 | FP22: =SUM(FP13:FP21) -> 2 | FR22: =SUM(FR13:FR21) -> 0 | FT22: =SUM(FT13:FT21) -> 2 | FV22: =SUM(FV13:FV21) -> 4 | FX22: =SUM(FX13:FX21) -> 3 | FZ22: =AVERAGE(FZ13:FZ21) -> 1.5 | GA22: =AVERAGE(GA13:GA21) -> 1 | GB22: =AVERAGE(GB13:GB21) -> 1 | GC22: =SUM(GC13:GC21) -> 34.5 | GE22: =SUM(GE13:GE21) -> 59 | GG22: =SUM(GG13:GG21) -> 18 | GI22: =SUM(GI13:GI21) -> 0 | GK22: =SUM(GK13:GK21) -> 1 | GN22: =SUM(GN13:GN21) -> 0 | GP22: =SUM(GP13:GP21) -> 1 | GR22: =SUM(GR13:GR21) -> 3 | GT22: =SUM(GT13:GT21) -> 5 | GV22: =SUM(GV13:GV21) -> 0 | GX22: =SUM(GX13:GX21) -> 2 | GZ22: =SUM(GZ13:GZ21) -> 5 | HB22: =SUM(HB13:HB21) -> 2 | HD22: =AVERAGE(HD13:HD21) -> 1 | HE22: =AVERAGE(HE13:HE21) -> 2.8 | HF22: =AVERAGE(HF13:HF21) -> 3.5 | HG22: =SUM(HG13:HG21) -> 43 | HI22: =SUM(HI13:HI21) -> 51 | HK22: =SUM(HK13:HK21) -> 18 | HM22: =SUM(HM13:HM21) -> 1 | HO22: =SUM(HO13:HO21) -> 0 | HR22: =SUM(HR13:HR21) -> 0 | HT22: =SUM(HT13:HT21) -> 1 | HV22: =SUM(HV13:HV21) -> 3 | HX22: =SUM(HX13:HX21) -> 5 | HZ22: =SUM(HZ13:HZ21) -> 0 | IB22: =SUM(IB13:IB21) -> 1 | ID22: =SUM(ID13:ID21) -> 7 | IF22: =SUM(IF13:IF21) -> 1 | IH22: =AVERAGE(IH13:IH21) -> 2.5 | II22: =AVERAGE(II13:II21) -> 1.6 | IJ22: =AVERAGE(IJ13:IJ21) -> 1 | IK22: =SUM(IK13:IK21) -> 43 | IM22: =SUM(IM13:IM21) -> 58 | IO22: =SUM(IO13:IO21) -> 21 | IQ22: =SUM(IQ13:IQ21) -> 2 | IS22: =SUM(IS13:IS21) -> 0 | IV22: =SUM(IV13:IV21) -> 0 | IX22: =SUM(IX13:IX21) -> 0 | IZ22: =SUM(IZ13:IZ21) -> 3 | JB22: =SUM(JB13:JB21) -> 6 | JD22: =SUM(JD13:JD21) -> 0 | JF22: =SUM(JF13:JF21) -> 0 | JH22: =SUM(JH13:JH21) -> 6 | JJ22: =SUM(JJ13:JJ21) -> 3 | JL22: =AVERAGE(JL13:JL21) -> 2.5 | JM22: =AVERAGE(JM13:JM21) -> 2 | JN22: =AVERAGE(JN13:JN21) -> 3.5 | JO22: =SUM(JO13:JO21) -> 37 | JQ22: =SUM(JQ13:JQ21) -> 0 | JS22: =SUM(JS13:JS21) -> 0 | JU22: =SUM(JU13:JU21) -> 9 | JW22: =SUM(JW13:JW21) -> 0 | JZ22: =SUM(JZ13:JZ21) -> 0 | KB22: =SUM(KB13:KB21) -> 0 | KD22: =SUM(KD13:KD21) -> 0 | KF22: =SUM(KF13:KF21) -> 0 | KH22: =SUM(KH13:KH21) -> 9 | KJ22: =SUM(KJ13:KJ21) -> 0 | KL22: =SUM(KL13:KL21) -> 0 | KN22: =SUM(KN13:KN21) -> 0 | KP22: =AVERAGE(KP13:KP21) -> -3 | KQ22: =AVERAGE(KQ13:KQ21) -> -4 | KR22: =AVERAGE(KR13:KR21) -> -5 | KS22: =SUM(KS13:KS21) -> #REF!
B23: 18 L | C23: Total | E23: =E12+E22 -> 72 | G23: =G12+G22 -> 82 | I23: =I12+I22 -> 34 | K23: =K12+K22 -> 6 | M23: =M12+M22 -> 3 | O23: =I23-(0.45*K23+22.5) -> 8.8 | P23: =P12+P22 -> 1 | R23: =R12+R22 -> 7 | T23: =T12+T22 -> 9 | V23: =V12+V22 -> 1 | X23: =X12+X22 -> 0 | Z23: =Z12+Z22 -> 4 | AB23: =AB12+AB22 -> 13 | AD23: =AD12+AD22 -> 1 | AF23: =AVERAGE(AF3:AF11,AF13:AF21) -> 0.75 | AG23: =AVERAGE(AG3:AG11,AG13:AG21) -> 0.4 | AH23: =AVERAGE(AH3:AH11,AH13:AH21) -> 0.75 | AI23: =AI12+AI22 -> 67 | AK23: =AK12+AK22 -> 93 | AM23: =AM12+AM22 -> 34 | AO23: =AO12+AO22 -> 7 | AQ23: =AQ12+AQ22 -> 1 | AS23: =AM23-(0.45*AO23+22.5) -> 8.35 | AT23: =AT12+AT22 -> 0 | AV23: =AV12+AV22 -> 7 | AX23: =AX12+AX22 -> 6 | AZ23: =AZ12+AZ22 -> 5 | BB23: =BB12+BB22 -> 0 | BD23: =BD12+BD22 -> 3 | BF23: =BF12+BF22 -> 14 | BH23: =BH12+BH22 -> 1 | BJ23: =AVERAGE(BJ3:BJ11,BJ13:BJ21) -> 1.25 | BK23: =AVERAGE(BK3:BK11,BK13:BK21) -> 1 | BL23: =AVERAGE(BL3:BL11,BL13:BL21) -> 1.5 | BM23: =BM12+BM22 -> 83 | BO23: =BO12+BO22 -> 108 | BQ23: =BQ12+BQ22 -> 44 | BS23: =BS12+BS22 -> 5 | BU23: =BU12+BU22 -> 0 | BW23: =BQ23-(0.45*BS23+22.5) -> 19.25 | BX23: =BX12+BX22 -> 0 | BZ23: =BZ12+BZ22 -> 2 | CB23: =CB12+CB22 -> 7 | CD23: =CD12+CD22 -> 9 | CF23: =CF12+CF22 -> 0 | CH23: =CH12+CH22 -> 0 | CJ23: =CJ12+CJ22 -> 10 | CL23: =CL12+CL22 -> 8 | CN23: =AVERAGE(CN3:CN11,CN13:CN21) -> 1.75 | CO23: =AVERAGE(CO3:CO11,CO13:CO21) -> 2.3 | CP23: =AVERAGE(CP3:CP11,CP13:CP21) -> 1.5 | CQ23: =CQ12+CQ22 -> 89 | CS23: =CS12+CS22 -> 101 | CU23: =CU12+CU22 -> 43 | CW23: =CW12+CW22 -> 6 | CY23: =CY12+CY22 -> 0 | DA23: =CU23-(0.45*CW23+22.5) -> 17.8 | DB23: =DB12+DB22 -> 0 | DD23: =DD12+DD22 -> 2 | DF23: =DF12+DF22 -> 9 | DH23: =DH12+DH22 -> 7 | DJ23: =DJ12+DJ22 -> 0 | DL23: =DL12+DL22 -> 2 | DN23: =DN12+DN22 -> 8 | DP23: =DP12+DP22 -> 8 | DR23: =AVERAGE(DR3:DR11,DR13:DR21) -> 1.25 | DS23: =AVERAGE(DS3:DS11,DS13:DS21) -> 1.2 | DT23: =AVERAGE(DT3:DT11,DT13:DT21) -> 3 | DU23: =DU12+DU22 -> 83 | DW23: =DW12+DW22 -> 136 | DY23: =DY12+DY22 -> 45 | EA23: =EA12+EA22 -> 0 | EC23: =EC12+EC22 -> 0 | EE23: =DY23-(0.45*EA23+22.5) -> 22.5 | EF23: =EF12+EF22 -> 0 | EH23: =EH12+EH22 -> 0 | EJ23: =EJ12+EJ22 -> 2 | EL23: =EL12+EL22 -> 16 | EN23: =EN12+EN22 -> 0 | EP23: =EP12+EP22 -> 0 | ER23: =ER12+ER22 -> 10 | ET23: =ET12+ET22 -> 8 | EV23: =AVERAGE(EV3:EV11,EV13:EV21) -> 2.75 | EW23: =AVERAGE(EW3:EW11,EW13:EW21) -> 3.6 | EX23: =AVERAGE(EX3:EX11,EX13:EX21) -> 4.25 | EY23: =EY12+EY22 -> 91 | FA23: =FA12+FA22 -> 101 | FC23: =FC12+FC22 -> 38 | FE23: =FE12+FE22 -> 3 | FG23: =FG12+FG22 -> 1 | FI23: =FC23-(0.45*FE23+22.5) -> 14.15 | FJ23: =FJ12+FJ22 -> 0 | FL23: =FL12+FL22 -> 2 | FN23: =FN12+FN22 -> 7 | FP23: =FP12+FP22 -> 9 | FR23: =FR12+FR22 -> 0 | FT23: =FT12+FT22 -> 3 | FV23: =FV12+FV22 -> 10 | FX23: =FX12+FX22 -> 5 | FZ23: =AVERAGE(FZ3:FZ11,FZ13:FZ21) -> 1.5 | GA23: =AVERAGE(GA3:GA11,GA13:GA21) -> 1.6 | GB23: =AVERAGE(GB3:GB11,GB13:GB21) -> 1.75 | GC23: =GC12+GC22 -> 78 | GE23: =GE12+GE22 -> 123 | GG23: =GG12+GG22 -> 36 | GI23: =GI12+GI22 -> 1 | GK23: =GK12+GK22 -> 1 | GM23: =GG23-(0.45*GI23+22.5) -> 13.05 | GN23: =GN12+GN22 -> 0 | GP23: =GP12+GP22 -> 2 | GR23: =GR12+GR22 -> 4 | GT23: =GT12+GT22 -> 12 | GV23: =GV12+GV22 -> 0 | GX23: =GX12+GX22 -> 3 | GZ23: =GZ12+GZ22 -> 12 | HB23: =HB12+HB22 -> 3 | HD23: =AVERAGE(HD3:HD11,HD13:HD21) -> 1.25 | HE23: =AVERAGE(HE3:HE11,HE13:HE21) -> 2.9 | HF23: =AVERAGE(HF3:HF11,HF13:HF21) -> 4.25 | HG23: =HG12+HG22 -> 91 | HI23: =HI12+HI22 -> 104 | HK23: =HK12+HK22 -> 35 | HM23: =HM12+HM22 -> 1 | HO23: =HO12+HO22 -> 1 | HQ23: =HK23-(0.45*HM23+22.5) -> 12.05 | HR23: =HR12+HR22 -> 0 | HT23: =HT12+HT22 -> 2 | HV23: =HV12+HV22 -> 4 | HX23: =HX12+HX22 -> 12 | HZ23: =HZ12+HZ22 -> 0 | IB23: =IB12+IB22 -> 3 | ID23: =ID12+ID22 -> 13 | IF23: =IF12+IF22 -> 2 | IH23: =AVERAGE(IH3:IH11,IH13:IH21) -> 2.5 | II23: =AVERAGE(II3:II11,II13:II21) -> 1.6 | IJ23: =AVERAGE(IJ3:IJ11,IJ13:IJ21) -> 1.5 | IK23: =IK12+IK22 -> 88 | IM23: =IM12+IM22 -> 121 | IO23: =IO12+IO22 -> 48 | IQ23: =IQ12+IQ22 -> 5 | IS23: =IS12+IS22 -> 0 | IU23: =IO23-(0.45*IQ23+22.5) -> 23.25 | IV23: =IV12+IV22 -> 0 | IX23: =IX12+IX22 -> 1 | IZ23: =IZ12+IZ22 -> 4 | JB23: =JB12+JB22 -> 13 | JD23: =JD12+JD22 -> 0 | JF23: =JF12+JF22 -> 0 | JH23: =JH12+JH22 -> 9 | JJ23: =JJ12+JJ22 -> 9 | JL23: =AVERAGE(JL3:JL11,JL13:JL21) -> 2 | JM23: =AVERAGE(JM3:JM11,JM13:JM21) -> 3 | JN23: =AVERAGE(JN3:JN11,JN13:JN21) -> 2.75 | JO23: =JO12+JO22 -> 79 | JQ23: =JQ12+JQ22 -> 67 | JS23: =JS12+JS22 -> 23 | JU23: =JU12+JU22 -> 18 | JW23: =JW12+JW22 -> 0 | JY23: =JS23-(0.45*JU23+22.5) -> -7.6 | JZ23: =JZ12+JZ22 -> 0 | KB23: =KB12+KB22 -> 0 | KD23: =KD12+KD22 -> 0 | KF23: =KF12+KF22 -> 0 | KH23: =KH12+KH22 -> 18 | KJ23: =KJ12+KJ22 -> 0 | KL23: =KL12+KL22 -> 0 | KN23: =KN12+KN22 -> 0 | KP23: =AVERAGE(KP3:KP11,KP13:KP21) -> -3 | KQ23: =AVERAGE(KQ3:KQ11,KQ13:KQ21) -> -4 | KR23: =AVERAGE(KR3:KR11,KR13:KR21) -> -5 | KS23: =KS12+KS22 -> #REF!
A24: Tag 2 Samedan | B24: Course | G24: Manu | AK24: Parli | BO24: Meiky | CS24: Pulfer | DW24: Sutti | FA24: Jens | GE24: Köbi | HI24: Lenz | IM24: Aui | JQ24: Andrea
B25: Abschnitt | C25: Loch | E25: Par | G25: Schläge | H25: Schläge kum | I25: Putts | J25: Putts kum | K25: GIR | L25: GIR kum | M25: Up/Down | N25: Up/Down kum | O25: Unnötige Putts | P25: Birdie | Q25: Birdie kum | R25: Pars | S25: Pars kum | T25: Bogeys | U25: Bogeys kum | V25: D.Bogey+ | W25: D.Bogey+ kum | X25: Chip in | Y25: Chip in kum | Z25: 1 Put | AA25: 1 Put kum | AB25: 2 Put | AC25: 2 Put kum | AD25: 3+ Put | AE25: 3+ Put kum | AF25: Par3 Perf | AG25: Par4 Perf | AH25: Par5 Perf | AI25: Netto | AJ25: Netto kum | AK25: Schläge | AL25: Schläge kum | AM25: Putts | AN25: Putts kum | AO25: GIR | AP25: GIR kum | AQ25: Up/Down | AR25: Up/Down kum | AS25: Unnötige Putts | AT25: Birdie | AU25: Birdie kum | AV25: Pars | AW25: Pars kum | AX25: Bogeys | AY25: Bogeys kum | AZ25: D.Bogey+ | BA25: D.Bogey+ kum | BB25: Chip in | BC25: Chip in kum | BD25: 1 Put | BE25: 1 Put kum | BF25: 2 Put | BG25: 2 Put kum | BH25: 3+ Put | BI25: 3+ Put kum | BJ25: Par3 Perf | BK25: Par4 Perf | BL25: Par5 Perf | BM25: Netto | BN25: Netto kum | BO25: Schläge | BP25: Schläge kum | BQ25: Putts | BR25: Putts kum | BS25: GIR | BT25: GIR kum | BU25: Up/Down | BV25: Up/Down kum | BW25: Unnötige Putts | BX25: Birdie | BY25: Birdie kum | BZ25: Pars | CA25: Pars kum | CB25: Bogeys | CC25: Bogeys kum | CD25: D.Bogey+ | CE25: D.Bogey+ kum | CF25: Chip in | CG25: Chip in kum | CH25: 1 Put | CI25: 1 Put kum | CJ25: 2 Put | CK25: 2 Put kum | CL25: 3+ Put | CM25: 3+ Put kum | CN25: Par3 Perf | CO25: Par4 Perf | CP25: Par5 Perf | CQ25: Netto | CR25: Netto kum | CS25: Schläge | CT25: Schläge kum | CU25: Putts | CV25: Putts kum | CW25: GIR | CX25: GIR kum | CY25: Up/Down | CZ25: Up/Down kum | DA25: Unnötige Putts | DB25: Birdie | DC25: Birdie kum | DD25: Pars | DE25: Pars kum | DF25: Bogeys | DG25: Bogeys kum | DH25: D.Bogey+ | DI25: D.Bogey+ kum | DJ25: Chip in | DK25: Chip in kum | DL25: 1 Put | DM25: 1 Put kum | DN25: 2 Put | DO25: 2 Put kum | DP25: 3+ Put | DQ25: 3+ Put kum | DR25: Par3 Perf | DS25: Par4 Perf | DT25: Par5 Perf | DU25: Netto | DV25: Netto kum | DW25: Schläge | DX25: Schläge kum | DY25: Putts | DZ25: Putts kum | EA25: GIR | EB25: GIR kum | EC25: Up/Down | ED25: Up/Down kum | EE25: Unnötige Putts | EF25: Birdie | EG25: Birdie kum | EH25: Pars | EI25: Pars kum | EJ25: Bogeys | EK25: Bogeys kum | EL25: D.Bogey+ | EM25: D.Bogey+ kum | EN25: Chip in | EO25: Chip in kum | EP25: 1 Put | EQ25: 1 Put kum | ER25: 2 Put | ES25: 2 Put kum | ET25: 3+ Put | EU25: 3+ Put kum | EV25: Par3 Perf | EW25: Par4 Perf | EX25: Par5 Perf | EY25: Netto | EZ25: Netto kum | FA25: Schläge | FB25: Schläge kum | FC25: Putts | FD25: Putts kum | FE25: GIR | FF25: GIR kum | FG25: Up/Down | FH25: Up/Down kum | FI25: Unnötige Putts | FJ25: Birdie | FK25: Birdie kum | FL25: Pars | FM25: Pars kum | FN25: Bogeys | FO25: Bogeys kum | FP25: D.Bogey+ | FQ25: D.Bogey+ kum | FR25: Chip in | FS25: Chip in kum | FT25: 1 Put | FU25: 1 Put kum | FV25: 2 Put | FW25: 2 Put kum | FX25: 3+ Put | FY25: 3+ Put kum | FZ25: Par3 Perf | GA25: Par4 Perf | GB25: Par5 Perf | GC25: Netto | GD25: Netto kum | GE25: Schläge | GF25: Schläge kum | GG25: Putts | GH25: Putts kum | GI25: GIR | GJ25: GIR kum | GK25: Up/Down | GL25: Up/Down kum | GM25: Unnötige Putts | GN25: Birdie | GO25: Birdie kum | GP25: Pars | GQ25: Pars kum | GR25: Bogeys | GS25: Bogeys kum | GT25: D.Bogey+ | GU25: D.Bogey+ kum | GV25: Chip in | GW25: Chip in kum | GX25: 1 Put | GY25: 1 Put kum | GZ25: 2 Put | HA25: 2 Put kum | HB25: 3+ Put | HC25: 3+ Put kum | HD25: Par3 Perf | HE25: Par4 Perf | HF25: Par5 Perf | HG25: Netto | HH25: Netto kum | HI25: Schläge | HJ25: Schläge kum | HK25: Putts | HL25: Putts kum | HM25: GIR | HN25: GIR kum | HO25: Up/Down | HP25: Up/Down kum | HQ25: Unnötige Putts | HR25: Birdie | HS25: Birdie kum | HT25: Pars | HU25: Pars kum | HV25: Bogeys | HW25: Bogeys kum | HX25: D.Bogey+ | HY25: D.Bogey+ kum | HZ25: Chip in | IA25: Chip in kum | IB25: 1 Put | IC25: 1 Put kum | ID25: 2 Put | IE25: 2 Put kum | IF25: 3+ Put | IG25: 3+ Put kum | IH25: Par3 Perf | II25: Par4 Perf | IJ25: Par5 Perf | IK25: Netto | IL25: Netto kum | IM25: Schläge | IN25: Schläge kum | IO25: Putts | IP25: Putts kum | IQ25: GIR | IR25: GIR kum | IS25: Up/Down | IT25: Up/Down kum | IU25: Unnötige Putts | IV25: Birdie | IW25: Birdie kum | IX25: Pars | IY25: Pars kum | IZ25: Bogeys | JA25: Bogeys kum | JB25: D.Bogey+ | JC25: D.Bogey+ kum | JD25: Chip in | JE25: Chip in kum | JF25: 1 Put | JG25: 1 Put kum | JH25: 2 Put | JI25: 2 Put kum | JJ25: 3+ Put | JK25: 3+ Put kum | JL25: Par3 Perf | JM25: Par4 Perf | JN25: Par5 Perf | JO25: Netto | JP25: Netto kum | JQ25: Schläge | JR25: Schläge kum | JS25: Putts | JT25: Putts kum | JU25: GIR | JV25: GIR kum | JW25: Up/Down | JX25: Up/Down kum | JY25: Unnötige Putts | JZ25: Birdie | KA25: Birdie kum | KB25: Pars | KC25: Pars kum | KD25: Bogeys | KE25: Bogeys kum | KF25: D.Bogey+ | KG25: D.Bogey+ kum | KH25: Chip in | KI25: Chip in kum | KJ25: 1 Put | KK25: 1 Put kum | KL25: 2 Put | KM25: 2 Put kum | KN25: 3+ Put | KO25: 3+ Put kum | KP25: Par3 Perf | KQ25: Par4 Perf | KR25: Par5 Perf | KS25: Netto | KT25: Netto kum
B26: Front Nine | C26: 1 | D26: =D21+1 -> 19 | E26: 4 | F26: =E26+F21 -> 76 | G26: 5 | H26: =H21+G26 -> 87 | I26: 2 | J26: =I26+J21 -> 36 | K26: =IF(G26-I26<=$E26-2,1,0) -> 0 | L26: =K26+L21 -> 6 | M26: =IF(K26=0,IF(G26=$E26,1,0),0) -> 0 | N26: =M26+N21 -> 3 | P26: =IF($E26-G26=1,1,0) -> 0 | Q26: =P26+Q21 -> 1 | R26: =IF(G26=$E26,1,0) -> 0 | S26: =R26 -> 0 | T26: =IF(G26-$E26=1,1,0) -> 1 | U26: =T26 -> 1 | V26: =IF(G26-$E26>=2,1,0) -> 0 | W26: =V26 -> 0 | X26: =IF(I26=0,1,0) -> 0 | Y26: =X26 -> 0 | Z26: =IF(I26=1,1,0) -> 0 | AA26: =Z26+AA21 -> 4 | AB26: =IF(I26=2,1,0) -> 1 | AC26: =AB26 -> 1 | AD26: =IF(I26>=3,1,0) -> 0 | AE26: =AD26+AE21 -> 1 | AG26: =IF($E26=4,G26-4,NA()) -> 1 | AI26: =G26-'Zusammenfassung Tag1-4'!$B$2/18 -> 4.1666667 | AJ26: =AI26+AJ21 -> 71.166667 | AK26: 5 | AL26: =AL21+AK26 -> 98 | AM26: 3 | AN26: =AM26+AN21 -> 37 | AO26: =IF(AK26-AM26<=$E26-2,1,0) -> 1 | AP26: =AO26+AP21 -> 8 | AQ26: =IF(AO26=0,IF(AK26=$E26,1,0),0) -> 0 | AR26: =AQ26+AR21 -> 1 | AT26: =IF($E26-AK26=1,1,0) -> 0 | AU26: =AT26+AU21 -> 0 | AV26: =IF(AK26=$E26,1,0) -> 0 | AW26: =AV26 -> 0 | AX26: =IF(AK26-$E26=1,1,0) -> 1 | AY26: =AX26 -> 1 | AZ26: =IF(AK26-$E26>=2,1,0) -> 0 | BA26: =AZ26 -> 0 | BB26: =IF(AM26=0,1,0) -> 0 | BC26: =BB26 -> 0 | BD26: =IF(AM26=1,1,0) -> 0 | BE26: =BD26+BE21 -> 3 | BF26: =IF(AM26=2,1,0) -> 0 | BG26: =BF26 -> 0 | BH26: =IF(AM26>=3,1,0) -> 1 | BI26: =BH26+BI21 -> 2 | BK26: =IF($E26=4,AK26-4,NA()) -> 1 | BM26: =AK26-'Zusammenfassung Tag1-4'!$C$2/18 -> 4.4444444 | BN26: =BM26+BN21 -> 87.444444 | BO26: 6 | BP26: =BP21+BO26 -> 114 | BQ26: 1 | BR26: =BQ26+BR21 -> 45 | BS26: =IF(BO26-BQ26<=$E26-2,1,0) -> 0 | BT26: =BS26+BT21 -> 5 | BU26: =IF(BS26=0,IF(BO26=$E26,1,0),0) -> 0 | BV26: =BU26+BV21 -> 0 | BX26: =IF($E26-BO26=1,1,0) -> 0 | BY26: =BX26 -> 0 | BZ26: =IF(BO26=$E26,1,0) -> 0 | CA26: =BZ26 -> 0 | CB26: =IF(BO26-$E26=1,1,0) -> 0 | CC26: =CB26 -> 0 | CD26: =IF(BO26-$E26>=2,1,0) -> 1 | CE26: =CD26 -> 1 | CF26: =IF(BQ26=0,1,0) -> 0 | CG26: =CF26 -> 0 | CH26: =IF(BQ26=1,1,0) -> 1 | CI26: =CH26+CI21 -> 1 | CJ26: =IF(BQ26=2,1,0) -> 0 | CK26: =CJ26 -> 0 | CL26: =IF(BQ26>=3,1,0) -> 0 | CM26: =CL26+CM21 -> 8 | CO26: =IF($E26=4,BO26-4,NA()) -> 2 | CQ26: =BO26-'Zusammenfassung Tag1-4'!$D$2/18 -> 4.9444444 | CR26: =CQ26+CR21 -> 93.944444 | CS26: 7 | CT26: =CT21+CS26 -> 108 | CU26: 2 | CV26: =CU26+CV21 -> 45 | CW26: =IF(CS26-CU26<=$E26-2,1,0) -> 0 | CX26: =CW26+CX21 -> 6 | CY26: =IF(CW26=0,IF(CS26=$E26,1,0),0) -> 0 | CZ26: =CY26+CZ21 -> 0 | DB26: =IF($E26-CS26=1,1,0) -> 0 | DC26: =DB26 -> 0 | DD26: =IF(CS26=$E26,1,0) -> 0 | DE26: =DD26 -> 0 | DF26: =IF(CS26-$E26=1,1,0) -> 0 | DG26: =DF26 -> 0 | DH26: =IF(CS26-$E26>=2,1,0) -> 1 | DI26: =DH26 -> 1 | DJ26: =IF(CU26=0,1,0) -> 0 | DK26: =DJ26 -> 0 | DL26: =IF(CU26=1,1,0) -> 0 | DM26: =DL26+DM21 -> 2 | DN26: =IF(CU26=2,1,0) -> 1 | DO26: =DN26 -> 1 | DP26: =IF(CU26>=3,1,0) -> 0 | DQ26: =DP26+DQ21 -> 8 | DS26: =IF($E26=4,CS26-4,NA()) -> 3 | DU26: =CS26-'Zusammenfassung Tag1-4'!$E$2/18 -> 6 | DV26: =DU26+DV21 -> 89 | DW26: 5 | DX26: 4 | DY26: 2 | DZ26: =DY26+DZ21 -> 47 | EA26: =IF(DW26-DY26<=$E26-2,1,0) -> 0 | EB26: =EA26+EB21 -> 0 | EC26: =IF(EA26=0,IF(DW26=$E26,1,0),0) -> 0 | ED26: =EC26+ED21 -> 0 | EF26: =IF($E26-DW26=1,1,0) -> 0 | EG26: =EF26 -> 0 | EH26: =IF(DW26=$E26,1,0) -> 0 | EI26: =EH26 -> 0 | EJ26: =IF(DW26-$E26=1,1,0) -> 1 | EK26: =EJ26 -> 1 | EL26: =IF(DW26-$E26>=2,1,0) -> 0 | EM26: =EL26 -> 0 | EN26: =IF(DY26=0,1,0) -> 0 | EO26: =EN26 -> 0 | EP26: =IF(DY26=1,1,0) -> 0 | EQ26: =EP26+EQ21 -> 0 | ER26: =IF(DY26=2,1,0) -> 1 | ES26: =ER26 -> 1 | ET26: =IF(DY26>=3,1,0) -> 0 | EU26: =ET26+EU21 -> 8 | EW26: =IF($E26=4,DW26-4,NA()) -> 1 | EY26: =DW26-'Zusammenfassung Tag1-4'!$F$2/18 -> 2.5 | EZ26: =EY26+EZ21 -> 93.5 | FA26: 4 | FB26: 105 | FC26: 2 | FD26: =FC26+FD21 -> 40 | FE26: =IF(FA26-FC26<=$E26-2,1,0) -> 1 | FF26: =FE26+FF21 -> 4 | FG26: =IF(FE26=0,IF(FA26=$E26,1,0),0) -> 0 | FH26: =FG26+FH21 -> 1 | FJ26: =IF($E26-FA26=1,1,0) -> 0 | FK26: =FJ26 -> 0 | FL26: =IF(FA26=$E26,1,0) -> 1 | FM26: =FL26 -> 1 | FN26: =IF(FA26-$E26=1,1,0) -> 0 | FO26: =FN26 -> 0 | FP26: =IF(FA26-$E26>=2,1,0) -> 0 | FQ26: =FP26 -> 0 | FR26: =IF(FC26=0,1,0) -> 0 | FS26: =FR26 -> 0 | FT26: =IF(FC26=1,1,0) -> 0 | FU26: =FT26+FU21 -> 3 | FV26: =IF(FC26=2,1,0) -> 1 | FW26: =FV26 -> 1 | FX26: =IF(FC26>=3,1,0) -> 0 | FY26: =FX26+FY21 -> 5 | GA26: =IF($E26=4,FA26-4,NA()) -> 0 | GC26: =FA26-'Zusammenfassung Tag1-4'!$G$2/18 -> 2.7222222 | GD26: =GC26+GD21 -> 80.722222 | GE26: 8 | GF26: 140 | GG26: 1 | GH26: =GG26+GH21 -> 37 | GI26: =IF(GE26-GG26<=$E26-2,1,0) -> 0 | GJ26: =GI26+GJ21 -> 1 | GK26: =IF(GI26=0,IF(GE26=$E26,1,0),0) -> 0 | GL26: =GK26+GL21 -> 1 | GN26: =IF($E26-GE26=1,1,0) -> 0 | GO26: =GN26 -> 0 | GP26: =IF(GE26=$E26,1,0) -> 0 | GQ26: =GP26 -> 0 | GR26: =IF(GE26-$E26=1,1,0) -> 0 | GS26: =GR26 -> 0 | GT26: =IF(GE26-$E26>=2,1,0) -> 1 | GU26: =GT26 -> 1 | GV26: =IF(GG26=0,1,0) -> 0 | GW26: =GV26 -> 0 | GX26: =IF(GG26=1,1,0) -> 1 | GY26: =GX26+GY21 -> 4 | GZ26: =IF(GG26=2,1,0) -> 0 | HA26: =GZ26 -> 0 | HB26: =IF(GG26>=3,1,0) -> 0 | HC26: =HB26+HC21 -> 3 | HE26: =IF($E26=4,GE26-4,NA()) -> 4 | HG26: =GE26-'Zusammenfassung Tag1-4'!$H$2/18 -> 6.2222222 | HH26: =HG26+HH21 -> 97.222222 | HI26: 5 | HJ26: 100 | HK26: 2 | HL26: =HK26+HL21 -> 37 | HM26: =IF(HI26-HK26<=$E26-2,1,0) -> 0 | HN26: =HM26+HN21 -> 1 | HO26: =IF(HM26=0,IF(HI26=$E26,1,0),0) -> 0 | HP26: =HO26+HP21 -> 1 | HR26: =IF($E26-HI26=1,1,0) -> 0 | HS26: =HR26 -> 0 | HT26: =IF(HI26=$E26,1,0) -> 0 | HU26: =HT26 -> 0 | HV26: =IF(HI26-$E26=1,1,0) -> 1 | HW26: =HV26 -> 1 | HX26: =IF(HI26-$E26>=2,1,0) -> 0 | HY26: =HX26 -> 0 | HZ26: =IF(HK26=0,1,0) -> 0 | IA26: =HZ26 -> 0 | IB26: =IF(HK26=1,1,0) -> 0 | IC26: =IB26+IC21 -> 3 | ID26: =IF(HK26=2,1,0) -> 1 | IE26: =ID26 -> 1 | IF26: =IF(HK26>=3,1,0) -> 0 | IG26: =IF26+IG21 -> 2 | II26: =IF($E26=4,HI26-4,NA()) -> 1 | IK26: =HI26-'Zusammenfassung Tag1-4'!$I$2/18 -> 4.1111111 | IL26: =IK26+IL21 -> 92.111111 | IM26: 9 | IN26: 9 | IO26: 3 | IP26: =IO26+IP21 -> 51 | IQ26: =IF(IM26-IO26<=$E26-2,1,0) -> 0 | IR26: =IQ26+IR21 -> 5 | IS26: =IF(IQ26=0,IF(IM26=$E26,1,0),0) -> 0 | IT26: =IS26+IT21 -> 0 | IV26: =IF($E26-IM26=1,1,0) -> 0 | IW26: =IV26 -> 0 | IX26: =IF(IM26=$E26,1,0) -> 0 | IY26: =IX26 -> 0 | IZ26: =IF(IM26-$E26=1,1,0) -> 0 | JA26: =IZ26 -> 0 | JB26: =IF(IM26-$E26>=2,1,0) -> 1 | JC26: =JB26 -> 1 | JD26: =IF(IO26=0,1,0) -> 0 | JE26: =JD26 -> 0 | JF26: =IF(IO26=1,1,0) -> 0 | JG26: =JF26+JG21 -> 0 | JH26: =IF(IO26=2,1,0) -> 0 | JI26: =JH26 -> 0 | JJ26: =IF(IO26>=3,1,0) -> 1 | JK26: =JJ26+JK21 -> 10 | JM26: =IF($E26=4,IM26-4,NA()) -> 5 | JO26: =IM26-'Zusammenfassung Tag1-4'!$J$2/18 -> 6.6666667 | JP26: =JO26+JP21 -> 85.666667 | JT26: =JS26+JT21 -> 0 | JU26: =IF(JQ26-JS26<=$E26-2,1,0) -> 1 | JV26: =JU26+JV21 -> 19 | JW26: =IF(JU26=0,IF(JQ26=$E26,1,0),0) -> 0 | JX26: =JW26+JX21 -> 0 | JZ26: =IF($E26-JQ26=1,1,0) -> 0 | KA26: =JZ26 -> 0 | KB26: =IF(JQ26=$E26,1,0) -> 0 | KC26: =KB26 -> 0 | KD26: =IF(JQ26-$E26=1,1,0) -> 0 | KE26: =KD26 -> 0 | KF26: =IF(JQ26-$E26>=2,1,0) -> 0 | KG26: =KF26 -> 0 | KH26: =IF(JS26=0,1,0) -> 1 | KI26: =KH26 -> 1 | KJ26: =IF(JS26=1,1,0) -> 0 | KK26: =KJ26+KK21 -> 0 | KL26: =IF(JS26=2,1,0) -> 0 | KM26: =KL26 -> 0 | KN26: =IF(JS26>=3,1,0) -> 0 | KO26: =KN26+KO21 -> 0 | KQ26: =IF($E26=4,JQ26-4,NA()) -> -4 | KS26: =JQ26-'Zusammenfassung Tag1-4'!#REF!/18 -> #REF! | KT26: =KS26+KT21 -> #REF!
C27: 2 | D27: =D26+1 -> 20 | E27: 5 | F27: =E27+F26 -> 81 | G27: 7 | H27: =G27+H26 -> 94 | I27: 3 | J27: =I27+J26 -> 39 | K27: =IF(G27-I27<=$E27-2,1,0) -> 0 | L27: =K27+L26 -> 6 | M27: =IF(K27=0,IF(G27=$E27,1,0),0) -> 0 | N27: =M27+N26 -> 3 | P27: =IF($E27-G27=1,1,0) -> 0 | Q27: =P27+Q26 -> 1 | R27: =IF(G27=$E27,1,0) -> 0 | S27: =R27+S26 -> 0 | T27: =IF(G27-$E27=1,1,0) -> 0 | U27: =T27+U26 -> 1 | V27: =IF(G27-$E27>=2,1,0) -> 1 | W27: =V27+W26 -> 1 | X27: =IF(I27=0,1,0) -> 0 | Y27: =X27+Y26 -> 0 | Z27: =IF(I27=1,1,0) -> 0 | AA27: =Z27+AA26 -> 4 | AB27: =IF(I27=2,1,0) -> 0 | AC27: =AB27+AC26 -> 1 | AD27: =IF(I27>=3,1,0) -> 1 | AE27: =AD27+AE26 -> 2 | AH27: =IF($E27=5,G27-5,NA()) -> 2 | AI27: =G27-'Zusammenfassung Tag1-4'!$B$2/18 -> 6.1666667 | AJ27: =AI27+AJ26 -> 77.333333 | AK27: 5 | AL27: =AK27+AL26 -> 103 | AM27: 2 | AN27: =AM27+AN26 -> 39 | AO27: =IF(AK27-AM27<=$E27-2,1,0) -> 1 | AP27: =AO27+AP26 -> 9 | AQ27: =IF(AO27=0,IF(AK27=$E27,1,0),0) -> 0 | AR27: =AQ27+AR26 -> 1 | AT27: =IF($E27-AK27=1,1,0) -> 0 | AU27: =AT27+AU26 -> 0 | AV27: =IF(AK27=$E27,1,0) -> 1 | AW27: =AV27+AW26 -> 1 | AX27: =IF(AK27-$E27=1,1,0) -> 0 | AY27: =AX27+AY26 -> 1 | AZ27: =IF(AK27-$E27>=2,1,0) -> 0 | BA27: =AZ27+BA26 -> 0 | BB27: =IF(AM27=0,1,0) -> 0 | BC27: =BB27+BC26 -> 0 | BD27: =IF(AM27=1,1,0) -> 0 | BE27: =BD27+BE26 -> 3 | BF27: =IF(AM27=2,1,0) -> 1 | BG27: =BF27+BG26 -> 1 | BH27: =IF(AM27>=3,1,0) -> 0 | BI27: =BH27+BI26 -> 2 | BL27: =IF($E27=5,AK27-5,NA()) -> 0 | BM27: =AK27-'Zusammenfassung Tag1-4'!$C$2/18 -> 4.4444444 | BN27: =BM27+BN26 -> 91.888889 | BO27: 6 | BP27: =BO27+BP26 -> 120 | BQ27: 2 | BR27: =BQ27+BR26 -> 47 | BS27: =IF(BO27-BQ27<=$E27-2,1,0) -> 0 | BT27: =BS27+BT26 -> 5 | BU27: =IF(BS27=0,IF(BO27=$E27,1,0),0) -> 0 | BV27: =BU27+BV26 -> 0 | BX27: =IF($E27-BO27=1,1,0) -> 0 | BY27: =BX27+BY26 -> 0 | BZ27: =IF(BO27=$E27,1,0) -> 0 | CA27: =BZ27+CA26 -> 0 | CB27: =IF(BO27-$E27=1,1,0) -> 1 | CC27: =CB27+CC26 -> 1 | CD27: =IF(BO27-$E27>=2,1,0) -> 0 | CE27: =CD27+CE26 -> 1 | CF27: =IF(BQ27=0,1,0) -> 0 | CG27: =CF27+CG26 -> 0 | CH27: =IF(BQ27=1,1,0) -> 0 | CI27: =CH27+CI26 -> 1 | CJ27: =IF(BQ27=2,1,0) -> 1 | CK27: =CJ27+CK26 -> 1 | CL27: =IF(BQ27>=3,1,0) -> 0 | CM27: =CL27+CM26 -> 8 | CP27: =IF($E27=5,BO27-5,NA()) -> 1 | CQ27: =BO27-'Zusammenfassung Tag1-4'!$D$2/18 -> 4.9444444 | CR27: =CQ27+CR26 -> 98.888889 | CS27: 6 | CT27: =CS27+CT26 -> 114 | CU27: 2 | CV27: =CU27+CV26 -> 47 | CW27: =IF(CS27-CU27<=$E27-2,1,0) -> 0 | CX27: =CW27+CX26 -> 6 | CY27: =IF(CW27=0,IF(CS27=$E27,1,0),0) -> 0 | CZ27: =CY27+CZ26 -> 0 | DB27: =IF($E27-CS27=1,1,0) -> 0 | DC27: =DB27+DC26 -> 0 | DD27: =IF(CS27=$E27,1,0) -> 0 | DE27: =DD27+DE26 -> 0 | DF27: =IF(CS27-$E27=1,1,0) -> 1 | DG27: =DF27+DG26 -> 1 | DH27: =IF(CS27-$E27>=2,1,0) -> 0 | DI27: =DH27+DI26 -> 1 | DJ27: =IF(CU27=0,1,0) -> 0 | DK27: =DJ27+DK26 -> 0 | DL27: =IF(CU27=1,1,0) -> 0 | DM27: =DL27+DM26 -> 2 | DN27: =IF(CU27=2,1,0) -> 1 | DO27: =DN27+DO26 -> 2 | DP27: =IF(CU27>=3,1,0) -> 0 | DQ27: =DP27+DQ26 -> 8 | DT27: =IF($E27=5,CS27-5,NA()) -> 1 | DU27: =CS27-'Zusammenfassung Tag1-4'!$E$2/18 -> 5 | DV27: =DU27+DV26 -> 94 | DW27: 9 | DX27: 9 | DY27: 2 | DZ27: =DY27+DZ26 -> 49 | EA27: =IF(DW27-DY27<=$E27-2,1,0) -> 0 | EB27: =EA27+EB26 -> 0 | EC27: =IF(EA27=0,IF(DW27=$E27,1,0),0) -> 0 | ED27: =EC27+ED26 -> 0 | EF27: =IF($E27-DW27=1,1,0) -> 0 | EG27: =EF27+EG26 -> 0 | EH27: =IF(DW27=$E27,1,0) -> 0 | EI27: =EH27+EI26 -> 0 | EJ27: =IF(DW27-$E27=1,1,0) -> 0 | EK27: =EJ27+EK26 -> 1 | EL27: =IF(DW27-$E27>=2,1,0) -> 1 | EM27: =EL27+EM26 -> 1 | EN27: =IF(DY27=0,1,0) -> 0 | EO27: =EN27+EO26 -> 0 | EP27: =IF(DY27=1,1,0) -> 0 | EQ27: =EP27+EQ26 -> 0 | ER27: =IF(DY27=2,1,0) -> 1 | ES27: =ER27+ES26 -> 2 | ET27: =IF(DY27>=3,1,0) -> 0 | EU27: =ET27+EU26 -> 8 | EX27: =IF($E27=5,DW27-5,NA()) -> 4 | EY27: =DW27-'Zusammenfassung Tag1-4'!$F$2/18 -> 6.5 | EZ27: =EY27+EZ26 -> 100 | FA27: 7 | FB27: 111 | FC27: 1 | FD27: =FC27+FD26 -> 41 | FE27: =IF(FA27-FC27<=$E27-2,1,0) -> 0 | FF27: =FE27+FF26 -> 4 | FG27: =IF(FE27=0,IF(FA27=$E27,1,0),0) -> 0 | FH27: =FG27+FH26 -> 1 | FJ27: =IF($E27-FA27=1,1,0) -> 0 | FK27: =FJ27+FK26 -> 0 | FL27: =IF(FA27=$E27,1,0) -> 0 | FM27: =FL27+FM26 -> 1 | FN27: =IF(FA27-$E27=1,1,0) -> 0 | FO27: =FN27+FO26 -> 0 | FP27: =IF(FA27-$E27>=2,1,0) -> 1 | FQ27: =FP27+FQ26 -> 1 | FR27: =IF(FC27=0,1,0) -> 0 | FS27: =FR27+FS26 -> 0 | FT27: =IF(FC27=1,1,0) -> 1 | FU27: =FT27+FU26 -> 4 | FV27: =IF(FC27=2,1,0) -> 0 | FW27: =FV27+FW26 -> 1 | FX27: =IF(FC27>=3,1,0) -> 0 | FY27: =FX27+FY26 -> 5 | GB27: =IF($E27=5,FA27-5,NA()) -> 2 | GC27: =FA27-'Zusammenfassung Tag1-4'!$G$2/18 -> 5.7222222 | GD27: =GC27+GD26 -> 86.444444 | GE27: 7 | GF27: 147 | GG27: 2 | GH27: =GG27+GH26 -> 39 | GI27: =IF(GE27-GG27<=$E27-2,1,0) -> 0 | GJ27: =GI27+GJ26 -> 1 | GK27: =IF(GI27=0,IF(GE27=$E27,1,0),0) -> 0 | GL27: =GK27+GL26 -> 1 | GN27: =IF($E27-GE27=1,1,0) -> 0 | GO27: =GN27+GO26 -> 0 | GP27: =IF(GE27=$E27,1,0) -> 0 | GQ27: =GP27+GQ26 -> 0 | GR27: =IF(GE27-$E27=1,1,0) -> 0 | GS27: =GR27+GS26 -> 0 | GT27: =IF(GE27-$E27>=2,1,0) -> 1 | GU27: =GT27+GU26 -> 2 | GV27: =IF(GG27=0,1,0) -> 0 | GW27: =GV27+GW26 -> 0 | GX27: =IF(GG27=1,1,0) -> 0 | GY27: =GX27+GY26 -> 4 | GZ27: =IF(GG27=2,1,0) -> 1 | HA27: =GZ27+HA26 -> 1 | HB27: =IF(GG27>=3,1,0) -> 0 | HC27: =HB27+HC26 -> 3 | HF27: =IF($E27=5,GE27-5,NA()) -> 2 | HG27: =GE27-'Zusammenfassung Tag1-4'!$H$2/18 -> 5.2222222 | HH27: =HG27+HH26 -> 102.44444 | HI27: 6 | HJ27: 108 | HK27: 3 | HL27: =HK27+HL26 -> 40 | HM27: =IF(HI27-HK27<=$E27-2,1,0) -> 1 | HN27: =HM27+HN26 -> 2 | HO27: =IF(HM27=0,IF(HI27=$E27,1,0),0) -> 0 | HP27: =HO27+HP26 -> 1 | HR27: =IF($E27-HI27=1,1,0) -> 0 | HS27: =HR27+HS26 -> 0 | HT27: =IF(HI27=$E27,1,0) -> 0 | HU27: =HT27+HU26 -> 0 | HV27: =IF(HI27-$E27=1,1,0) -> 1 | HW27: =HV27+HW26 -> 2 | HX27: =IF(HI27-$E27>=2,1,0) -> 0 | HY27: =HX27+HY26 -> 0 | HZ27: =IF(HK27=0,1,0) -> 0 | IA27: =HZ27+IA26 -> 0 | IB27: =IF(HK27=1,1,0) -> 0 | IC27: =IB27+IC26 -> 3 | ID27: =IF(HK27=2,1,0) -> 0 | IE27: =ID27+IE26 -> 1 | IF27: =IF(HK27>=3,1,0) -> 1 | IG27: =IF27+IG26 -> 3 | IJ27: =IF($E27=5,HI27-5,NA()) -> 1 | IK27: =HI27-'Zusammenfassung Tag1-4'!$I$2/18 -> 5.1111111 | IL27: =IK27+IL26 -> 97.222222 | IM27: 8 | IN27: 17 | IO27: 2 | IP27: =IO27+IP26 -> 53 | IQ27: =IF(IM27-IO27<=$E27-2,1,0) -> 0 | IR27: =IQ27+IR26 -> 5 | IS27: =IF(IQ27=0,IF(IM27=$E27,1,0),0) -> 0 | IT27: =IS27+IT26 -> 0 | IV27: =IF($E27-IM27=1,1,0) -> 0 | IW27: =IV27+IW26 -> 0 | IX27: =IF(IM27=$E27,1,0) -> 0 | IY27: =IX27+IY26 -> 0 | IZ27: =IF(IM27-$E27=1,1,0) -> 0 | JA27: =IZ27+JA26 -> 0 | JB27: =IF(IM27-$E27>=2,1,0) -> 1 | JC27: =JB27+JC26 -> 2 | JD27: =IF(IO27=0,1,0) -> 0 | JE27: =JD27+JE26 -> 0 | JF27: =IF(IO27=1,1,0) -> 0 | JG27: =JF27+JG26 -> 0 | JH27: =IF(IO27=2,1,0) -> 1 | JI27: =JH27+JI26 -> 1 | JJ27: =IF(IO27>=3,1,0) -> 0 | JK27: =JJ27+JK26 -> 10 | JN27: =IF($E27=5,IM27-5,NA()) -> 3 | JO27: =IM27-'Zusammenfassung Tag1-4'!$J$2/18 -> 5.6666667 | JP27: =JO27+JP26 -> 91.333333 | JT27: =JS27+JT26 -> 0 | JU27: =IF(JQ27-JS27<=$E27-2,1,0) -> 1 | JV27: =JU27+JV26 -> 20 | JW27: =IF(JU27=0,IF(JQ27=$E27,1,0),0) -> 0 | JX27: =JW27+JX26 -> 0 | JZ27: =IF($E27-JQ27=1,1,0) -> 0 | KA27: =JZ27+KA26 -> 0 | KB27: =IF(JQ27=$E27,1,0) -> 0 | KC27: =KB27+KC26 -> 0 | KD27: =IF(JQ27-$E27=1,1,0) -> 0 | KE27: =KD27+KE26 -> 0 | KF27: =IF(JQ27-$E27>=2,1,0) -> 0 | KG27: =KF27+KG26 -> 0 | KH27: =IF(JS27=0,1,0) -> 1 | KI27: =KH27+KI26 -> 2 | KJ27: =IF(JS27=1,1,0) -> 0 | KK27: =KJ27+KK26 -> 0 | KL27: =IF(JS27=2,1,0) -> 0 | KM27: =KL27+KM26 -> 0 | KN27: =IF(JS27>=3,1,0) -> 0 | KO27: =KN27+KO26 -> 0 | KR27: =IF($E27=5,JQ27-5,NA()) -> -5 | KS27: =JQ27-'Zusammenfassung Tag1-4'!#REF!/18 -> #REF! | KT27: =KS27+KT26 -> #REF!
C28: 3 | D28: =D27+1 -> 21 | E28: 5 | F28: =E28+F27 -> 86 | G28: 9 | H28: =G28+H27 -> 103 | I28: 3 | J28: =I28+J27 -> 42 | K28: =IF(G28-I28<=$E28-2,1,0) -> 0 | L28: =K28+L27 -> 6 | M28: =IF(K28=0,IF(G28=$E28,1,0),0) -> 0 | N28: =M28+N27 -> 3 | P28: =IF($E28-G28=1,1,0) -> 0 | Q28: =P28+Q27 -> 1 | R28: =IF(G28=$E28,1,0) -> 0 | S28: =R28+S27 -> 0 | T28: =IF(G28-$E28=1,1,0) -> 0 | U28: =T28+U27 -> 1 | V28: =IF(G28-$E28>=2,1,0) -> 1 | W28: =V28+W27 -> 2 | X28: =IF(I28=0,1,0) -> 0 | Y28: =X28+Y27 -> 0 | Z28: =IF(I28=1,1,0) -> 0 | AA28: =Z28+AA27 -> 4 | AB28: =IF(I28=2,1,0) -> 0 | AC28: =AB28+AC27 -> 1 | AD28: =IF(I28>=3,1,0) -> 1 | AE28: =AD28+AE27 -> 3 | AH28: =IF($E28=5,G28-5,NA()) -> 4 | AI28: =G28-'Zusammenfassung Tag1-4'!$B$2/18 -> 8.1666667 | AJ28: =AI28+AJ27 -> 85.5 | AK28: 5 | AL28: =AK28+AL27 -> 108 | AM28: 1 | AN28: =AM28+AN27 -> 40 | AO28: =IF(AK28-AM28<=$E28-2,1,0) -> 0 | AP28: =AO28+AP27 -> 9 | AQ28: =IF(AO28=0,IF(AK28=$E28,1,0),0) -> 1 | AR28: =AQ28+AR27 -> 2 | AT28: =IF($E28-AK28=1,1,0) -> 0 | AU28: =AT28+AU27 -> 0 | AV28: =IF(AK28=$E28,1,0) -> 1 | AW28: =AV28+AW27 -> 2 | AX28: =IF(AK28-$E28=1,1,0) -> 0 | AY28: =AX28+AY27 -> 1 | AZ28: =IF(AK28-$E28>=2,1,0) -> 0 | BA28: =AZ28+BA27 -> 0 | BB28: =IF(AM28=0,1,0) -> 0 | BC28: =BB28+BC27 -> 0 | BD28: =IF(AM28=1,1,0) -> 1 | BE28: =BD28+BE27 -> 4 | BF28: =IF(AM28=2,1,0) -> 0 | BG28: =BF28+BG27 -> 1 | BH28: =IF(AM28>=3,1,0) -> 0 | BI28: =BH28+BI27 -> 2 | BL28: =IF($E28=5,AK28-5,NA()) -> 0 | BM28: =AK28-'Zusammenfassung Tag1-4'!$C$2/18 -> 4.4444444 | BN28: =BM28+BN27 -> 96.333333 | BO28: 6 | BP28: =BO28+BP27 -> 126 | BQ28: 2 | BR28: =BQ28+BR27 -> 49 | BS28: =IF(BO28-BQ28<=$E28-2,1,0) -> 0 | BT28: =BS28+BT27 -> 5 | BU28: =IF(BS28=0,IF(BO28=$E28,1,0),0) -> 0 | BV28: =BU28+BV27 -> 0 | BX28: =IF($E28-BO28=1,1,0) -> 0 | BY28: =BX28+BY27 -> 0 | BZ28: =IF(BO28=$E28,1,0) -> 0 | CA28: =BZ28+CA27 -> 0 | CB28: =IF(BO28-$E28=1,1,0) -> 1 | CC28: =CB28+CC27 -> 2 | CD28: =IF(BO28-$E28>=2,1,0) -> 0 | CE28: =CD28+CE27 -> 1 | CF28: =IF(BQ28=0,1,0) -> 0 | CG28: =CF28+CG27 -> 0 | CH28: =IF(BQ28=1,1,0) -> 0 | CI28: =CH28+CI27 -> 1 | CJ28: =IF(BQ28=2,1,0) -> 1 | CK28: =CJ28+CK27 -> 2 | CL28: =IF(BQ28>=3,1,0) -> 0 | CM28: =CL28+CM27 -> 8 | CP28: =IF($E28=5,BO28-5,NA()) -> 1 | CQ28: =BO28-'Zusammenfassung Tag1-4'!$D$2/18 -> 4.9444444 | CR28: =CQ28+CR27 -> 103.83333 | CS28: 6 | CT28: =CS28+CT27 -> 120 | CU28: 3 | CV28: =CU28+CV27 -> 50 | CW28: =IF(CS28-CU28<=$E28-2,1,0) -> 1 | CX28: =CW28+CX27 -> 7 | CY28: =IF(CW28=0,IF(CS28=$E28,1,0),0) -> 0 | CZ28: =CY28+CZ27 -> 0 | DB28: =IF($E28-CS28=1,1,0) -> 0 | DC28: =DB28+DC27 -> 0 | DD28: =IF(CS28=$E28,1,0) -> 0 | DE28: =DD28+DE27 -> 0 | DF28: =IF(CS28-$E28=1,1,0) -> 1 | DG28: =DF28+DG27 -> 2 | DH28: =IF(CS28-$E28>=2,1,0) -> 0 | DI28: =DH28+DI27 -> 1 | DJ28: =IF(CU28=0,1,0) -> 0 | DK28: =DJ28+DK27 -> 0 | DL28: =IF(CU28=1,1,0) -> 0 | DM28: =DL28+DM27 -> 2 | DN28: =IF(CU28=2,1,0) -> 0 | DO28: =DN28+DO27 -> 2 | DP28: =IF(CU28>=3,1,0) -> 1 | DQ28: =DP28+DQ27 -> 9 | DT28: =IF($E28=5,CS28-5,NA()) -> 1 | DU28: =CS28-'Zusammenfassung Tag1-4'!$E$2/18 -> 5 | DV28: =DU28+DV27 -> 99 | DW28: 7 | DX28: 16 | DY28: 2 | DZ28: =DY28+DZ27 -> 51 | EA28: =IF(DW28-DY28<=$E28-2,1,0) -> 0 | EB28: =EA28+EB27 -> 0 | EC28: =IF(EA28=0,IF(DW28=$E28,1,0),0) -> 0 | ED28: =EC28+ED27 -> 0 | EF28: =IF($E28-DW28=1,1,0) -> 0 | EG28: =EF28+EG27 -> 0 | EH28: =IF(DW28=$E28,1,0) -> 0 | EI28: =EH28+EI27 -> 0 | EJ28: =IF(DW28-$E28=1,1,0) -> 0 | EK28: =EJ28+EK27 -> 1 | EL28: =IF(DW28-$E28>=2,1,0) -> 1 | EM28: =EL28+EM27 -> 2 | EN28: =IF(DY28=0,1,0) -> 0 | EO28: =EN28+EO27 -> 0 | EP28: =IF(DY28=1,1,0) -> 0 | EQ28: =EP28+EQ27 -> 0 | ER28: =IF(DY28=2,1,0) -> 1 | ES28: =ER28+ES27 -> 3 | ET28: =IF(DY28>=3,1,0) -> 0 | EU28: =ET28+EU27 -> 8 | EX28: =IF($E28=5,DW28-5,NA()) -> 2 | EY28: =DW28-'Zusammenfassung Tag1-4'!$F$2/18 -> 4.5 | EZ28: =EY28+EZ27 -> 104.5 | FA28: 10 | FB28: 118 | FC28: 2 | FD28: =FC28+FD27 -> 43 | FE28: =IF(FA28-FC28<=$E28-2,1,0) -> 0 | FF28: =FE28+FF27 -> 4 | FG28: =IF(FE28=0,IF(FA28=$E28,1,0),0) -> 0 | FH28: =FG28+FH27 -> 1 | FJ28: =IF($E28-FA28=1,1,0) -> 0 | FK28: =FJ28+FK27 -> 0 | FL28: =IF(FA28=$E28,1,0) -> 0 | FM28: =FL28+FM27 -> 1 | FN28: =IF(FA28-$E28=1,1,0) -> 0 | FO28: =FN28+FO27 -> 0 | FP28: =IF(FA28-$E28>=2,1,0) -> 1 | FQ28: =FP28+FQ27 -> 2 | FR28: =IF(FC28=0,1,0) -> 0 | FS28: =FR28+FS27 -> 0 | FT28: =IF(FC28=1,1,0) -> 0 | FU28: =FT28+FU27 -> 4 | FV28: =IF(FC28=2,1,0) -> 1 | FW28: =FV28+FW27 -> 2 | FX28: =IF(FC28>=3,1,0) -> 0 | FY28: =FX28+FY27 -> 5 | GB28: =IF($E28=5,FA28-5,NA()) -> 5 | GC28: =FA28-'Zusammenfassung Tag1-4'!$G$2/18 -> 8.7222222 | GD28: =GC28+GD27 -> 95.166667 | GE28: 6 | GF28: 155 | GG28: 2 | GH28: =GG28+GH27 -> 41 | GI28: =IF(GE28-GG28<=$E28-2,1,0) -> 0 | GJ28: =GI28+GJ27 -> 1 | GK28: =IF(GI28=0,IF(GE28=$E28,1,0),0) -> 0 | GL28: =GK28+GL27 -> 1 | GN28: =IF($E28-GE28=1,1,0) -> 0 | GO28: =GN28+GO27 -> 0 | GP28: =IF(GE28=$E28,1,0) -> 0 | GQ28: =GP28+GQ27 -> 0 | GR28: =IF(GE28-$E28=1,1,0) -> 1 | GS28: =GR28+GS27 -> 1 | GT28: =IF(GE28-$E28>=2,1,0) -> 0 | GU28: =GT28+GU27 -> 2 | GV28: =IF(GG28=0,1,0) -> 0 | GW28: =GV28+GW27 -> 0 | GX28: =IF(GG28=1,1,0) -> 0 | GY28: =GX28+GY27 -> 4 | GZ28: =IF(GG28=2,1,0) -> 1 | HA28: =GZ28+HA27 -> 2 | HB28: =IF(GG28>=3,1,0) -> 0 | HC28: =HB28+HC27 -> 3 | HF28: =IF($E28=5,GE28-5,NA()) -> 1 | HG28: =GE28-'Zusammenfassung Tag1-4'!$H$2/18 -> 4.2222222 | HH28: =HG28+HH27 -> 106.66667 | HI28: 6 | HJ28: 113 | HK28: 1 | HL28: =HK28+HL27 -> 41 | HM28: =IF(HI28-HK28<=$E28-2,1,0) -> 0 | HN28: =HM28+HN27 -> 2 | HO28: =IF(HM28=0,IF(HI28=$E28,1,0),0) -> 0 | HP28: =HO28+HP27 -> 1 | HR28: =IF($E28-HI28=1,1,0) -> 0 | HS28: =HR28+HS27 -> 0 | HT28: =IF(HI28=$E28,1,0) -> 0 | HU28: =HT28+HU27 -> 0 | HV28: =IF(HI28-$E28=1,1,0) -> 1 | HW28: =HV28+HW27 -> 3 | HX28: =IF(HI28-$E28>=2,1,0) -> 0 | HY28: =HX28+HY27 -> 0 | HZ28: =IF(HK28=0,1,0) -> 0 | IA28: =HZ28+IA27 -> 0 | IB28: =IF(HK28=1,1,0) -> 1 | IC28: =IB28+IC27 -> 4 | ID28: =IF(HK28=2,1,0) -> 0 | IE28: =ID28+IE27 -> 1 | IF28: =IF(HK28>=3,1,0) -> 0 | IG28: =IF28+IG27 -> 3 | IJ28: =IF($E28=5,HI28-5,NA()) -> 1 | IK28: =HI28-'Zusammenfassung Tag1-4'!$I$2/18 -> 5.1111111 | IL28: =IK28+IL27 -> 102.33333 | IM28: 7 | IN28: 26 | IO28: 1 | IP28: =IO28+IP27 -> 54 | IQ28: =IF(IM28-IO28<=$E28-2,1,0) -> 0 | IR28: =IQ28+IR27 -> 5 | IS28: =IF(IQ28=0,IF(IM28=$E28,1,0),0) -> 0 | IT28: =IS28+IT27 -> 0 | IV28: =IF($E28-IM28=1,1,0) -> 0 | IW28: =IV28+IW27 -> 0 | IX28: =IF(IM28=$E28,1,0) -> 0 | IY28: =IX28+IY27 -> 0 | IZ28: =IF(IM28-$E28=1,1,0) -> 0 | JA28: =IZ28+JA27 -> 0 | JB28: =IF(IM28-$E28>=2,1,0) -> 1 | JC28: =JB28+JC27 -> 3 | JD28: =IF(IO28=0,1,0) -> 0 | JE28: =JD28+JE27 -> 0 | JF28: =IF(IO28=1,1,0) -> 1 | JG28: =JF28+JG27 -> 1 | JH28: =IF(IO28=2,1,0) -> 0 | JI28: =JH28+JI27 -> 1 | JJ28: =IF(IO28>=3,1,0) -> 0 | JK28: =JJ28+JK27 -> 10 | JN28: =IF($E28=5,IM28-5,NA()) -> 2 | JO28: =IM28-'Zusammenfassung Tag1-4'!$J$2/18 -> 4.6666667 | JP28: =JO28+JP27 -> 96 | JT28: =JS28+JT27 -> 0 | JU28: =IF(JQ28-JS28<=$E28-2,1,0) -> 1 | JV28: =JU28+JV27 -> 21 | JW28: =IF(JU28=0,IF(JQ28=$E28,1,0),0) -> 0 | JX28: =JW28+JX27 -> 0 | JZ28: =IF($E28-JQ28=1,1,0) -> 0 | KA28: =JZ28+KA27 -> 0 | KB28: =IF(JQ28=$E28,1,0) -> 0 | KC28: =KB28+KC27 -> 0 | KD28: =IF(JQ28-$E28=1,1,0) -> 0 | KE28: =KD28+KE27 -> 0 | KF28: =IF(JQ28-$E28>=2,1,0) -> 0 | KG28: =KF28+KG27 -> 0 | KH28: =IF(JS28=0,1,0) -> 1 | KI28: =KH28+KI27 -> 3 | KJ28: =IF(JS28=1,1,0) -> 0 | KK28: =KJ28+KK27 -> 0 | KL28: =IF(JS28=2,1,0) -> 0 | KM28: =KL28+KM27 -> 0 | KN28: =IF(JS28>=3,1,0) -> 0 | KO28: =KN28+KO27 -> 0 | KR28: =IF($E28=5,JQ28-5,NA()) -> -5 | KS28: =JQ28-'Zusammenfassung Tag1-4'!#REF!/18 -> #REF! | KT28: =KS28+KT27 -> #REF!
C29: 4 | D29: =D28+1 -> 22 | E29: 4 | F29: =E29+F28 -> 90 | G29: 5 | H29: =G29+H28 -> 108 | I29: 2 | J29: =I29+J28 -> 44 | K29: =IF(G29-I29<=$E29-2,1,0) -> 0 | L29: =K29+L28 -> 6 | M29: =IF(K29=0,IF(G29=$E29,1,0),0) -> 0 | N29: =M29+N28 -> 3 | P29: =IF($E29-G29=1,1,0) -> 0 | Q29: =P29+Q28 -> 1 | R29: =IF(G29=$E29,1,0) -> 0 | S29: =R29+S28 -> 0 | T29: =IF(G29-$E29=1,1,0) -> 1 | U29: =T29+U28 -> 2 | V29: =IF(G29-$E29>=2,1,0) -> 0 | W29: =V29+W28 -> 2 | X29: =IF(I29=0,1,0) -> 0 | Y29: =X29+Y28 -> 0 | Z29: =IF(I29=1,1,0) -> 0 | AA29: =Z29+AA28 -> 4 | AB29: =IF(I29=2,1,0) -> 1 | AC29: =AB29+AC28 -> 2 | AD29: =IF(I29>=3,1,0) -> 0 | AE29: =AD29+AE28 -> 3 | AG29: =IF($E29=4,G29-4,NA()) -> 1 | AI29: =G29-'Zusammenfassung Tag1-4'!$B$2/18 -> 4.1666667 | AJ29: =AI29+AJ28 -> 89.666667 | AK29: 4 | AL29: =AK29+AL28 -> 112 | AM29: 1 | AN29: =AM29+AN28 -> 41 | AO29: =IF(AK29-AM29<=$E29-2,1,0) -> 0 | AP29: =AO29+AP28 -> 9 | AQ29: =IF(AO29=0,IF(AK29=$E29,1,0),0) -> 1 | AR29: =AQ29+AR28 -> 3 | AT29: =IF($E29-AK29=1,1,0) -> 0 | AU29: =AT29+AU28 -> 0 | AV29: =IF(AK29=$E29,1,0) -> 1 | AW29: =AV29+AW28 -> 3 | AX29: =IF(AK29-$E29=1,1,0) -> 0 | AY29: =AX29+AY28 -> 1 | AZ29: =IF(AK29-$E29>=2,1,0) -> 0 | BA29: =AZ29+BA28 -> 0 | BB29: =IF(AM29=0,1,0) -> 0 | BC29: =BB29+BC28 -> 0 | BD29: =IF(AM29=1,1,0) -> 1 | BE29: =BD29+BE28 -> 5 | BF29: =IF(AM29=2,1,0) -> 0 | BG29: =BF29+BG28 -> 1 | BH29: =IF(AM29>=3,1,0) -> 0 | BI29: =BH29+BI28 -> 2 | BK29: =IF($E29=4,AK29-4,NA()) -> 0 | BM29: =AK29-'Zusammenfassung Tag1-4'!$C$2/18 -> 3.4444444 | BN29: =BM29+BN28 -> 99.777778 | BO29: 8 | BP29: =BO29+BP28 -> 134 | BQ29: 2 | BR29: =BQ29+BR28 -> 51 | BS29: =IF(BO29-BQ29<=$E29-2,1,0) -> 0 | BT29: =BS29+BT28 -> 5 | BU29: =IF(BS29=0,IF(BO29=$E29,1,0),0) -> 0 | BV29: =BU29+BV28 -> 0 | BX29: =IF($E29-BO29=1,1,0) -> 0 | BY29: =BX29+BY28 -> 0 | BZ29: =IF(BO29=$E29,1,0) -> 0 | CA29: =BZ29+CA28 -> 0 | CB29: =IF(BO29-$E29=1,1,0) -> 0 | CC29: =CB29+CC28 -> 2 | CD29: =IF(BO29-$E29>=2,1,0) -> 1 | CE29: =CD29+CE28 -> 2 | CF29: =IF(BQ29=0,1,0) -> 0 | CG29: =CF29+CG28 -> 0 | CH29: =IF(BQ29=1,1,0) -> 0 | CI29: =CH29+CI28 -> 1 | CJ29: =IF(BQ29=2,1,0) -> 1 | CK29: =CJ29+CK28 -> 3 | CL29: =IF(BQ29>=3,1,0) -> 0 | CM29: =CL29+CM28 -> 8 | CO29: =IF($E29=4,BO29-4,NA()) -> 4 | CQ29: =BO29-'Zusammenfassung Tag1-4'!$D$2/18 -> 6.9444444 | CR29: =CQ29+CR28 -> 110.77778 | CS29: 4 | CT29: =CS29+CT28 -> 124 | CU29: 2 | CV29: =CU29+CV28 -> 52 | CW29: =IF(CS29-CU29<=$E29-2,1,0) -> 1 | CX29: =CW29+CX28 -> 8 | CY29: =IF(CW29=0,IF(CS29=$E29,1,0),0) -> 0 | CZ29: =CY29+CZ28 -> 0 | DB29: =IF($E29-CS29=1,1,0) -> 0 | DC29: =DB29+DC28 -> 0 | DD29: =IF(CS29=$E29,1,0) -> 1 | DE29: =DD29+DE28 -> 1 | DF29: =IF(CS29-$E29=1,1,0) -> 0 | DG29: =DF29+DG28 -> 2 | DH29: =IF(CS29-$E29>=2,1,0) -> 0 | DI29: =DH29+DI28 -> 1 | DJ29: =IF(CU29=0,1,0) -> 0 | DK29: =DJ29+DK28 -> 0 | DL29: =IF(CU29=1,1,0) -> 0 | DM29: =DL29+DM28 -> 2 | DN29: =IF(CU29=2,1,0) -> 1 | DO29: =DN29+DO28 -> 3 | DP29: =IF(CU29>=3,1,0) -> 0 | DQ29: =DP29+DQ28 -> 9 | DS29: =IF($E29=4,CS29-4,NA()) -> 0 | DU29: =CS29-'Zusammenfassung Tag1-4'!$E$2/18 -> 3 | DV29: =DU29+DV28 -> 102 | DW29: 8 | DX29: 23 | DY29: 3 | DZ29: =DY29+DZ28 -> 54 | EA29: =IF(DW29-DY29<=$E29-2,1,0) -> 0 | EB29: =EA29+EB28 -> 0 | EC29: =IF(EA29=0,IF(DW29=$E29,1,0),0) -> 0 | ED29: =EC29+ED28 -> 0 | EF29: =IF($E29-DW29=1,1,0) -> 0 | EG29: =EF29+EG28 -> 0 | EH29: =IF(DW29=$E29,1,0) -> 0 | EI29: =EH29+EI28 -> 0 | EJ29: =IF(DW29-$E29=1,1,0) -> 0 | EK29: =EJ29+EK28 -> 1 | EL29: =IF(DW29-$E29>=2,1,0) -> 1 | EM29: =EL29+EM28 -> 3 | EN29: =IF(DY29=0,1,0) -> 0 | EO29: =EN29+EO28 -> 0 | EP29: =IF(DY29=1,1,0) -> 0 | EQ29: =EP29+EQ28 -> 0 | ER29: =IF(DY29=2,1,0) -> 0 | ES29: =ER29+ES28 -> 3 | ET29: =IF(DY29>=3,1,0) -> 1 | EU29: =ET29+EU28 -> 9 | EW29: =IF($E29=4,DW29-4,NA()) -> 4 | EY29: =DW29-'Zusammenfassung Tag1-4'!$F$2/18 -> 5.5 | EZ29: =EY29+EZ28 -> 110 | FA29: 5 | FB29: 124 | FC29: 1 | FD29: =FC29+FD28 -> 44 | FE29: =IF(FA29-FC29<=$E29-2,1,0) -> 0 | FF29: =FE29+FF28 -> 4 | FG29: =IF(FE29=0,IF(FA29=$E29,1,0),0) -> 0 | FH29: =FG29+FH28 -> 1 | FJ29: =IF($E29-FA29=1,1,0) -> 0 | FK29: =FJ29+FK28 -> 0 | FL29: =IF(FA29=$E29,1,0) -> 0 | FM29: =FL29+FM28 -> 1 | FN29: =IF(FA29-$E29=1,1,0) -> 1 | FO29: =FN29+FO28 -> 1 | FP29: =IF(FA29-$E29>=2,1,0) -> 0 | FQ29: =FP29+FQ28 -> 2 | FR29: =IF(FC29=0,1,0) -> 0 | FS29: =FR29+FS28 -> 0 | FT29: =IF(FC29=1,1,0) -> 1 | FU29: =FT29+FU28 -> 5 | FV29: =IF(FC29=2,1,0) -> 0 | FW29: =FV29+FW28 -> 2 | FX29: =IF(FC29>=3,1,0) -> 0 | FY29: =FX29+FY28 -> 5 | GA29: =IF($E29=4,FA29-4,NA()) -> 1 | GC29: =FA29-'Zusammenfassung Tag1-4'!$G$2/18 -> 3.7222222 | GD29: =GC29+GD28 -> 98.888889 | GE29: 7 | GF29: 160 | GG29: 1 | GH29: =GG29+GH28 -> 42 | GI29: =IF(GE29-GG29<=$E29-2,1,0) -> 0 | GJ29: =GI29+GJ28 -> 1 | GK29: =IF(GI29=0,IF(GE29=$E29,1,0),0) -> 0 | GL29: =GK29+GL28 -> 1 | GN29: =IF($E29-GE29=1,1,0) -> 0 | GO29: =GN29+GO28 -> 0 | GP29: =IF(GE29=$E29,1,0) -> 0 | GQ29: =GP29+GQ28 -> 0 | GR29: =IF(GE29-$E29=1,1,0) -> 0 | GS29: =GR29+GS28 -> 1 | GT29: =IF(GE29-$E29>=2,1,0) -> 1 | GU29: =GT29+GU28 -> 3 | GV29: =IF(GG29=0,1,0) -> 0 | GW29: =GV29+GW28 -> 0 | GX29: =IF(GG29=1,1,0) -> 1 | GY29: =GX29+GY28 -> 5 | GZ29: =IF(GG29=2,1,0) -> 0 | HA29: =GZ29+HA28 -> 2 | HB29: =IF(GG29>=3,1,0) -> 0 | HC29: =HB29+HC28 -> 3 | HE29: =IF($E29=4,GE29-4,NA()) -> 3 | HG29: =GE29-'Zusammenfassung Tag1-4'!$H$2/18 -> 5.2222222 | HH29: =HG29+HH28 -> 111.88889 | HI29: 6 | HJ29: 118 | HK29: 3 | HL29: =HK29+HL28 -> 44 | HM29: =IF(HI29-HK29<=$E29-2,1,0) -> 0 | HN29: =HM29+HN28 -> 2 | HO29: =IF(HM29=0,IF(HI29=$E29,1,0),0) -> 0 | HP29: =HO29+HP28 -> 1 | HR29: =IF($E29-HI29=1,1,0) -> 0 | HS29: =HR29+HS28 -> 0 | HT29: =IF(HI29=$E29,1,0) -> 0 | HU29: =HT29+HU28 -> 0 | HV29: =IF(HI29-$E29=1,1,0) -> 0 | HW29: =HV29+HW28 -> 3 | HX29: =IF(HI29-$E29>=2,1,0) -> 1 | HY29: =HX29+HY28 -> 1 | HZ29: =IF(HK29=0,1,0) -> 0 | IA29: =HZ29+IA28 -> 0 | IB29: =IF(HK29=1,1,0) -> 0 | IC29: =IB29+IC28 -> 4 | ID29: =IF(HK29=2,1,0) -> 0 | IE29: =ID29+IE28 -> 1 | IF29: =IF(HK29>=3,1,0) -> 1 | IG29: =IF29+IG28 -> 4 | II29: =IF($E29=4,HI29-4,NA()) -> 2 | IK29: =HI29-'Zusammenfassung Tag1-4'!$I$2/18 -> 5.1111111 | IL29: =IK29+IL28 -> 107.44444 | IM29: 5 | IN29: 36 | IO29: 2 | IP29: =IO29+IP28 -> 56 | IQ29: =IF(IM29-IO29<=$E29-2,1,0) -> 0 | IR29: =IQ29+IR28 -> 5 | IS29: =IF(IQ29=0,IF(IM29=$E29,1,0),0) -> 0 | IT29: =IS29+IT28 -> 0 | IV29: =IF($E29-IM29=1,1,0) -> 0 | IW29: =IV29+IW28 -> 0 | IX29: =IF(IM29=$E29,1,0) -> 0 | IY29: =IX29+IY28 -> 0 | IZ29: =IF(IM29-$E29=1,1,0) -> 1 | JA29: =IZ29+JA28 -> 1 | JB29: =IF(IM29-$E29>=2,1,0) -> 0 | JC29: =JB29+JC28 -> 3 | JD29: =IF(IO29=0,1,0) -> 0 | JE29: =JD29+JE28 -> 0 | JF29: =IF(IO29=1,1,0) -> 0 | JG29: =JF29+JG28 -> 1 | JH29: =IF(IO29=2,1,0) -> 1 | JI29: =JH29+JI28 -> 2 | JJ29: =IF(IO29>=3,1,0) -> 0 | JK29: =JJ29+JK28 -> 10 | JM29: =IF($E29=4,IM29-4,NA()) -> 1 | JO29: =IM29-'Zusammenfassung Tag1-4'!$J$2/18 -> 2.6666667 | JP29: =JO29+JP28 -> 98.666667 | JT29: =JS29+JT28 -> 0 | JU29: =IF(JQ29-JS29<=$E29-2,1,0) -> 1 | JV29: =JU29+JV28 -> 22 | JW29: =IF(JU29=0,IF(JQ29=$E29,1,0),0) -> 0 | JX29: =JW29+JX28 -> 0 | JZ29: =IF($E29-JQ29=1,1,0) -> 0 | KA29: =JZ29+KA28 -> 0 | KB29: =IF(JQ29=$E29,1,0) -> 0 | KC29: =KB29+KC28 -> 0 | KD29: =IF(JQ29-$E29=1,1,0) -> 0 | KE29: =KD29+KE28 -> 0 | KF29: =IF(JQ29-$E29>=2,1,0) -> 0 | KG29: =KF29+KG28 -> 0 | KH29: =IF(JS29=0,1,0) -> 1 | KI29: =KH29+KI28 -> 4 | KJ29: =IF(JS29=1,1,0) -> 0 | KK29: =KJ29+KK28 -> 0 | KL29: =IF(JS29=2,1,0) -> 0 | KM29: =KL29+KM28 -> 0 | KN29: =IF(JS29>=3,1,0) -> 0 | KO29: =KN29+KO28 -> 0 | KQ29: =IF($E29=4,JQ29-4,NA()) -> -4 | KS29: =JQ29-'Zusammenfassung Tag1-4'!#REF!/18 -> #REF! | KT29: =KS29+KT28 -> #REF!
C30: 5 | D30: =D29+1 -> 23 | E30: 4 | F30: =E30+F29 -> 94 | G30: 5 | H30: =G30+H29 -> 113 | I30: 2 | J30: =I30+J29 -> 46 | K30: =IF(G30-I30<=$E30-2,1,0) -> 0 | L30: =K30+L29 -> 6 | M30: =IF(K30=0,IF(G30=$E30,1,0),0) -> 0 | N30: =M30+N29 -> 3 | P30: =IF($E30-G30=1,1,0) -> 0 | Q30: =P30+Q29 -> 1 | R30: =IF(G30=$E30,1,0) -> 0 | S30: =R30+S29 -> 0 | T30: =IF(G30-$E30=1,1,0) -> 1 | U30: =T30+U29 -> 3 | V30: =IF(G30-$E30>=2,1,0) -> 0 | W30: =V30+W29 -> 2 | X30: =IF(I30=0,1,0) -> 0 | Y30: =X30+Y29 -> 0 | Z30: =IF(I30=1,1,0) -> 0 | AA30: =Z30+AA29 -> 4 | AB30: =IF(I30=2,1,0) -> 1 | AC30: =AB30+AC29 -> 3 | AD30: =IF(I30>=3,1,0) -> 0 | AE30: =AD30+AE29 -> 3 | AG30: =IF($E30=4,G30-4,NA()) -> 1 | AI30: =G30-'Zusammenfassung Tag1-4'!$B$2/18 -> 4.1666667 | AJ30: =AI30+AJ29 -> 93.833333 | AK30: 4 | AL30: =AK30+AL29 -> 116 | AM30: 1 | AN30: =AM30+AN29 -> 42 | AO30: =IF(AK30-AM30<=$E30-2,1,0) -> 0 | AP30: =AO30+AP29 -> 9 | AQ30: =IF(AO30=0,IF(AK30=$E30,1,0),0) -> 1 | AR30: =AQ30+AR29 -> 4 | AT30: =IF($E30-AK30=1,1,0) -> 0 | AU30: =AT30+AU29 -> 0 | AV30: =IF(AK30=$E30,1,0) -> 1 | AW30: =AV30+AW29 -> 4 | AX30: =IF(AK30-$E30=1,1,0) -> 0 | AY30: =AX30+AY29 -> 1 | AZ30: =IF(AK30-$E30>=2,1,0) -> 0 | BA30: =AZ30+BA29 -> 0 | BB30: =IF(AM30=0,1,0) -> 0 | BC30: =BB30+BC29 -> 0 | BD30: =IF(AM30=1,1,0) -> 1 | BE30: =BD30+BE29 -> 6 | BF30: =IF(AM30=2,1,0) -> 0 | BG30: =BF30+BG29 -> 1 | BH30: =IF(AM30>=3,1,0) -> 0 | BI30: =BH30+BI29 -> 2 | BK30: =IF($E30=4,AK30-4,NA()) -> 0 | BM30: =AK30-'Zusammenfassung Tag1-4'!$C$2/18 -> 3.4444444 | BN30: =BM30+BN29 -> 103.22222 | BO30: 4 | BP30: =BO30+BP29 -> 138 | BQ30: 2 | BR30: =BQ30+BR29 -> 53 | BS30: =IF(BO30-BQ30<=$E30-2,1,0) -> 1 | BT30: =BS30+BT29 -> 6 | BU30: =IF(BS30=0,IF(BO30=$E30,1,0),0) -> 0 | BV30: =BU30+BV29 -> 0 | BX30: =IF($E30-BO30=1,1,0) -> 0 | BY30: =BX30+BY29 -> 0 | BZ30: =IF(BO30=$E30,1,0) -> 1 | CA30: =BZ30+CA29 -> 1 | CB30: =IF(BO30-$E30=1,1,0) -> 0 | CC30: =CB30+CC29 -> 2 | CD30: =IF(BO30-$E30>=2,1,0) -> 0 | CE30: =CD30+CE29 -> 2 | CF30: =IF(BQ30=0,1,0) -> 0 | CG30: =CF30+CG29 -> 0 | CH30: =IF(BQ30=1,1,0) -> 0 | CI30: =CH30+CI29 -> 1 | CJ30: =IF(BQ30=2,1,0) -> 1 | CK30: =CJ30+CK29 -> 4 | CL30: =IF(BQ30>=3,1,0) -> 0 | CM30: =CL30+CM29 -> 8 | CO30: =IF($E30=4,BO30-4,NA()) -> 0 | CQ30: =BO30-'Zusammenfassung Tag1-4'!$D$2/18 -> 2.9444444 | CR30: =CQ30+CR29 -> 113.72222 | CS30: 4 | CT30: =CS30+CT29 -> 128 | CU30: 2 | CV30: =CU30+CV29 -> 54 | CW30: =IF(CS30-CU30<=$E30-2,1,0) -> 1 | CX30: =CW30+CX29 -> 9 | CY30: =IF(CW30=0,IF(CS30=$E30,1,0),0) -> 0 | CZ30: =CY30+CZ29 -> 0 | DB30: =IF($E30-CS30=1,1,0) -> 0 | DC30: =DB30+DC29 -> 0 | DD30: =IF(CS30=$E30,1,0) -> 1 | DE30: =DD30+DE29 -> 2 | DF30: =IF(CS30-$E30=1,1,0) -> 0 | DG30: =DF30+DG29 -> 2 | DH30: =IF(CS30-$E30>=2,1,0) -> 0 | DI30: =DH30+DI29 -> 1 | DJ30: =IF(CU30=0,1,0) -> 0 | DK30: =DJ30+DK29 -> 0 | DL30: =IF(CU30=1,1,0) -> 0 | DM30: =DL30+DM29 -> 2 | DN30: =IF(CU30=2,1,0) -> 1 | DO30: =DN30+DO29 -> 4 | DP30: =IF(CU30>=3,1,0) -> 0 | DQ30: =DP30+DQ29 -> 9 | DS30: =IF($E30=4,CS30-4,NA()) -> 0 | DU30: =CS30-'Zusammenfassung Tag1-4'!$E$2/18 -> 3 | DV30: =DU30+DV29 -> 105 | DW30: 6 | DX30: 29 | DY30: 2 | DZ30: =DY30+DZ29 -> 56 | EA30: =IF(DW30-DY30<=$E30-2,1,0) -> 0 | EB30: =EA30+EB29 -> 0 | EC30: =IF(EA30=0,IF(DW30=$E30,1,0),0) -> 0 | ED30: =EC30+ED29 -> 0 | EF30: =IF($E30-DW30=1,1,0) -> 0 | EG30: =EF30+EG29 -> 0 | EH30: =IF(DW30=$E30,1,0) -> 0 | EI30: =EH30+EI29 -> 0 | EJ30: =IF(DW30-$E30=1,1,0) -> 0 | EK30: =EJ30+EK29 -> 1 | EL30: =IF(DW30-$E30>=2,1,0) -> 1 | EM30: =EL30+EM29 -> 4 | EN30: =IF(DY30=0,1,0) -> 0 | EO30: =EN30+EO29 -> 0 | EP30: =IF(DY30=1,1,0) -> 0 | EQ30: =EP30+EQ29 -> 0 | ER30: =IF(DY30=2,1,0) -> 1 | ES30: =ER30+ES29 -> 4 | ET30: =IF(DY30>=3,1,0) -> 0 | EU30: =ET30+EU29 -> 9 | EW30: =IF($E30=4,DW30-4,NA()) -> 2 | EY30: =DW30-'Zusammenfassung Tag1-4'!$F$2/18 -> 3.5 | EZ30: =EY30+EZ29 -> 113.5 | FA30: 5 | FB30: 129 | FC30: 2 | FD30: =FC30+FD29 -> 46 | FE30: =IF(FA30-FC30<=$E30-2,1,0) -> 0 | FF30: =FE30+FF29 -> 4 | FG30: =IF(FE30=0,IF(FA30=$E30,1,0),0) -> 0 | FH30: =FG30+FH29 -> 1 | FJ30: =IF($E30-FA30=1,1,0) -> 0 | FK30: =FJ30+FK29 -> 0 | FL30: =IF(FA30=$E30,1,0) -> 0 | FM30: =FL30+FM29 -> 1 | FN30: =IF(FA30-$E30=1,1,0) -> 1 | FO30: =FN30+FO29 -> 2 | FP30: =IF(FA30-$E30>=2,1,0) -> 0 | FQ30: =FP30+FQ29 -> 2 | FR30: =IF(FC30=0,1,0) -> 0 | FS30: =FR30+FS29 -> 0 | FT30: =IF(FC30=1,1,0) -> 0 | FU30: =FT30+FU29 -> 5 | FV30: =IF(FC30=2,1,0) -> 1 | FW30: =FV30+FW29 -> 3 | FX30: =IF(FC30>=3,1,0) -> 0 | FY30: =FX30+FY29 -> 5 | GA30: =IF($E30=4,FA30-4,NA()) -> 1 | GC30: =FA30-'Zusammenfassung Tag1-4'!$G$2/18 -> 3.7222222 | GD30: =GC30+GD29 -> 102.61111 | GE30: 5 | GF30: 170 | GG30: 2 | GH30: =GG30+GH29 -> 44 | GI30: =IF(GE30-GG30<=$E30-2,1,0) -> 0 | GJ30: =GI30+GJ29 -> 1 | GK30: =IF(GI30=0,IF(GE30=$E30,1,0),0) -> 0 | GL30: =GK30+GL29 -> 1 | GN30: =IF($E30-GE30=1,1,0) -> 0 | GO30: =GN30+GO29 -> 0 | GP30: =IF(GE30=$E30,1,0) -> 0 | GQ30: =GP30+GQ29 -> 0 | GR30: =IF(GE30-$E30=1,1,0) -> 1 | GS30: =GR30+GS29 -> 2 | GT30: =IF(GE30-$E30>=2,1,0) -> 0 | GU30: =GT30+GU29 -> 3 | GV30: =IF(GG30=0,1,0) -> 0 | GW30: =GV30+GW29 -> 0 | GX30: =IF(GG30=1,1,0) -> 0 | GY30: =GX30+GY29 -> 5 | GZ30: =IF(GG30=2,1,0) -> 1 | HA30: =GZ30+HA29 -> 3 | HB30: =IF(GG30>=3,1,0) -> 0 | HC30: =HB30+HC29 -> 3 | HE30: =IF($E30=4,GE30-4,NA()) -> 1 | HG30: =GE30-'Zusammenfassung Tag1-4'!$H$2/18 -> 3.2222222 | HH30: =HG30+HH29 -> 115.11111 | HI30: 6 | HJ30: 123 | HK30: 3 | HL30: =HK30+HL29 -> 47 | HM30: =IF(HI30-HK30<=$E30-2,1,0) -> 0 | HN30: =HM30+HN29 -> 2 | HO30: =IF(HM30=0,IF(HI30=$E30,1,0),0) -> 0 | HP30: =HO30+HP29 -> 1 | HR30: =IF($E30-HI30=1,1,0) -> 0 | HS30: =HR30+HS29 -> 0 | HT30: =IF(HI30=$E30,1,0) -> 0 | HU30: =HT30+HU29 -> 0 | HV30: =IF(HI30-$E30=1,1,0) -> 0 | HW30: =HV30+HW29 -> 3 | HX30: =IF(HI30-$E30>=2,1,0) -> 1 | HY30: =HX30+HY29 -> 2 | HZ30: =IF(HK30=0,1,0) -> 0 | IA30: =HZ30+IA29 -> 0 | IB30: =IF(HK30=1,1,0) -> 0 | IC30: =IB30+IC29 -> 4 | ID30: =IF(HK30=2,1,0) -> 0 | IE30: =ID30+IE29 -> 1 | IF30: =IF(HK30>=3,1,0) -> 1 | IG30: =IF30+IG29 -> 5 | II30: =IF($E30=4,HI30-4,NA()) -> 2 | IK30: =HI30-'Zusammenfassung Tag1-4'!$I$2/18 -> 5.1111111 | IL30: =IK30+IL29 -> 112.55556 | IM30: 7 | IN30: 43 | IO30: 4 | IP30: =IO30+IP29 -> 60 | IQ30: =IF(IM30-IO30<=$E30-2,1,0) -> 0 | IR30: =IQ30+IR29 -> 5 | IS30: =IF(IQ30=0,IF(IM30=$E30,1,0),0) -> 0 | IT30: =IS30+IT29 -> 0 | IV30: =IF($E30-IM30=1,1,0) -> 0 | IW30: =IV30+IW29 -> 0 | IX30: =IF(IM30=$E30,1,0) -> 0 | IY30: =IX30+IY29 -> 0 | IZ30: =IF(IM30-$E30=1,1,0) -> 0 | JA30: =IZ30+JA29 -> 1 | JB30: =IF(IM30-$E30>=2,1,0) -> 1 | JC30: =JB30+JC29 -> 4 | JD30: =IF(IO30=0,1,0) -> 0 | JE30: =JD30+JE29 -> 0 | JF30: =IF(IO30=1,1,0) -> 0 | JG30: =JF30+JG29 -> 1 | JH30: =IF(IO30=2,1,0) -> 0 | JI30: =JH30+JI29 -> 2 | JJ30: =IF(IO30>=3,1,0) -> 1 | JK30: =JJ30+JK29 -> 11 | JM30: =IF($E30=4,IM30-4,NA()) -> 3 | JO30: =IM30-'Zusammenfassung Tag1-4'!$J$2/18 -> 4.6666667 | JP30: =JO30+JP29 -> 103.33333 | JT30: =JS30+JT29 -> 0 | JU30: =IF(JQ30-JS30<=$E30-2,1,0) -> 1 | JV30: =JU30+JV29 -> 23 | JW30: =IF(JU30=0,IF(JQ30=$E30,1,0),0) -> 0 | JX30: =JW30+JX29 -> 0 | JZ30: =IF($E30-JQ30=1,1,0) -> 0 | KA30: =JZ30+KA29 -> 0 | KB30: =IF(JQ30=$E30,1,0) -> 0 | KC30: =KB30+KC29 -> 0 | KD30: =IF(JQ30-$E30=1,1,0) -> 0 | KE30: =KD30+KE29 -> 0 | KF30: =IF(JQ30-$E30>=2,1,0) -> 0 | KG30: =KF30+KG29 -> 0 | KH30: =IF(JS30=0,1,0) -> 1 | KI30: =KH30+KI29 -> 5 | KJ30: =IF(JS30=1,1,0) -> 0 | KK30: =KJ30+KK29 -> 0 | KL30: =IF(JS30=2,1,0) -> 0 | KM30: =KL30+KM29 -> 0 | KN30: =IF(JS30>=3,1,0) -> 0 | KO30: =KN30+KO29 -> 0 | KQ30: =IF($E30=4,JQ30-4,NA()) -> -4 | KS30: =JQ30-'Zusammenfassung Tag1-4'!#REF!/18 -> #REF! | KT30: =KS30+KT29 -> #REF!
